target,inputs,rho,R2,NRMSE,is_baseline
HPT_eff_mod,T30+T48+P24,0.63106515450887,0.718445009551409,0.5306175557297281,False
HPT_eff_mod,T24+T48+P24,0.6309872101430836,0.45384882997377873,0.7390204124557193,False
HPT_eff_mod,Wf+T48+P21,0.6309812596351474,0.438809452746317,0.7491265228609137,False
HPT_eff_mod,Wf+T48+P15,0.6302964822555672,0.43009054504006594,0.7549234762278454,False
HPT_eff_mod,T24+T30+T48,0.6302639135822631,0.7277243064003577,0.5218004346487672,False
HPT_eff_mod,Wf+T48+P24,0.6301224227199952,0.42919155985088076,0.7555186563871996,False
HPT_eff_mod,T48+P15+Ps30,0.6301062977510463,0.42748582713479766,0.7566466631560615,False
HPT_eff_mod,Wf+T24+T50,0.6299160616265226,0.40513170975438095,0.7712770515486761,False
HPT_eff_mod,T48+T50+P50,0.6298628234914394,0.4597965052808095,0.7349853704116774,False
HPT_eff_mod,T48+P15+P21,0.6296527370232649,0.4197050410752555,0.7617709359937177,False
HPT_eff_mod,T48+P24+P50,0.6296299597518888,0.49696127806729085,0.7092522273019024,False
HPT_eff_mod,Wf+T50+P15,0.6295903872734141,0.3930376793433761,0.7790778655927943,False
HPT_eff_mod,T30+T48+P50,0.6295212067360348,0.7670970673957627,0.4826001788273989,False
HPT_eff_mod,Wf+T50+P21,0.6294134520339264,0.41237326229953086,0.7665681559394895,False
HPT_eff_mod,T48+P15+P50,0.6293076055984256,0.5012198366766853,0.7062436996698198,False
HPT_eff_mod,T48+P21+P50,0.629252172045534,0.49572706647630616,0.7101217737287697,False
HPT_eff_mod,T24+T50+P50,0.6292329165396852,0.4497188794580631,0.7418093559277458,False
HPT_eff_mod,T24+T48+P21,0.6292060550704518,0.42378910044821927,0.7590855680038852,False
HPT_eff_mod,T24+T50+P21,0.6290885670171074,0.4357597346377501,0.7511592809532809,False
HPT_eff_mod,Nf+T24+T48,0.6286721416830169,0.42220466797927303,0.7601284970455502,False
HPT_eff_mod,T24+T50+P15,0.628669059319562,0.43489533393988766,0.7517344385220838,False
HPT_eff_mod,T24+T48+P15,0.6285607157688688,0.44769792252004126,0.7431702883457861,False
HPT_eff_mod,Nc+T48+P40,0.6282729551004811,0.7549347215033432,0.49504068367827797,False
HPT_eff_mod,T24+T48+T50,0.6281976521800703,0.44088037269978,0.7477430222343905,False
HPT_eff_mod,T48+P24+P40,0.6281278765417369,0.5343113740576824,0.6824138230885404,False
HPT_eff_mod,T50+P21+P50,0.6280701450764979,0.46002901908756166,0.7348271775815306,False
HPT_eff_mod,T50+P15+P50,0.6280701450764979,0.4599969833701808,0.7348489753886981,False
HPT_eff_mod,T30+T50+Ps30,0.6279607166221365,0.7707639367779554,0.47878603072984977,False
HPT_eff_mod,T48+T50+P40,0.6279386948845848,0.4951642483206916,0.7105179460642134,False
HPT_eff_mod,Wf+T48+Ps30,0.6274064032581883,0.4820919036998049,0.7196583191349873,False
HPT_eff_mod,T24+T48+P50,0.6273455410476193,0.456047835412804,0.7375311278767805,False
HPT_eff_mod,Wf+T24+T48,0.6272337316873102,0.4300717588624827,0.7549359185636337,False
HPT_eff_mod,T24+T48+P40,0.6270620440299252,0.4925845022685976,0.712331031004127,False
HPT_eff_mod,Wf+T48+P40,0.6269382890856124,0.4846828034255938,0.7178559720267056,False
HPT_eff_mod,T50+P21+Ps30,0.6269014555302295,0.5084930650038708,0.701075555839832,False
HPT_eff_mod,Nc+T48+T50,0.6268705196954047,0.7342930158628196,0.5154677333618279,False
HPT_eff_mod,T48+T50+P21,0.6262015439505529,0.43727756575012167,0.7501482748429663,False
HPT_eff_mod,T48+P21+P40,0.6259830204258414,0.5317191292370411,0.6843105075643358,False
HPT_eff_mod,Nc+T48+P50,0.6259726289113162,0.7497129851191169,0.5002869325505946,False
HPT_eff_mod,T50+P15+P21,0.6259221093128559,0.38455634985950204,0.7845021670718941,False
HPT_eff_mod,Wf+T50+Ps30,0.625854743527687,0.46580669414818343,0.7308852891198568,False
HPT_eff_mod,T48+P21+Ps30,0.6256487254656231,0.515333496176757,0.6961799363837219,False
HPT_eff_mod,T50+P15+Ps30,0.6255037174316869,0.512540407699343,0.6981830650342767,False
HPT_eff_mod,T48+P15+P40,0.6254522359315554,0.5500945913180383,0.6707498853387616,False
HPT_eff_mod,T48+T50+P15,0.625316340626226,0.4345621705230217,0.7519560023545117,False
HPT_eff_mod,Wf+T50+P40,0.6251780834374823,0.4609120255389231,0.7342261058155567,False
HPT_eff_mod,T48+T50+Ps30,0.6250691973476529,0.47504576733063486,0.7245372541625208,False
HPT_eff_mod,T30+T48+Ps30,0.625020392110463,0.7746861500589538,0.47467236062472207,False
HPT_eff_mod,T48+P21+P24,0.6249689625832877,0.42652637211420175,0.757280415622772,False
HPT_eff_mod,T50+Ps30+P50,0.624726637607041,0.4815857542150226,0.7200098928382704,False
HPT_eff_mod,Wf+T50+P50,0.6246940373316442,0.3588737619576443,0.8007035893777146,False
HPT_eff_mod,Nc+T30+T48,0.6246886610713368,0.711242608184392,0.5373615094288091,False
HPT_eff_mod,Wf+T48+P50,0.6246008948186778,0.39328829156652434,0.778917009978262,False
HPT_eff_mod,T50+P24+P40,0.6245142753301919,0.5345929859111886,0.6822074567818879,False
HPT_eff_mod,T24+T50+Ps30,0.6242110907609945,0.4857643857099765,0.7171022341967871,False
HPT_eff_mod,T50+P21+P40,0.6241781640652602,0.5235462966858585,0.6902562591633209,False
HPT_eff_mod,Wf+T50+P24,0.6241339332987516,0.4477443534785649,0.7431390492508352,False
HPT_eff_mod,T48+P40+P50,0.6239274473516825,0.5170456260615557,0.6949491880263221,False
HPT_eff_mod,Wf+Nc+T50,0.6237717575963851,0.7427455283687444,0.5072025942670795,False
HPT_eff_mod,Nc+T48+Ps30,0.6236564615787518,0.7045965049053773,0.543510344974797,False
HPT_eff_mod,T50+P40+P50,0.6236364372781695,0.5165986924299282,0.695270672163059,False
HPT_eff_mod,Nc+T24+T48,0.6236313222880192,0.7176293194930377,0.5313856231654771,False
HPT_eff_mod,Nf+T48+Ps30,0.623530079860767,0.47177273865151914,0.7267924472285612,False
HPT_eff_mod,Nc+T48+P21,0.6234598248844896,0.7235496542614785,0.5257854559975214,False
HPT_eff_mod,Wf+T48+T50,0.6234179639157019,0.37768091532974457,0.7888720331398847,False
HPT_eff_mod,Nc+T48+P15,0.6234135972579739,0.6950216990235705,0.5522484051370631,False
HPT_eff_mod,T24+T48+Ps30,0.6234069497235023,0.49817861875182534,0.7083935214611825,False
HPT_eff_mod,Nc+T48+P24,0.6230225900714035,0.6979336218853526,0.5496056569165273,False
HPT_eff_mod,T30+T50+P50,0.6229344555254518,0.8059654942236499,0.44049347983409487,False
HPT_eff_mod,Nf+T30+T50,0.622536469733914,0.7059948476929523,0.5422224195909349,False
HPT_eff_mod,T48+P15+P24,0.6224526755555917,0.48082999914454605,0.7205345244021649,False
HPT_eff_mod,T30+T50+P21,0.622349452571262,0.7236489556951295,0.5256910160016723,False
HPT_eff_mod,T30+T50+P15,0.622349452571262,0.7236487958445413,0.5256911680401894,False
HPT_eff_mod,T30+T48+T50,0.622334183408023,0.7323990343425018,0.5173016196161562,False
HPT_eff_mod,Nc+T50+P40,0.6223213369921891,0.7512509228012558,0.4987475084636957,False
HPT_eff_mod,Nc+T24+T50,0.6220197763220562,0.7400767820850929,0.5098266547709204,False
HPT_eff_mod,Nc+T30+T50,0.6219699072409198,0.7014112397327961,0.5464327591453536,False
HPT_eff_mod,Wf+P21+P40,0.6218033858520292,0.5283916638160973,0.6867374579734987,False
HPT_eff_mod,T30+T48+P40,0.6213002684939318,0.7805285470945508,0.4684778040691462,False
HPT_eff_mod,Wf+P21+P50,0.6211955953995069,0.4918889685943012,0.7128190734020091,False
HPT_eff_mod,Nf+Nc+T50,0.620807657793508,0.7475988237419549,0.5023954381341905,False
HPT_eff_mod,Nc+T50+Ps30,0.6207724838037062,0.7117360679522816,0.5369021624539414,False
HPT_eff_mod,Nc+T50+P50,0.6204234871168471,0.7799504302835394,0.4690944145014526,False
HPT_eff_mod,T30+T48+P15,0.6203969983383715,0.6509649962282474,0.5907918447065367,False
HPT_eff_mod,T30+T50+P40,0.6198948785277565,0.7824765549943241,0.46639408766157825,False
HPT_eff_mod,Wf+Nc+T48,0.6198554230822972,0.7831833370424888,0.46563576211187996,False
HPT_eff_mod,Nf+Nc+T48,0.619808338270706,0.7308930622965502,0.5187551808931163,False
HPT_eff_mod,Nc+T50+P24,0.6196957683944647,0.7124557995800596,0.5362314802582375,False
HPT_eff_mod,Wf+T24+P50,0.6196823811467291,0.491957537752274,0.7127709746108677,False
HPT_eff_mod,Wf+P15+P50,0.6195803495067375,0.48622543592720824,0.7167806945452646,False
HPT_eff_mod,T24+T30+T50,0.6191775361365883,0.7349664455041189,0.5148140970252089,False
HPT_eff_mod,Nf+T48+P40,0.6189483553199276,0.4806130988019467,0.7206850221824048,False
HPT_eff_mod,Nf+T50+Ps30,0.6187572084731412,0.4702494506898558,0.7278396453272824,False
HPT_eff_mod,T50+P24+Ps30,0.6185314808159108,0.5292421281915842,0.6861179722237393,False
HPT_eff_mod,Wf+P21+Ps30,0.6183439184477746,0.5066313052276458,0.7024020891002206,False
HPT_eff_mod,Wf+P15+Ps30,0.6182506842677622,0.5027714247066144,0.7051443648596972,False
HPT_eff_mod,Wf+P40+P50,0.6182470534855208,0.512963619505537,0.697879918391741,False
HPT_eff_mod,Nc+T50+P21,0.6178376809062432,0.7172296552460262,0.5317615487734834,False
HPT_eff_mod,Wf+Nc+P50,0.6176498726794271,0.8051620622663128,0.44140450579223495,False
HPT_eff_mod,Nf+T50+P40,0.6175644487712534,0.47134075334464787,0.7270895726493072,False
HPT_eff_mod,Wf+Nf+T50,0.6170972195593878,0.3286484240220441,0.819360467668508,False
HPT_eff_mod,Wf+Nf+T48,0.6161992065481591,0.38269050430348006,0.7856904579390793,False
HPT_eff_mod,Nc+T50+P15,0.6160978539432678,0.7257382290669809,0.5237000772703964,False
HPT_eff_mod,T30+T48+P21,0.613135498221821,0.6801213908214805,0.5655781194304811,False
HPT_eff_mod,Wf+Ps30+P50,0.6128317666330766,0.47912395022473375,0.7217174306993467,False
HPT_eff_mod,T50+P15+P40,0.6123393325297726,0.544080194640448,0.6752183390278674,False
HPT_eff_mod,Nf+T30+T48,0.611971720610583,0.6514051820261386,0.5904191883516842,False
HPT_eff_mod,T50+P24+P50,0.6106346966949721,0.49418707039385656,0.7112052654516441,False
HPT_eff_mod,Nf+T48+P24,0.6105587015032303,0.3904690123728046,0.7807246554497915,False
HPT_eff_mod,Wf+T30+T50,0.6097755824491833,0.7473916974744221,0.5026015345435964,False
HPT_eff_mod,Wf+T30+T48,0.6094434386334912,0.7749655823202051,0.4743779270579471,False
HPT_eff_mod,Nf+T48+P15,0.6094095260168677,0.3484743286915729,0.8071714014436012,False
HPT_eff_mod,T48+P24+Ps30,0.6075096917888761,0.5421974283741664,0.6766110933363668,False
HPT_eff_mod,Nf+T48+P21,0.6061477328274113,0.34356257125603984,0.8102082625744818,False
HPT_eff_mod,Wf+Nf+P40,0.6061202751824573,0.5046322117947382,0.703823691136681,False
HPT_eff_mod,T50+Ps30+P40,0.6057770739702184,0.5077726495312872,0.7015891607406096,False
HPT_eff_mod,Nf+T50+P15,0.6053144296712617,0.33480084142585764,0.8155974243302528,False
HPT_eff_mod,Nf+T48+P50,0.6048408755420998,0.4078984112670837,0.7694813764691881,False
HPT_eff_mod,T48+Ps30+P40,0.6044401588132629,0.47335329596093323,0.7257042813977791,False
HPT_eff_mod,Wf+Nc+P40,0.6038683795528755,0.7240235453967292,0.5253346120362439,False
HPT_eff_mod,T50+P15+P24,0.6036903155429924,0.39612019649634367,0.777097036092441,False
HPT_eff_mod,Nf+Nc+P15,0.6023924784481008,0.75778384950541,0.4921546001965135,False
HPT_eff_mod,T48+Ps30+P50,0.6020982710868374,0.49522026460191537,0.710478525641757,False
HPT_eff_mod,T50+P21+P24,0.6020961614458092,0.3977242829938218,0.7760642479886433,False
HPT_eff_mod,Wf+Nf+P50,0.6018083461325798,0.4188853677815111,0.7623087512409188,False
HPT_eff_mod,T30+T50+P24,0.601487553039661,0.6807095716389358,0.5650578982379277,False
HPT_eff_mod,T24+T50+P40,0.6011960398186157,0.4820551783507885,0.7196838345059667,False
HPT_eff_mod,Nf+Nc+P21,0.5995091247607914,0.7353963501933243,0.5143963936563667,False
HPT_eff_mod,Nf+T50+P21,0.5983962552588472,0.32778685446320377,0.8198860564351588,False
HPT_eff_mod,Wf+Nf+P15,0.5983228326486864,0.16708953267458238,0.9126392865340708,False
HPT_eff_mod,Wf+P24+Ps30,0.5981577708245346,0.5214027386235613,0.6918072429343587,False
HPT_eff_mod,Nf+T50+P24,0.5979681707330482,0.35579529705733726,0.8026236371691671,False
HPT_eff_mod,Wf+T30+Ps30,0.5976885239481979,0.7238474057359786,0.5255022305033743,False
HPT_eff_mod,Wf+T24+P40,0.5973518903801339,0.5599556244798871,0.663358406534592,False
HPT_eff_mod,Wf+P15+P21,0.5970493288718037,0.2794608039157739,0.8488458023011166,False
HPT_eff_mod,Wf+T24+Ps30,0.5968753496140793,0.5304073522678694,0.6852683034637824,False
HPT_eff_mod,T24+T50+P24,0.5954606090150771,0.38964341949954384,0.7812532115136912,False
HPT_eff_mod,Nc+P15+P24,0.5924988724286678,0.699213072637962,0.5484404501511885,False
HPT_eff_mod,Nf+T50+P50,0.5924250168068607,0.368187967595198,0.7948660468310381,False
HPT_eff_mod,Nf+T24+T30,0.5921151503460632,0.7442064940189226,0.5057603246411065,False
HPT_eff_mod,T48+T50+P24,0.5910075376281554,0.41303442234373966,0.7661367878233367,False
HPT_eff_mod,T24+P21+P24,0.5902560469358352,0.3864199516585647,0.7833135057826052,False
HPT_eff_mod,Wf+Nf+Ps30,0.5892400419826548,0.45421898486779055,0.738769933830695,False
HPT_eff_mod,T24+P21+P40,0.5870530644751321,0.37621266244694396,0.7898020875846405,False
HPT_eff_mod,Wf+T30+P50,0.585662036472024,0.803413431002291,0.44338083968266945,False
HPT_eff_mod,Nc+T24+T30,0.5839690557366879,0.7475545017593298,0.502439546851828,False
HPT_eff_mod,Wf+Nf+P21,0.5835669275301067,0.2313438898660144,0.8767303520090916,False
HPT_eff_mod,T24+P15+P24,0.5827893170337881,0.3691419030184362,0.7942657596683643,False
HPT_eff_mod,Nf+T48+T50,0.5788748280062592,0.36077212060557007,0.7995172789842819,False
HPT_eff_mod,Wf+Nc+T30,0.576167299755261,0.7483247747818084,0.5016724282021005,False
HPT_eff_mod,T24+T30+Ps30,0.5755907070842027,0.5940252265240138,0.6371614971700552,False
HPT_eff_mod,T24+T30+P40,0.5721164938709705,0.6661525286081506,0.5777953542491057,False
HPT_eff_mod,Nc+P15+P21,0.5686408967560829,0.6441029664401319,0.5965710632941127,False
HPT_eff_mod,Nc+P21+P24,0.5670119376174193,0.7212520160141976,0.5279658928243399,False
HPT_eff_mod,Wf+P15+P40,0.5661459327487504,0.43902604577476,0.7489819451931002,False
HPT_eff_mod,T24+P15+Ps30,0.5651390975966367,0.43937982494523664,0.7487457345820164,False
HPT_eff_mod,Nc+T24+P24,0.5641151877907838,0.7297775789831864,0.5198292229346227,False
HPT_eff_mod,Wf+Ps30+P40,0.5639135304960603,0.3772035001663727,0.7891745686688258,False
HPT_eff_mod,Wf+T30+P40,0.5635466838439473,0.7116845762211886,0.5369501129330466,False
HPT_eff_mod,Nc+T30+Ps30,0.5634668330852425,0.6500047145330617,0.5916039937888674,False
HPT_eff_mod,Wf+Nc+T24,0.5625614131481419,0.753753354558941,0.49623245101570995,False
HPT_eff_mod,Nc+T30+P40,0.5582944265566929,0.6678137175802551,0.5763560378964941,False
HPT_eff_mod,T30+P24+P50,0.5581694621253508,0.5279053514796517,0.6870914411636551,False
HPT_eff_mod,Nc+P21+Ps30,0.5577392292072905,0.604399165615671,0.6289680710372579,False
HPT_eff_mod,T24+P15+P21,0.5571051468078515,0.3422947974603263,0.8109902604468651,False
HPT_eff_mod,Nf+Nc+T30,0.5570044044561954,0.7336365704601311,0.5161040878930033,False
HPT_eff_mod,T24+P21+Ps30,0.5568822922456728,0.43660498918602364,0.7505964367181451,False
HPT_eff_mod,Nc+P40+P50,0.5531287735920987,0.7284704874820936,0.5210849379111878,False
HPT_eff_mod,Nc+P24+Ps30,0.5531185795050727,0.6804638223363837,0.5652753113869528,False
HPT_eff_mod,Nf+T24+T50,0.5527395470931356,0.35680363592374253,0.8019952394349095,False
HPT_eff_mod,Wf+Nf+Nc,0.5504613783118725,0.7544757114425696,0.49550407521778306,False
HPT_eff_mod,Wf+Nc+P15,0.5473801103711476,0.7150090171564153,0.5338454671940044,False
HPT_eff_mod,T24+P15+P40,0.5472828069082409,0.326333869460274,0.8207716677247858,False
HPT_eff_mod,T24+T30+P21,0.5460120383177476,0.5717321601298786,0.6544217599301857,False
HPT_eff_mod,Wf+Nc+P21,0.5443219300050609,0.7377480942683466,0.5121053658493078,False
HPT_eff_mod,Wf+Nc+Ps30,0.5435789498304188,0.7028983691345518,0.5450702990123826,False
HPT_eff_mod,T30+P21+P24,0.5394583167940877,0.5962327463067976,0.6354268279614912,False
HPT_eff_mod,T30+Ps30+P40,0.538619894774651,0.45634630185498826,0.7373287585229616,False
HPT_eff_mod,Wf+Nc+P24,0.5363104685811425,0.7269696751881771,0.5225230375895621,False
HPT_eff_mod,Nc+P24+P50,0.5337992873600814,0.7256556315439258,0.5237789309012671,False
HPT_eff_mod,T30+P21+P40,0.5311336713406587,0.4379678560610014,0.7496880310762596,False
HPT_eff_mod,T30+P15+P40,0.5311336713406587,0.4379655910367275,0.7496895417192857,False
HPT_eff_mod,Nc+Ps30+P50,0.5301676836774682,0.6886971455383646,0.5579452074009019,False
HPT_eff_mod,Nc+T24+P50,0.5239471010730774,0.7304576836376433,0.5191746491907677,False
HPT_eff_mod,Nf+Nc+P50,0.5215172196749731,0.7249068143473945,0.5244932655931873,False
HPT_eff_mod,Nf+Nc+P24,0.519552489350236,0.7179343320919744,0.5310985482074166,False
HPT_eff_mod,T30+P15+P24,0.5187391658073005,0.5635628631532692,0.6606338901742257,False
HPT_eff_mod,Wf+Nf+T30,0.5135382689879837,0.7031662510820622,0.5448245120384524,False
HPT_eff_mod,Nc+P15+P40,0.5134854775157401,0.642259420826293,0.5981141857318777,False
HPT_eff_mod,Wf+T30+P15,0.5133791878452708,0.5896714709285416,0.6405689104783798,False
HPT_eff_mod,Wf+P24+P40,0.5133506899112538,0.5272501244716694,0.6875680879217205,False
HPT_eff_mod,T30+P15+P50,0.5130340098567391,0.5190925626412499,0.6934749003091245,False
HPT_eff_mod,Nc+P15+Ps30,0.5115006512330496,0.6416692596085756,0.5986073340608385,False
HPT_eff_mod,T24+T30+P15,0.5101703141197512,0.5505463474446064,0.6704130462300042,False
HPT_eff_mod,Nc+T30+P50,0.5089042153315562,0.48565806491565877,0.7171763626084879,False
HPT_eff_mod,Nc+P21+P40,0.5072042344589046,0.653568814692188,0.5885840511836964,False
HPT_eff_mod,Nc+P24+P40,0.5066590314871757,0.6456390421564966,0.5952822505698483,False
HPT_eff_mod,T30+P24+Ps30,0.5062420944419662,0.4313300651340517,0.7541020719146371,False
HPT_eff_mod,Nf+T30+P40,0.5037492387931262,0.4804255026209223,0.720815161729467,False
HPT_eff_mod,T30+P40+P50,0.5034638915351491,0.5358659030185238,0.681273878100046,False
HPT_eff_mod,Nf+T24+P24,0.5011662000035898,0.3619814060470805,0.7987606612452316,False
HPT_eff_mod,Nf+T24+P21,0.5005542670781664,0.35031746362482674,0.8060288682021094,False
HPT_eff_mod,Nc+T24+P15,0.5002902096710075,0.6835699934073247,0.5625211165749028,False
HPT_eff_mod,Nf+Ps30+P40,0.5002667996982162,0.20755049345756216,0.890196330335302,False
HPT_eff_mod,P15+P24+P50,0.49965665975757434,0.38049571741128385,0.7870859435847627,False
HPT_eff_mod,Nf+T24+P15,0.49877850229318255,0.34220151246461805,0.8110477714261854,False
HPT_eff_mod,T30+P21+P50,0.4985528944836907,0.5243725219427882,0.689657507794421,False
HPT_eff_mod,P24+Ps30+P40,0.4981244356038584,0.20680717021970962,0.8906137377001832,False
HPT_eff_mod,Nc+T24+P21,0.4971167684405175,0.6846526545036875,0.5615579627218481,False
HPT_eff_mod,Wf+T30+P24,0.4965751876741154,0.6353925368380762,0.6038273454903512,False
HPT_eff_mod,Wf+P15+P24,0.49644895613524187,0.3762988367485953,0.7897475313360623,False
HPT_eff_mod,Nf+Nc+P40,0.4962499141890844,0.6587866443162873,0.5841347067960547,False
HPT_eff_mod,T30+P15+P21,0.4960360331275113,0.5424558287812686,0.6764201144397847,False
HPT_eff_mod,T24+Ps30+P40,0.49440720035033703,0.19391630902535384,0.8978216365039586,False
HPT_eff_mod,Wf+T30+P21,0.4942090729045582,0.6105612781524659,0.6240502558668928,False
HPT_eff_mod,Nf+Nc+Ps30,0.49379715075750885,0.6812669226339441,0.5645645023963658,False
HPT_eff_mod,Wf+P24+P50,0.4936947798999254,0.47136279170795936,0.7270744172999355,False
HPT_eff_mod,Nf+Nc+T24,0.49277052399583726,0.7455115944690985,0.5044684385874914,False
HPT_eff_mod,T30+Ps30+P50,0.4925786596895966,0.49479656981188014,0.7107766387467443,False
HPT_eff_mod,T30+P24+P40,0.49241629247012136,0.4316455626300335,0.7538928553647173,False
HPT_eff_mod,Nc+T24+Ps30,0.49185979029870186,0.6902664083556516,0.5565371430950037,False
HPT_eff_mod,Wf+Nf+T24,0.4908330548772867,0.29108074224519653,0.8419734305515842,False
HPT_eff_mod,Wf+P21+P24,0.4903060893583563,0.37754753023934173,0.7889565702626846,False
HPT_eff_mod,P15+Ps30+P40,0.4894170534991451,0.18232453432738627,0.9042540935337887,False
HPT_eff_mod,Wf+T24+P15,0.4891860427978502,0.3696406391930597,0.7939517370765936,False
HPT_eff_mod,Wf+Nf+P24,0.4841782952396572,0.2200188916271606,0.8831653912902382,False
HPT_eff_mod,Wf+T24+P21,0.4839246292788168,0.3358100241595616,0.8149785125022859,False
HPT_eff_mod,Nc+Ps30+P40,0.4835559809166521,0.6348482371909672,0.6042778854211306,False
HPT_eff_mod,Nc+T24+P40,0.4834822936998861,0.6865853417121143,0.5598344918704865,False
HPT_eff_mod,Wf+T24+T30,0.4827828792936847,0.6566192494792795,0.585986988354452,False
HPT_eff_mod,T24+T30+P24,0.4822530166187884,0.6100986979180497,0.6244207732626698,False
HPT_eff_mod,Nf+T30+P24,0.4808153905503454,0.6325103156733589,0.6062092743654134,False
HPT_eff_mod,Nf+T30+P15,0.48039655015747107,0.5966516375202779,0.6350971283825193,False
HPT_eff_mod,T30+P21+Ps30,0.4777146406851976,0.35124225691616073,0.8054549913457855,False
HPT_eff_mod,T30+P15+Ps30,0.47770178040877265,0.4797735484539827,0.7212672538983157,False
HPT_eff_mod,T24+T30+P50,0.4718821256082812,0.49039620524225613,0.713865389802408,False
HPT_eff_mod,Nc+P21+P50,0.47048455238574155,0.7040052790400992,0.5440539687934469,False
HPT_eff_mod,T24+P21+P50,0.4696513492843453,0.3220853755964108,0.8233557095226761,False
HPT_eff_mod,Wf+T24+P24,0.4689206093267563,0.34506586373667003,0.8092800110365572,False
HPT_eff_mod,Nc+P15+P50,0.46827014051385657,0.7195705285199189,0.5295559191247712,False
HPT_eff_mod,T24+P15+P50,0.46753342830314343,0.3228963262933734,0.8228630953607209,False
HPT_eff_mod,T24+P24+P50,0.4668456243136973,0.3085209336093713,0.8315522030459838,False
HPT_eff_mod,Nc+T30+P24,0.4659225390083097,0.6040740975011415,0.6292264318183548,False
HPT_eff_mod,Nc+T30+P15,0.4658662086532486,0.5416760341745938,0.676996281987875,False
HPT_eff_mod,Nf+T24+P50,0.4635864054921903,0.22700619027407498,0.8792006652214983,False
HPT_eff_mod,Nf+P21+Ps30,0.4562273824695001,0.2658393271348687,0.8568317646219308,False
HPT_eff_mod,Nf+T30+P21,0.45567552151241864,0.5974280058679932,0.6344856138101217,False
HPT_eff_mod,Nf+T24+P40,0.45408099286195897,0.36959647969541043,0.7939795465278622,False
HPT_eff_mod,Nf+T24+Ps30,0.4535957610408909,0.3289569040629907,0.8191722016383426,False
HPT_eff_mod,T24+P24+P40,0.45245869341862976,0.19870505073306388,0.8951507969425802,False
HPT_eff_mod,P21+P24+Ps30,0.450120591005993,0.4134578314427746,0.7658604106214302,False
HPT_eff_mod,Nf+P24+P40,0.449961270117101,0.15996512809059937,0.9165341629799736,False
HPT_eff_mod,P15+P24+P40,0.44994414925102216,0.21100161161481445,0.8882558124691252,False
HPT_eff_mod,P21+P24+P40,0.44934382663146605,0.18277486546133193,0.9040050522749683,False
HPT_eff_mod,P15+P24+Ps30,0.4482291443820681,0.40837133505335266,0.7691740147370082,False
HPT_eff_mod,Nf+P21+P40,0.44574058429684504,0.15420862587542206,0.9196691655832429,False
HPT_eff_mod,T24+P24+Ps30,0.44239792419243257,0.4248195436596339,0.7584065244579362,False
HPT_eff_mod,Nf+P15+P40,0.4395552212296488,0.14956475450558748,0.9221904605310188,False
HPT_eff_mod,Nf+T30+P50,0.4392463913819654,0.5482686249980198,0.6721096450743586,False
HPT_eff_mod,P21+Ps30+P40,0.4323515684165967,0.1841605619837362,0.9032383063268874,False
HPT_eff_mod,Nc+T30+P21,0.4292231021109625,0.5209932696345174,0.692103121193282,False
HPT_eff_mod,Nf+P24+Ps30,0.41817505481955186,0.36360816293071785,0.7977417107493391,False
HPT_eff_mod,T24+P40+P50,0.4176565757058846,0.31372716956861635,0.8284158559753573,False
HPT_eff_mod,Nf+P15+Ps30,0.4117409434825987,0.28897137173915266,0.8432251349792934,False
HPT_eff_mod,P15+P21+P40,0.4102154201180699,0.34172529044545674,0.8113413027539911,False
HPT_eff_mod,P21+Ps30+P50,0.4063290079146777,0.12134138787742588,0.9373679171609055,False
HPT_eff_mod,P15+P40+P50,0.40033782663388906,0.3750668423655775,0.7905271390878511,False
HPT_eff_mod,P15+P21+P24,0.39522946736097675,0.279707969444846,0.8487002006333886,False
HPT_eff_mod,Nf+P21+P24,0.38611443756307495,0.14942583680931998,0.9222657768727409,False
HPT_eff_mod,P24+P40+P50,0.3840130069292112,0.4025649421974068,0.7729392329301142,False
HPT_eff_mod,Nf+P24+P50,0.38210461499167336,0.26033777298561467,0.8600361777357889,False
HPT_eff_mod,P24+Ps30+P50,0.36285557329340673,0.196898293576088,0.8961594202059765,False
HPT_eff_mod,Ps30+P40+P50,0.36127986693706937,0.29444175193599165,0.8399751472894949,False
HPT_eff_mod,P21+P40+P50,0.3610519429790908,0.23862060012378283,0.8725705701410158,False
HPT_eff_mod,T24+Ps30+P50,0.3434082126256147,0.15834510081271524,0.917417516285407,False
HPT_eff_mod,P15+P21+Ps30,0.3111213880953637,0.30267263435725067,0.8350612945423525,False
HPT_eff_mod,Nf+P40+P50,0.2906825052984799,0.2723831024079908,0.8530046292910779,False
HPT_eff_mod,Nf+T30+Ps30,0.277351168102216,0.436976168653877,0.7503491396317604,False
HPT_eff_mod,Nf+Ps30+P50,0.2768324899451231,0.07027313297499238,0.964223452849498,False
HPT_eff_mod,P21+P24+P50,0.2689824138084659,0.08233971000519835,0.9579458700755498,False
HPT_eff_mod,Nf+P21+P50,0.2609639236409961,-0.010284102611869184,1.0051288985059923,False
HPT_eff_mod,P15+P21+P50,0.26048917913652647,0.03589720587220757,0.9818873632590414,False
HPT_eff_mod,Nf+P15+P50,0.20164009346570222,0.06593667070384845,0.9664695180377659,False
HPT_eff_mod,P15+Ps30+P50,0.16185790597539554,0.17379309026533496,0.9089592453650852,False
HPT_eff_mod,Nf+P15+P24,0.07516814116388305,0.014923672987883885,0.9925101143122503,False
HPT_eff_mod,Nf+P15+P21,0.011351386508437184,-0.02567423943123015,1.0127557649459373,False
HPT_flow_mod,Nc+T48+P40,0.2699175336356857,0.13072817845097218,0.9323474789739219,False
HPT_flow_mod,Nf+T48+P40,0.269801891578458,0.11356513566114801,0.9415066990408788,False
HPT_flow_mod,Nf+T48+Ps30,0.26955341430258034,0.10646734255728485,0.9452685636594054,False
HPT_flow_mod,T48+P24+Ps30,0.26908487095536676,0.11550485372528141,0.940476021105652,False
HPT_flow_mod,T48+P24+P40,0.26849333031258565,0.10922859099002047,0.9438068706096495,False
HPT_flow_mod,T24+T48+Ps30,0.2683492428719659,-0.2602955581398829,1.1226288603718875,False
HPT_flow_mod,Nc+T24+T30,0.26770229827568354,0.35478732678769576,0.803251313856569,False
HPT_flow_mod,Nc+T24+T50,0.2663858449751885,0.17772736729558225,0.9067924970490315,False
HPT_flow_mod,T24+T48+P40,0.266319874133813,-0.1534079596845681,1.0739683234083621,False
HPT_flow_mod,T24+T30+T48,0.26599111868125147,0.4114844644295821,0.7671476621683846,False
HPT_flow_mod,Wf+T50+Ps30,0.264994093929228,0.1942616455274403,0.8976292967993859,False
HPT_flow_mod,Nc+T30+P21,0.2649024852890603,0.6809402378069973,0.5648537529245978,False
HPT_flow_mod,Nc+T30+P15,0.26468142733359373,0.6676718381025136,0.5764791079453673,False
HPT_flow_mod,Nc+T24+T48,0.2643430149135424,0.1005687638791758,0.9483834857908611,False
HPT_flow_mod,Wf+Nc+T48,0.26422611626145226,0.24486162120176458,0.8689869842513381,False
HPT_flow_mod,T30+P15+P24,0.26406057336125116,0.409222229484996,0.768620693525099,False
HPT_flow_mod,Nc+T48+Ps30,0.26351009497755196,0.16477919305109778,0.9139041563254334,False
HPT_flow_mod,Nc+T30+P24,0.2631844399114725,0.39004006401410274,0.7809993188126974,False
HPT_flow_mod,Nf+Nc+T48,0.26190466675646995,0.03385263030706209,0.9829279575294102,False
HPT_flow_mod,Nc+T30+P40,0.26190283559077,0.4031709794227365,0.7725470992614388,False
HPT_flow_mod,T50+P21+Ps30,0.26189025447491876,0.2785485237475588,0.8493829973883639,False
HPT_flow_mod,T50+P40+P50,0.2613843358351868,0.5057518405463495,0.7030278511223084,False
HPT_flow_mod,T50+P15+P24,0.2612216703814451,0.6807501440926318,0.565021995950041,False
HPT_flow_mod,T30+P21+P40,0.2611799347040287,-0.3502846669507649,1.1620174985561815,False
HPT_flow_mod,Wf+Nf+P21,0.26117756935235037,0.2992958819768293,0.837080711773465,False
HPT_flow_mod,Nf+T30+Ps30,0.2608500111819347,0.24696712120103959,0.8677746705216514,False
HPT_flow_mod,T24+T48+P24,0.2608151289438012,0.5792501388084101,0.6486523423156583,False
HPT_flow_mod,Nf+T24+P24,0.2607045981259351,0.2847545887306502,0.8457218285401826,False
HPT_flow_mod,T48+P21+Ps30,0.26046639545202105,0.2865316001843302,0.8446705865695039,False
HPT_flow_mod,T30+P21+P24,0.2602269281260777,0.217688505074632,0.8844837448621474,False
HPT_flow_mod,Nf+Nc+T30,0.2601110385473399,0.1940590455376492,0.8977421425233144,False
HPT_flow_mod,Nf+T24+T48,0.2593352972025309,0.06535325325997476,0.9667713001222292,False
HPT_flow_mod,T48+P21+P40,0.25915893675495255,0.29548552711090326,0.839353604203316,False
HPT_flow_mod,T24+T30+Ps30,0.2590781409920822,0.3018331315293713,0.8355638027527453,False
HPT_flow_mod,T30+P24+Ps30,0.2587092228578429,0.3515794383101416,0.8052456530089799,False
HPT_flow_mod,T50+P15+Ps30,0.25859096608757143,0.28266179770637756,0.8469582057537566,False
HPT_flow_mod,T48+P40+P50,0.2584823517366148,0.3664043074454675,0.7959872439647087,False
HPT_flow_mod,T48+P15+P40,0.25847915170740016,0.3021355734644443,0.8353828023939419,False
HPT_flow_mod,T50+Ps30+P50,0.25801489798194077,0.5443164888036093,0.6750433402355664,False
HPT_flow_mod,Wf+P24+P50,0.2579452422924638,0.09209077605053462,0.9528427068249332,False
HPT_flow_mod,T48+P21+P50,0.2578936786847176,0.15665664678192825,0.9183372763958086,False
HPT_flow_mod,T24+T50+P21,0.2577402823947735,0.48123198851910454,0.720255518188438,False
HPT_flow_mod,T48+P15+P21,0.2576336865321949,0.5209284188093457,0.6921499701586747,False
HPT_flow_mod,Nf+T30+P40,0.257613339812339,0.148525688967317,0.9227536567430569,False
HPT_flow_mod,T24+T30+P40,0.2574760412674055,0.17895201599239685,0.9061169814144326,False
HPT_flow_mod,Wf+T30+Ps30,0.2573822116453124,0.16988452956278255,0.9111067283459262,False
HPT_flow_mod,T48+P21+P24,0.25729632937277036,0.5456080193803566,0.6740860335444159,False
HPT_flow_mod,Nc+T50+P24,0.2571092843167704,0.4898681492214664,0.7142351508981714,False
HPT_flow_mod,Nc+T48+P15,0.25699024824058975,0.3778581917288065,0.7887596644550187,False
HPT_flow_mod,Nc+T48+P50,0.2567853507973161,0.16835836777970448,0.9119438755868124,False
HPT_flow_mod,T48+P24+P50,0.256737821834983,0.15941967205193708,0.9168316791800243,False
HPT_flow_mod,Wf+T24+P50,0.25661289151705025,0.1192199157472168,0.9384988461648652,False
HPT_flow_mod,T24+T48+P15,0.2565152053565612,0.3712375597872988,0.7929454207022709,False
HPT_flow_mod,T30+T48+P15,0.256347859988412,0.11641039749208115,0.9399944694028359,False
HPT_flow_mod,Wf+Nc+P21,0.25631131912598176,0.41044813724311124,0.7678228068746649,False
HPT_flow_mod,T48+P15+P24,0.2562887707119692,0.5581883385410409,0.6646891464880099,False
HPT_flow_mod,Nf+T48+P15,0.25625543313657445,0.36721526127291204,0.7954776795907524,False
HPT_flow_mod,T50+P21+P24,0.2561527573053853,0.6693659388674023,0.5750078791917531,False
HPT_flow_mod,Wf+T30+T50,0.2561318768779128,0.7137911091477247,0.5349849445099136,False
HPT_flow_mod,Nf+T48+P21,0.2560598258538265,0.3353639948110799,0.8152521114286796,False
HPT_flow_mod,T24+T48+P21,0.2559598808220981,0.3981988747120959,0.7757584194115485,False
HPT_flow_mod,T48+P15+P50,0.2558635962440227,0.15362209477201427,0.9199879918933649,False
HPT_flow_mod,Nc+T30+P50,0.25581213985074164,0.3686739432355006,0.7945602914596849,False
HPT_flow_mod,Nf+T50+P15,0.2556931880087548,0.4812919104706992,0.7202139192832231,False
HPT_flow_mod,T24+T50+P15,0.2556840748106648,0.473044104454739,0.7259172787206963,False
HPT_flow_mod,Nc+T48+P21,0.2555002478602799,0.327588840653679,0.820006804451232,False
HPT_flow_mod,Wf+T30+P21,0.25540708751980246,-0.0784031995088017,1.0384619393645593,False
HPT_flow_mod,Nf+T30+P21,0.25534994459046345,0.057756080255228825,0.9706924949461447,False
HPT_flow_mod,Nc+T50+P15,0.25534572914702475,0.5226350924759551,0.6909159916545897,False
HPT_flow_mod,Wf+Nf+P15,0.25508042485988686,0.15761246408117713,0.9178167224009501,False
HPT_flow_mod,T30+T48+P21,0.25492861369059017,0.20657129040525646,0.8907461532865262,False
HPT_flow_mod,Nc+T50+P21,0.2548916326197978,0.48771744373711745,0.7157391677579777,False
HPT_flow_mod,Wf+T50+P15,0.25468737975128425,0.6051091799089818,0.6284033896240679,False
HPT_flow_mod,Wf+T50+P21,0.2546342871379723,0.5543362154746909,0.6675805453466339,False
HPT_flow_mod,Nf+T30+T50,0.25458655924877893,0.5250150874853885,0.6891914919052697,False
HPT_flow_mod,Nf+T50+P21,0.2545716426795503,0.4557378615470239,0.7377412408514086,False
HPT_flow_mod,Nc+T30+Ps30,0.25449404204818654,0.4040564319721137,0.7719738130454208,False
HPT_flow_mod,Nf+T30+P15,0.25437824150912575,-0.1202701785312934,1.0584281640863935,False
HPT_flow_mod,T48+P15+Ps30,0.2542022804132411,-0.24115040284816747,1.1140692989433683,False
HPT_flow_mod,T30+T50+P50,0.2540371269059939,0.7003555571198071,0.5473978835181891,False
HPT_flow_mod,Nf+P15+P24,0.2537741721048404,0.26125802714046287,0.859501002244638,False
HPT_flow_mod,T24+T48+P50,0.25374608176900976,0.11932513863070282,0.9384427853467132,False
HPT_flow_mod,Nc+T50+P50,0.25372981012883117,0.2981907762268933,0.837740546812142,False
HPT_flow_mod,Wf+P15+P21,0.25370544458602884,0.3868496540556571,0.7830391726755073,False
HPT_flow_mod,T50+P15+P50,0.2537041181869466,0.4426424358865573,0.7465638379358076,False
HPT_flow_mod,T30+T48+P50,0.253700745620281,0.5255757365677687,0.6887846277554628,False
HPT_flow_mod,Nf+T50+P50,0.2531910709454196,0.1783007177882484,0.9064762998621374,False
HPT_flow_mod,Wf+Nc+T50,0.2530569668787922,0.5054966463402013,0.7032093242127828,False
HPT_flow_mod,T24+T50+P24,0.25299716435690767,0.5939017524292933,0.6372583836802045,False
HPT_flow_mod,T24+T30+P15,0.2527692500353201,-0.09525842899849457,1.0465459516898885,False
HPT_flow_mod,T48+T50+P21,0.2526844069888963,0.495668458638157,0.7101630385776516,False
HPT_flow_mod,Wf+T48+P15,0.2526738811321722,0.41952774323075137,0.7618872992570809,False
HPT_flow_mod,Wf+T48+P21,0.25267244367506564,0.3788835168208128,0.7881094360424745,False
HPT_flow_mod,T50+P15+P21,0.2525366816065424,0.47747174376252843,0.7228611597239623,False
HPT_flow_mod,T48+T50+P15,0.25238089930507984,0.5107799764705523,0.6994426520662346,False
HPT_flow_mod,Wf+P21+P50,0.2522299812513479,0.2323948975885064,0.876130756457901,False
HPT_flow_mod,T48+T50+P50,0.2521570484972328,0.2473940495368392,0.8675286453271505,False
HPT_flow_mod,Wf+Nc+P15,0.2521460318797151,0.3560374075325947,0.8024727985841049,False
HPT_flow_mod,Wf+T48+T50,0.2515507120039636,0.5163842486947072,0.6954248710718454,False
HPT_flow_mod,T50+P21+P50,0.251542861297386,0.5320144646518632,0.6840946830286994,False
HPT_flow_mod,T24+T50+P50,0.2512451342348585,0.2315858025194365,0.8765923781784573,False
HPT_flow_mod,Nc+T24+P21,0.25118108143693446,0.2666654035552636,0.856349576075528,False
HPT_flow_mod,T24+T30+P50,0.2511555984260154,0.1757994661191371,0.907854907945572,False
HPT_flow_mod,Wf+P21+P40,0.2508544382807799,-0.05779823731359124,1.0284931877818109,False
HPT_flow_mod,Nc+T48+T50,0.2505440019495279,0.278086312325707,0.8496550403983332,False
HPT_flow_mod,Wf+T50+P40,0.25007538004165175,0.6125446847797575,0.6224590871858509,False
HPT_flow_mod,T30+T48+Ps30,0.24989119564381698,0.48238348174671875,0.7194557097231777,False
HPT_flow_mod,T30+P15+P50,0.24968373477362799,0.16781347433439464,0.9122425804935907,False
HPT_flow_mod,T48+Ps30+P50,0.24960680681667116,0.45979655960222543,0.7349853334575968,False
HPT_flow_mod,T30+T50+P15,0.24936734291955312,0.2844428181858386,0.8459061306162531,False
HPT_flow_mod,T24+T30+P21,0.24926322203366524,-0.0722861877357559,1.035512524181024,False
HPT_flow_mod,Nc+T30+T50,0.24925954139448991,0.6378603579877358,0.6017803935093468,False
HPT_flow_mod,T50+P24+P40,0.2490885834061659,-0.20898704915479094,1.099539471394634,False
HPT_flow_mod,Nc+T24+P15,0.24874656007720544,0.25567265024656594,0.8627440812624761,False
HPT_flow_mod,Wf+T30+P15,0.24871018382099655,-0.10187821385921425,1.0497038696028582,False
HPT_flow_mod,Nc+T30+T48,0.24832631034840602,0.41422042027763784,0.7653623845750208,False
HPT_flow_mod,T30+P21+Ps30,0.24796422964424758,0.11588629903664327,0.9402732054904877,False
HPT_flow_mod,Nc+T50+Ps30,0.24769415262999644,0.2139689296449604,0.8865839330571245,False
HPT_flow_mod,T50+P15+P40,0.24734501717363572,0.18671704932354116,0.9018220171832461,False
HPT_flow_mod,T24+T50+P40,0.24677341817755033,0.2191838851234883,0.8836379999052281,False
HPT_flow_mod,Nf+Nc+P15,0.2467352382172288,0.15194917671891184,0.9208967495224902,False
HPT_flow_mod,T30+P24+P50,0.24670150740382715,0.17262267952575094,0.9096028366678772,False
HPT_flow_mod,T30+P15+Ps30,0.246550251713668,-0.15511054217826037,1.0747606906554874,False
HPT_flow_mod,Nf+Nc+P21,0.24643280006726612,0.1631707776933996,0.914783702471027,False
HPT_flow_mod,Nf+T48+P50,0.24599244040747534,0.16782414845146132,0.9122367299931191,False
HPT_flow_mod,T24+P15+P21,0.24582617840507703,0.13937192694842915,0.9277004220391252,False
HPT_flow_mod,Nc+T50+P40,0.2454763302778837,0.22378340885850356,0.8810315494586426,False
HPT_flow_mod,Nc+P15+P24,0.24500936736243453,0.246231548434527,0.8681983941274443,False
HPT_flow_mod,T48+T50+P40,0.24471943173678676,0.25519743350052393,0.8630194473472056,False
HPT_flow_mod,P15+P21+P24,0.2443401257120527,0.15981037718703506,0.9166185808791817,False
HPT_flow_mod,Nf+T30+P50,0.24433342605302644,0.11993271210853507,0.9381190158457855,False
HPT_flow_mod,Nf+T24+P15,0.24431356899302337,0.20061634391288474,0.8940825778903844,False
HPT_flow_mod,Nc+P15+P21,0.24430302898559067,0.16662612704876878,0.9128931333684306,False
HPT_flow_mod,T30+P21+P50,0.2441602615716081,0.12882871552302289,0.933365568508383,False
HPT_flow_mod,Wf+T30+T48,0.24341767487915425,0.3086616247582553,0.8314676032424503,False
HPT_flow_mod,T24+T50+Ps30,0.24335648223268064,0.2010598096475612,0.8938345430516986,False
HPT_flow_mod,Nc+Ps30+P50,0.24299813010086835,0.05282000818225552,0.9732317256531173,False
HPT_flow_mod,Wf+P15+P50,0.2428394691328162,0.052058182437747735,0.9736230366842459,False
HPT_flow_mod,T24+P15+P24,0.24280703109853066,0.2574287368010528,0.8617257470906549,False
HPT_flow_mod,Nc+T48+P24,0.24210804329016636,0.4404186084464089,0.748051730533117,False
HPT_flow_mod,Wf+T50+P50,0.24196824548469575,0.36701732349365856,0.7956020842772734,False
HPT_flow_mod,Wf+T48+P24,0.241453159467555,0.45803016841647337,0.7361860033874094,False
HPT_flow_mod,Nc+P15+P40,0.2407192401131022,0.4089036598278871,0.7688279002300273,False
HPT_flow_mod,T24+T48+T50,0.2404812754318422,0.25390532728388404,0.8637677191908227,False
HPT_flow_mod,T50+P24+Ps30,0.24040618798563276,0.19193348772923058,0.8989251983734629,False
HPT_flow_mod,Wf+T48+P50,0.24024986229989312,0.19652272655741077,0.8963689382406049,False
HPT_flow_mod,T48+T50+P24,0.2401245296722592,0.1978359903799859,0.8956360921825416,False
HPT_flow_mod,Nc+P24+P50,0.24004950584036056,0.15063826533492952,0.921608232745927,False
HPT_flow_mod,Nf+T48+P24,0.23915349365228664,0.4202882151047209,0.7613880645868303,False
HPT_flow_mod,Nf+P40+P50,0.23912670169832675,0.05311293342863277,0.9730812230083197,False
HPT_flow_mod,P15+Ps30+P50,0.2387092023682076,0.06294554747375558,0.9680157294828657,False
HPT_flow_mod,Nf+P15+P21,0.23799516460911338,0.36024744265386033,0.7998453333902372,False
HPT_flow_mod,Nc+P15+P50,0.23786698972551124,0.06893999947350782,0.9649145042574975,False
HPT_flow_mod,T30+T48+T50,0.23781275765541976,0.5034129922003203,0.7046892987690957,False
HPT_flow_mod,T30+T50+P21,0.23772909557736188,0.28717602516353946,0.8442890351274619,False
HPT_flow_mod,T48+T50+Ps30,0.23753949479973224,0.2662702055320434,0.8565802907305052,False
HPT_flow_mod,T30+P15+P40,0.2359870132992521,-2.31496569101178,1.8207047237297378,False
HPT_flow_mod,Nf+P21+P24,0.2359121421779699,0.24558231372252326,0.8685722113200932,False
HPT_flow_mod,P21+P24+P50,0.23589985517211687,0.08853580682335116,0.9547063387118832,False
HPT_flow_mod,T30+T50+P40,0.23567112639827134,0.34059577629828386,0.8120370827134167,False
HPT_flow_mod,Nf+Ps30+P50,0.23554655822025766,0.4220341880905447,0.7602406276367077,False
HPT_flow_mod,T30+T48+P40,0.235112681697247,0.49776163187096034,0.7086877790176995,False
HPT_flow_mod,T50+Ps30+P40,0.23476831442427934,0.2533835754551401,0.8640696873197555,False
HPT_flow_mod,T48+Ps30+P40,0.2346936622179553,0.0764796675792917,0.9609996526641975,False
HPT_flow_mod,Wf+P15+P40,0.23448205130915564,-0.3671503556803146,1.1692520496797578,False
HPT_flow_mod,Nc+Ps30+P40,0.23443528915940687,0.08452631959483703,0.9568038881636942,False
HPT_flow_mod,T30+T50+Ps30,0.23435643181539276,0.3217484953574796,0.8235602616946257,False
HPT_flow_mod,Nf+Nc+P50,0.23420825654708158,0.07162301797853732,0.9635232130164082,False
HPT_flow_mod,T30+P15+P21,0.23398970807654573,0.11694883790594668,0.9397080195965412,False
HPT_flow_mod,T24+P21+P24,0.2336668737419256,0.22715639835935852,0.8791152379754553,False
HPT_flow_mod,T30+T48+P24,0.2334463926868956,0.2639986461489964,0.8579052126260824,False
HPT_flow_mod,T30+P24+P40,0.23290276051883216,0.3549518487830976,0.8031488972892277,False
HPT_flow_mod,P21+Ps30+P50,0.23247303650910034,0.08602968234334274,0.9560179483967114,False
HPT_flow_mod,Nc+P15+Ps30,0.23118100794242044,0.5959180364074832,0.6356744163426091,False
HPT_flow_mod,Nf+T50+Ps30,0.23110028737167257,0.17802978221177823,0.9066257319248235,False
HPT_flow_mod,Wf+Nf+T50,0.2306393645058635,0.3415698981811526,0.8114370596779812,False
HPT_flow_mod,Wf+T24+T50,0.23053222758786582,0.4116672308813306,0.7670285321411906,False
HPT_flow_mod,Nf+T24+P21,0.22986621673082241,0.3667318473607625,0.795781472917809,False
HPT_flow_mod,Wf+T48+Ps30,0.2287693824103509,0.43628077821994593,0.7508123745517611,False
HPT_flow_mod,Wf+Nf+T48,0.22788930836715637,0.2242681971369359,0.8807563811083426,False
HPT_flow_mod,Nf+T48+T50,0.22752163680346474,0.1450073602456623,0.9246581204717438,False
HPT_flow_mod,Nf+T24+T50,0.2263834810817773,0.09816938768919792,0.9496476253383684,False
HPT_flow_mod,T30+Ps30+P50,0.22622510265287368,0.3635059298603718,0.7978057847243453,False
HPT_flow_mod,Nc+P21+Ps30,0.22591113720943845,0.5630114735581326,0.6610510770295042,False
HPT_flow_mod,P24+Ps30+P50,0.22547084034323805,0.02741596249738143,0.9861967539505586,False
HPT_flow_mod,Nf+Nc+T50,0.22530845941201819,0.12500934868266045,0.9354093495990616,False
HPT_flow_mod,T50+P24+P50,0.22494174549440896,0.09297123557570941,0.952380577513155,False
HPT_flow_mod,Nf+P15+P50,0.22479281497952874,0.10739904513804077,0.9447756108526295,False
HPT_flow_mod,Nc+P21+P24,0.22443787095675188,0.14841420551537476,0.9228140627908882,False
HPT_flow_mod,Nc+P21+P40,0.22350072685967934,-1.5150407182833923,1.585887990459412,False
HPT_flow_mod,Nf+T50+P40,0.22346250645670274,0.18302027007463073,0.9038693102021825,False
HPT_flow_mod,P15+P21+P50,0.22240743740174265,0.046021341186165965,0.9767183108828431,False
HPT_flow_mod,Nf+P24+P50,0.2212917688251416,0.09965136997933599,0.9488670244142032,False
HPT_flow_mod,Wf+P24+Ps30,0.22117536677479455,0.011189354270434437,0.9943895844836498,False
HPT_flow_mod,Nf+Nc+P40,0.22088230363278047,0.003380914577654659,0.99830811146777,False
HPT_flow_mod,Wf+Nc+P50,0.22085550007559637,0.06702272610540516,0.9659074872339456,False
HPT_flow_mod,Wf+Ps30+P40,0.2188626579285048,0.07169094451012659,0.9634879633341943,False
HPT_flow_mod,Wf+P24+P40,0.21885164246408842,-0.38904809224819203,1.1785788443070715,False
HPT_flow_mod,T30+P40+P50,0.21801212918457338,0.09728940890981153,0.9501108309508888,False
HPT_flow_mod,Wf+T48+P40,0.21797128849282357,0.29698294564652594,0.8384611227442057,False
HPT_flow_mod,Wf+T30+P40,0.21780673572603976,0.060589020318065234,0.9692321598471312,False
HPT_flow_mod,T24+T30+T50,0.21780254980216454,0.4063661629379004,0.7704763702165691,False
HPT_flow_mod,Wf+T24+T48,0.21606088303548293,0.15794008226886325,0.9176382281330355,False
HPT_flow_mod,T30+Ps30+P40,0.21567782560168258,0.16490799046818605,0.9138336881138788,False
HPT_flow_mod,T24+P21+P50,0.21538183726782292,0.032972127743941204,0.9833757533395151,False
HPT_flow_mod,Wf+T50+P24,0.21399110298339233,0.3357135222199109,0.8150377155568257,False
HPT_flow_mod,Nc+T24+P24,0.21379474318956815,0.31445720177337355,0.827975119328248,False
HPT_flow_mod,Wf+Ps30+P50,0.2125400140409783,-0.04288869788168026,1.0212192212652875,False
HPT_flow_mod,Nf+T50+P24,0.20952367985925094,0.48179265009423333,0.7198662027806046,False
HPT_flow_mod,Wf+P21+Ps30,0.20947087661559782,0.3769465821244825,0.7893373283175689,False
HPT_flow_mod,Wf+P40+P50,0.20916789689919196,0.010533484092639434,0.9947193151373711,False
HPT_flow_mod,Wf+Nf+P50,0.20873629495240628,0.07104633095519686,0.9638224260955973,False
HPT_flow_mod,Nf+Nc+P24,0.20633137738831542,0.3242283449173219,0.8220533164477096,False
HPT_flow_mod,T24+P15+Ps30,0.2025045684064225,0.5299907185417359,0.6855722292058396,False
HPT_flow_mod,Wf+T30+P50,0.19941865623504332,0.17333675792145498,0.9092102298580593,False
HPT_flow_mod,P24+Ps30+P40,0.19591605630061115,-0.12444101962530674,1.0603966331638868,False
HPT_flow_mod,P15+Ps30+P40,0.1958826834760811,0.45850447846254905,0.7358637927887545,False
HPT_flow_mod,Nf+P24+P40,0.19449204341607926,-0.005809314351418848,1.0029004508680903,False
HPT_flow_mod,P21+P40+P50,0.19419763220083813,0.055463320672225924,0.971872769104976,False
HPT_flow_mod,T24+P21+Ps30,0.19225492777871497,0.5963686885144188,0.635319849749385,False
HPT_flow_mod,Wf+Nf+P24,0.19097853320393599,0.41256927450224545,0.7664402948030294,False
HPT_flow_mod,Wf+Nc+P24,0.18963638055893242,0.3867671461693297,0.7830918552958333,False
HPT_flow_mod,Nf+T30+T48,0.18956418463804275,0.448910282480658,0.7423541725614142,False
HPT_flow_mod,Nf+P21+P50,0.18821332836426946,0.05869491252037495,0.9702087855094002,False
HPT_flow_mod,P21+P24+Ps30,0.18702915652838908,0.3223313939679505,0.8232062961567104,False
HPT_flow_mod,P15+P24+Ps30,0.18693899676028536,0.4254950682940819,0.7579610357438687,False
HPT_flow_mod,P24+P40+P50,0.1845704026959824,0.008313198618066342,0.9958347259369568,False
HPT_flow_mod,Nc+P24+Ps30,0.18450501907607791,0.3346447317723331,0.8156931213561059,False
HPT_flow_mod,P21+Ps30+P40,0.18368558287826503,0.35485568180299853,0.8032087637700436,False
HPT_flow_mod,T24+P24+P40,0.18364118551946407,-0.003814923609687604,1.0019056460613882,False
HPT_flow_mod,P15+P40+P50,0.18341466781500948,0.025144889840033935,0.9873475123582204,False
HPT_flow_mod,Nf+P21+Ps30,0.1830778994339208,0.5933071189606842,0.6377247690338801,False
HPT_flow_mod,T24+P40+P50,0.18228652057947145,0.04973241790506944,0.9748166915348396,False
HPT_flow_mod,Wf+P15+P24,0.18080367912358,-0.15236649715784778,1.0734833474059333,False
HPT_flow_mod,Nf+T30+P24,0.18052337988365463,0.338838552619523,0.8131183477086696,False
HPT_flow_mod,T24+Ps30+P40,0.17968203270962926,-0.017904306111778068,1.0089124372866944,False
HPT_flow_mod,Nc+T24+P40,0.1776726362792433,-0.005351350316286307,1.0026721050853495,False
HPT_flow_mod,Wf+Nf+P40,0.17604556212185266,-0.015552633919614589,1.0077463142674423,False
HPT_flow_mod,P15+P21+Ps30,0.17313492422145038,0.51514058230459,0.6963184743315446,False
HPT_flow_mod,Wf+P15+Ps30,0.17127593928223087,0.29325578566731336,0.8406808040705382,False
HPT_flow_mod,Nc+P40+P50,0.16937510224684538,-0.010312392155950478,1.0051429710026083,False
HPT_flow_mod,T50+P21+P40,0.16878833429890375,0.08765874191409184,0.9551655657978403,False
HPT_flow_mod,Wf+P21+P24,0.16764526678168667,-0.1717703413567917,1.0824834138945465,False
HPT_flow_mod,Ps30+P40+P50,0.16701142130331692,-0.057979178209012217,1.028581148091395,False
HPT_flow_mod,Nc+P24+P40,0.16344242613771917,0.2552362692665776,0.8629969471170928,False
HPT_flow_mod,T24+Ps30+P50,0.16291254061826096,-0.02521353828906836,1.0125282901178951,False
HPT_flow_mod,Nf+P24+Ps30,0.16003177817887074,0.4887069640432232,0.7150475760093008,False
HPT_flow_mod,Nf+Nc+T24,0.15819033000159,0.0025012641407641256,0.9987485849097539,False
HPT_flow_mod,T24+P15+P50,0.158045024130793,-0.019204016698795012,1.0095563464704658,False
HPT_flow_mod,Nc+T24+Ps30,0.15595536459064976,0.007640462277449078,0.9961724437679206,False
HPT_flow_mod,Nf+P15+Ps30,0.15442088744511756,0.41139136756304495,0.7672083370486501,False
HPT_flow_mod,Wf+T24+P40,0.15417253318777815,-0.010039152492436587,1.0050070410163487,False
HPT_flow_mod,Nf+Nc+Ps30,0.1465288805618847,0.007054215640965755,0.9964666498980457,False
HPT_flow_mod,Nf+T24+T30,0.14200651279423016,0.14689072122915403,0.9236391496525286,False
HPT_flow_mod,Wf+Nf+T30,0.14029156698414527,0.05053808406270388,0.9744033640835279,False
HPT_flow_mod,Nf+T24+P40,0.13693603252428763,0.0016690081734015427,0.9991651474238873,False
HPT_flow_mod,Nf+P15+P40,0.13646915937791376,-1.9330204244545452,1.7126063250071644,False
HPT_flow_mod,Wf+Nc+T30,0.13472964968319465,-0.04492691876169097,1.0222166691859857,False
HPT_flow_mod,P21+P24+P40,0.13466622764415478,-0.4838392934369755,1.218129423927103,False
HPT_flow_mod,Nf+T24+P50,0.13357565027012613,-0.014979249696553953,1.0074617857251729,False
HPT_flow_mod,T24+T30+P24,0.13253541727781865,0.07632887259572774,0.9610781068176886,False
HPT_flow_mod,P15+P24+P40,0.13251058054577755,-2.0278068816776034,1.7400594477424052,False
HPT_flow_mod,P15+P21+P40,0.13229957155238325,-2.1586717955220713,1.7772652575015557,False
HPT_flow_mod,T24+P15+P40,0.1321613136398968,-2.327832525219448,1.8242347779875945,False
HPT_flow_mod,T24+P21+P40,0.13207718590695486,-2.8311621233641904,1.9573354652088104,False
HPT_flow_mod,Nf+P21+P40,0.1315180387707229,-2.7718390647255795,1.942122309414518,False
HPT_flow_mod,Wf+Nc+T24,0.12744032903533178,-0.005975059172547814,1.0029830802025266,False
HPT_flow_mod,P15+P24+P50,0.12536613898427412,0.007785822231117123,0.9960994818635752,False
HPT_flow_mod,Wf+T24+T30,0.12457599931534338,0.01995697884459524,0.9899712223875019,False
HPT_flow_mod,T30+T50+P24,0.11795641234054005,0.2513918156595558,0.8652214654875618,False
HPT_flow_mod,Nc+P21+P50,0.10272587279363918,-0.044903125324348814,1.0222050309621593,False
HPT_flow_mod,Wf+Nc+P40,0.09983086484815372,-0.016935118037000096,1.0084320096253392,False
HPT_flow_mod,Nc+T24+P50,0.09171677378631893,-0.01824663559259654,1.009082075746367,False
HPT_flow_mod,Nf+T24+Ps30,0.08175896881052193,-0.00902717158966948,1.0045034452851167,False
HPT_flow_mod,Nf+Ps30+P40,0.07824997068883348,-0.006115468863680862,1.0030530738020202,False
HPT_flow_mod,Wf+Nf+Nc,0.06575583523542682,-0.045189852664075936,1.0223452707691643,False
HPT_flow_mod,T24+P24+P50,0.05927993853942452,-0.1007944425491345,1.0491875154371284,False
HPT_flow_mod,Wf+Nc+Ps30,0.05785507984323259,-0.049766890817445786,1.0245813246479978,False
HPT_flow_mod,Wf+Nf+Ps30,0.040222011848945104,-0.01596632722255764,1.0079515500372813,False
HPT_flow_mod,Wf+T30+P24,0.04017695061652056,0.013218402988950162,0.99336881217957,False
HPT_flow_mod,T24+P24+Ps30,0.033253333162134864,-0.0072692546113357626,1.0036280459469713,False
HPT_flow_mod,Wf+T24+Ps30,0.009686250497792974,-0.1474037670522379,1.0711693456462605,False
HPT_flow_mod,Wf+T24+P21,0.0,-0.00349804792297026,1.0017474970884481,False
HPT_flow_mod,Wf+T24+P15,0.0,-0.006141892361017698,1.0030662452505406,False
HPT_flow_mod,Wf+Nf+T24,-0.05950538965491256,-0.05483003432818667,1.0270491878815673,False
HPT_flow_mod,Wf+T24+P24,-0.12069337654213105,-0.39217443732181057,1.1799044187228942,False
LPT_eff_mod,Nc+T48+P15,0.6259020093230462,0.47860757166362944,0.7220750849713419,False
LPT_eff_mod,Nc+T48+P21,0.6258358362082533,0.4541813019510744,0.7387954372144738,False
LPT_eff_mod,Wf+Nf+T48,0.6257985342637219,0.31126210122112596,0.8299023429168483,False
LPT_eff_mod,Nf+T48+P24,0.6257014995870858,0.32104261291262537,0.8239887056794981,False
LPT_eff_mod,Wf+T48+P21,0.6251490441336746,0.36297552536475497,0.7981381300472024,False
LPT_eff_mod,Wf+T48+P24,0.624580369201428,0.3131097786144674,0.8287884056775484,False
LPT_eff_mod,Nc+T48+P24,0.624298726747504,0.4103092422908379,0.767913248817314,False
LPT_eff_mod,Nf+T24+T48,0.6240178749120633,0.31668779463832863,0.8266270049796772,False
LPT_eff_mod,Nf+Nc+T48,0.6239767089458156,0.3771436789408307,0.789212468894891,False
LPT_eff_mod,Wf+T48+P15,0.6235676461511449,0.35419355287670784,0.8036208354213398,False
LPT_eff_mod,T48+P15+P24,0.62326508662899,0.3882699256838825,0.7821317499731855,False
LPT_eff_mod,T24+T48+P21,0.6228903618839556,0.37594642484170115,0.7899706166423527,False
LPT_eff_mod,T48+P21+P24,0.622876987358283,0.38603787185018623,0.78355735472894,False
LPT_eff_mod,T24+T48+P24,0.6225429143234892,0.585487049483079,0.6438268016453811,False
LPT_eff_mod,T24+T48+P15,0.6216326792383761,0.3640596284223777,0.7974586958442564,False
LPT_eff_mod,T48+P15+P21,0.6197437790334207,0.36894047501314475,0.7943925509386749,False
LPT_eff_mod,Nf+T48+P21,0.6176051126669704,0.2843603361766468,0.8459548828533074,False
LPT_eff_mod,Nf+T48+P15,0.6175080467834747,0.32828453551486325,0.8195824940084657,False
LPT_eff_mod,Nc+T50+P15,0.6115273675379468,0.6004825619936993,0.632073918150639,False
LPT_eff_mod,Nc+T30+T48,0.609666888519284,0.6962451112313348,0.5511396272893696,False
LPT_eff_mod,Nc+T24+T48,0.6091129829372601,0.7295666311843418,0.5200320844098546,False
LPT_eff_mod,Nc+T50+P21,0.6082931519913534,0.5916065412074157,0.6390566945057256,False
LPT_eff_mod,T30+T50+P24,0.608210972694674,0.6356640717348514,0.6036024587964736,False
LPT_eff_mod,Nc+T24+T50,0.6082008562684675,0.5990346966656788,0.6332182114676751,False
LPT_eff_mod,Nc+T50+P24,0.6080638066751982,0.6041178715129709,0.6291916468668581,False
LPT_eff_mod,Wf+Nc+T48,0.6073888184213847,0.46488417245460156,0.7315161157113345,False
LPT_eff_mod,Wf+Nc+P21,0.6071491989533432,0.4500291824073046,0.7416001736735875,False
LPT_eff_mod,Wf+Nc+P15,0.6066815960155346,0.5205406101595373,0.6924300613350511,False
LPT_eff_mod,Wf+Nf+P21,0.6064580494924999,0.4140756830053346,0.7654569334682817,False
LPT_eff_mod,T30+T48+Ps30,0.6058577666618365,0.7210534016596077,0.5281539532564271,False
LPT_eff_mod,T30+T50+P40,0.6057454339637419,0.8299278266094048,0.4123980763662644,False
LPT_eff_mod,T50+P40+P50,0.6055352830433249,0.6660114367148322,0.5779174363913653,False
LPT_eff_mod,Nf+T50+P21,0.6054557420872366,0.5661281413686741,0.6586895009268979,False
LPT_eff_mod,T24+T50+P21,0.6051839535914701,0.5485928566846324,0.6718683973185281,False
LPT_eff_mod,T50+P15+P24,0.6051308695213672,0.5057309598168003,0.7030427015361156,False
LPT_eff_mod,Wf+Nc+T50,0.6045625335701849,0.6237011000482229,0.6134320662891508,False
LPT_eff_mod,Nf+Nc+T50,0.6042618767884415,0.6063045184950588,0.6274515770200447,False
LPT_eff_mod,Nc+T30+P24,0.6036865880087113,0.28725955829348415,0.8442395641679652,False
LPT_eff_mod,Nf+T24+T50,0.6031742592743545,0.5505805685698406,0.6703875233252475,False
LPT_eff_mod,Nf+T50+P15,0.6028623288414205,0.5416111649598199,0.6770441898725518,False
LPT_eff_mod,T30+T50+P21,0.6026322256425577,0.5616622444410504,0.6620708085688038,False
LPT_eff_mod,Nf+T30+T50,0.6026026195264258,0.8069828315785442,0.4393371921673098,False
LPT_eff_mod,Nc+T30+T50,0.6025093448230151,0.8263342542136977,0.4167322231197179,False
LPT_eff_mod,T50+P15+P21,0.6020033916983207,0.5499067649332268,0.670889882966477,False
LPT_eff_mod,T30+T50+P15,0.6019012564683817,0.5680591833520283,0.6572220451627986,False
LPT_eff_mod,Nf+T50+P24,0.601776212259666,0.5503472175226396,0.670561542647176,False
LPT_eff_mod,T50+Ps30+P50,0.6017004609010418,0.7616277681299541,0.4882337881282346,False
LPT_eff_mod,T24+T50+P24,0.6016096767979157,0.5548576223657443,0.6671899112203777,False
LPT_eff_mod,T30+T48+P40,0.6015068208858697,0.7217030810758016,0.5275385473348828,False
LPT_eff_mod,T24+T30+T50,0.6007788612561682,0.8070549938063831,0.43925505824477074,False
LPT_eff_mod,Wf+T30+P21,0.6007656195501881,0.4939618321107948,0.7113635975288624,False
LPT_eff_mod,T24+T30+T48,0.600631953512647,0.69751479681717,0.549986548183526,False
LPT_eff_mod,Wf+T50+P24,0.6003574058046193,0.4520751667751959,0.740219449369445,False
LPT_eff_mod,Wf+T24+T50,0.6000138260554868,0.5509593598998748,0.6701049470792804,False
LPT_eff_mod,Wf+T50+P21,0.5999235749014619,0.5374799995896519,0.6800882298719396,False
LPT_eff_mod,T24+T50+Ps30,0.5998341301117144,0.8338771392680355,0.40758172276485183,False
LPT_eff_mod,T50+P21+P24,0.5997422454230082,0.508641624088217,0.7009695969953211,False
LPT_eff_mod,T48+T50+P40,0.5995434030518944,0.7174021779689237,0.5315993058978503,False
LPT_eff_mod,Nc+T50+P50,0.5994167852600968,0.6858746020311073,0.5604689090118138,False
LPT_eff_mod,Wf+Nf+P15,0.5991509789875035,0.45001477072822527,0.741609890219767,False
LPT_eff_mod,T24+T50+P15,0.598825977059724,0.5545370510005372,0.6674301079509845,False
LPT_eff_mod,T30+T50+P50,0.5985710127591839,0.7965297943526384,0.4510767181393445,False
LPT_eff_mod,Wf+T50+P15,0.5975776460610006,0.5371216933125352,0.6803516051920983,False
LPT_eff_mod,T48+T50+P15,0.5975180095635731,0.5474035477047119,0.6727528909601861,False
LPT_eff_mod,Wf+Nf+P24,0.5973593015466353,0.3778617203975614,0.7887574276052419,False
LPT_eff_mod,Wf+T24+T48,0.5972785418349109,0.7323698620415708,0.517329815454734,False
LPT_eff_mod,T50+P15+Ps30,0.5962274078390446,0.7270563313235352,0.5224401101336542,False
LPT_eff_mod,Wf+T30+T48,0.5956292393519524,0.6648794552016616,0.5788959706185027,False
LPT_eff_mod,T50+P21+Ps30,0.5949541149532895,0.7208928108885819,0.5283059616466751,False
LPT_eff_mod,T30+T48+P15,0.5948029456673251,0.6185862666982715,0.6175870248812944,False
LPT_eff_mod,Wf+P15+P21,0.5944151211218713,0.48476557777975904,0.7177983158382589,False
LPT_eff_mod,Wf+P15+P24,0.5942594733256059,0.5203304116075592,0.6925818279398043,False
LPT_eff_mod,Wf+T30+T50,0.5938192537465177,0.7600096748399332,0.48988807411496227,False
LPT_eff_mod,T48+T50+P24,0.5936688517596054,0.4808374633093655,0.7205293447810674,False
LPT_eff_mod,Nc+T30+P21,0.5933037847769316,0.22344949391489788,0.8812210313452022,False
LPT_eff_mod,T24+T50+P40,0.5930016436456778,0.8273501245075867,0.415511582861914,False
LPT_eff_mod,Wf+Nf+T50,0.5928882890791785,0.5445179093401713,0.6748941329274012,False
LPT_eff_mod,Nf+T30+T48,0.5928030401919936,0.6629384343828304,0.5805700350665453,False
LPT_eff_mod,T30+T48+P21,0.5924360538699203,0.5874038825365588,0.6423364519186507,False
LPT_eff_mod,Nc+T24+T30,0.5923274806285742,0.16683696920921975,0.912777645864961,False
LPT_eff_mod,T24+T50+P50,0.5909646838784223,0.6678808772487628,0.5762977726412251,False
LPT_eff_mod,T50+P15+P50,0.5897263696572138,0.7830827620003721,0.4657437471395917,False
LPT_eff_mod,Nc+T48+T50,0.5885944069545462,0.7715657732843082,0.47794793305933625,False
LPT_eff_mod,T50+P21+P40,0.5878570156342171,0.7300894616221105,0.5195291506526746,False
LPT_eff_mod,Nc+T48+P50,0.5872577710966215,0.6147611592055479,0.6206761158562911,False
LPT_eff_mod,T48+P15+P50,0.5861978665312418,0.5982309482357899,0.6338525473359006,False
LPT_eff_mod,Wf+T50+P50,0.586090542214496,0.5926589005534555,0.6382327940857822,False
LPT_eff_mod,Nc+T48+P40,0.585632090712428,0.642339869012361,0.5980469304223867,False
LPT_eff_mod,Wf+P21+P50,0.5853098097568683,0.6804370085971019,0.5652990283052839,False
LPT_eff_mod,Wf+T50+P40,0.5852424657429728,0.7286609232532835,0.5209021757938016,False
LPT_eff_mod,T30+T48+T50,0.5847611551725783,0.7976834517994411,0.44979611848098333,False
LPT_eff_mod,Nc+T30+P15,0.5844537985416277,0.17284986865813368,0.9094779443955011,False
LPT_eff_mod,T30+T48+P50,0.5841198380705017,0.6597709977202176,0.5832915242653389,False
LPT_eff_mod,T50+P21+P50,0.5838153323760938,0.6365140090816934,0.6028979937919072,False
LPT_eff_mod,T24+T48+Ps30,0.5829669173437707,0.6631210016232703,0.5804127827475286,False
LPT_eff_mod,T50+P15+P40,0.5826881169455679,0.7134497220919032,0.5353039117250096,False
LPT_eff_mod,Nc+T50+P40,0.582236331448925,0.7756266318633296,0.47368066050522933,False
LPT_eff_mod,T30+T50+Ps30,0.5820246894025563,0.7941634327111791,0.4536921503495745,False
LPT_eff_mod,T48+P24+Ps30,0.5806704004595832,0.6608801855607537,0.5823399474870724,False
LPT_eff_mod,Nf+Nc+T30,0.580536712570375,0.20699784195644333,0.8905066861307425,False
LPT_eff_mod,Nc+T50+Ps30,0.5804326060720527,0.7768133586253292,0.4724263343365511,False
LPT_eff_mod,T50+P24+P40,0.5800357351366858,0.7282436973631843,0.5213025058800463,False
LPT_eff_mod,T30+T48+P24,0.5788429170066111,0.6785718293445571,0.5669463560650538,False
LPT_eff_mod,Nf+T50+P40,0.5782435625310024,0.7432692391416038,0.5066860574935886,False
LPT_eff_mod,T48+T50+P50,0.5775915521556193,0.7597117565154937,0.4901920475533097,False
LPT_eff_mod,Wf+Nc+P50,0.5771495901150893,0.5202383846823031,0.6926482623364452,False
LPT_eff_mod,Nc+T48+Ps30,0.5770560436181493,0.7083064622875026,0.5400866020486874,False
LPT_eff_mod,T48+Ps30+P50,0.5767724499067387,0.6131651005701939,0.6219605288358787,False
LPT_eff_mod,T24+T48+P50,0.5765750267392638,0.5343839085083615,0.6823606755167231,False
LPT_eff_mod,T24+T48+P40,0.5764808790043927,0.560996082584466,0.6625737071568218,False
LPT_eff_mod,Wf+P15+P40,0.5761298927342055,0.5480722997954642,0.6722556806785166,False
LPT_eff_mod,Wf+T24+P24,0.5758968800604893,0.3571526756341046,0.8017776028088434,False
LPT_eff_mod,Nf+T50+P50,0.5749797528547785,0.6026519140679645,0.6303555234405704,False
LPT_eff_mod,T50+P24+P50,0.574520438806108,0.6151003538019217,0.6204028096310317,False
LPT_eff_mod,Nf+Nc+P24,0.5738664920787637,0.07151173528875043,0.963580959085042,False
LPT_eff_mod,T48+T50+P21,0.5736584712909314,0.6319874871241259,0.606640348868977,False
LPT_eff_mod,Wf+P21+P40,0.572449259470389,0.54791925611355,0.6723694995212454,False
LPT_eff_mod,Wf+P15+P50,0.5721247738987347,0.6933455583681043,0.5537638861752324,False
LPT_eff_mod,T48+P21+P50,0.5714845896112405,0.6974788589280466,0.5500192188205366,False
LPT_eff_mod,T50+Ps30+P40,0.5682710528209333,0.782846417495644,0.46599740611333446,False
LPT_eff_mod,Wf+Nc+P24,0.5680388085931006,0.3719533336399513,0.7924939535163966,False
LPT_eff_mod,Wf+T48+Ps30,0.5679154494007819,0.6377684250866704,0.6018567727568823,False
LPT_eff_mod,Wf+Nf+P50,0.5672356865333004,0.4688389541185298,0.7288079622791385,False
LPT_eff_mod,T48+P21+Ps30,0.5652856381939494,0.6402174220171444,0.5998187876207742,False
LPT_eff_mod,Wf+T24+P50,0.5650372195276551,0.4661319121564801,0.7306627729969003,False
LPT_eff_mod,Nf+T50+Ps30,0.5628221847994888,0.7632031647347217,0.486617750668097,False
LPT_eff_mod,Nc+P21+P40,0.5627849621825765,-0.1779357152312273,1.0853274691222126,False
LPT_eff_mod,T48+P15+Ps30,0.5626208755473024,0.6254318891164148,0.6120196981172953,False
LPT_eff_mod,Nc+P21+Ps30,0.5622522072429406,0.19561544294063948,0.8968748837264653,False
LPT_eff_mod,T48+P24+P40,0.562212174110136,0.5475339816467137,0.672655943520375,False
LPT_eff_mod,Wf+P21+Ps30,0.5595181254315661,0.6787154060620699,0.56681971908,False
LPT_eff_mod,Wf+T48+P50,0.5590573355545845,0.5236897766509361,0.6901523189478275,False
LPT_eff_mod,Wf+Ps30+P40,0.5589177118119695,0.478907247031676,0.7218675453075336,False
LPT_eff_mod,T48+Ps30+P40,0.5580168059876397,0.6353920254323057,0.6038277689604,False
LPT_eff_mod,T48+P21+P40,0.5569839869092461,0.6585143606649889,0.5843677261237235,False
LPT_eff_mod,Wf+T48+T50,0.5569419524807141,0.6899995058821001,0.5567768800137985,False
LPT_eff_mod,Wf+P21+P24,0.5551397758989495,0.425331508081353,0.758068922934219,False
LPT_eff_mod,Wf+Nc+T30,0.5543706497870047,0.5519058732359231,0.6693983319101392,False
LPT_eff_mod,Wf+T30+Ps30,0.553398658969988,0.5308595714259126,0.684938266250388,False
LPT_eff_mod,Wf+T48+P40,0.5525916303671966,0.5712169912285918,0.6548152478152965,False
LPT_eff_mod,Wf+Nc+P40,0.5521626827017692,0.5016973214240936,0.7059055734132621,False
LPT_eff_mod,T24+T48+T50,0.5513814419117109,0.7292410279113835,0.5203450509888765,False
LPT_eff_mod,Wf+P40+P50,0.5509034292206255,0.4732492163574711,0.7257759872319618,False
LPT_eff_mod,Wf+Nf+P40,0.5496889110494886,0.4742902409028009,0.7250584521934759,False
LPT_eff_mod,T48+P40+P50,0.5491233221668552,0.5663633021011989,0.6585109702190246,False
LPT_eff_mod,T48+P15+P40,0.5487183575703671,0.5893934325623784,0.6407858982824307,False
LPT_eff_mod,Wf+Nc+Ps30,0.5473676750609457,0.5417743648636661,0.6769236553233561,False
LPT_eff_mod,Nc+P15+Ps30,0.5433502870903998,0.1700441073289637,0.9110191505512034,False
LPT_eff_mod,Wf+T50+Ps30,0.5432597557880929,0.7666324806811585,0.4830812761004524,False
LPT_eff_mod,T50+P24+Ps30,0.5428299150371658,0.7596552159820428,0.4902497159794763,False
LPT_eff_mod,Wf+P15+Ps30,0.5420919065124417,0.652785613936153,0.5892490017504035,False
LPT_eff_mod,Wf+P24+Ps30,0.5415641915021981,0.6572957396253613,0.5854094809401695,False
LPT_eff_mod,Wf+T30+P15,0.5362307531636451,0.5127762605242192,0.6980141398824101,False
LPT_eff_mod,Nf+T48+P50,0.5335945914529995,0.5189746372125628,0.6935599201132064,False
LPT_eff_mod,Nf+T48+P40,0.53107284738392,0.5568794337106253,0.6656730175464338,False
LPT_eff_mod,Nf+T48+T50,0.5305928629775343,0.7420233846214532,0.5079139842321205,False
LPT_eff_mod,Nf+T24+T30,0.5229870494872142,0.15434194375582966,0.9195966812924948,False
LPT_eff_mod,Wf+T24+P40,0.5221891625422956,0.47256387918844867,0.7262479747383473,False
LPT_eff_mod,Wf+Nf+Ps30,0.5195446389195338,0.47670730763776215,0.723389723705167,False
LPT_eff_mod,Wf+T30+P50,0.5133346592388779,0.5096744119242992,0.700232524291539,False
LPT_eff_mod,Wf+P24+P40,0.5132060572060478,0.509161133905182,0.7005989338379113,False
LPT_eff_mod,T48+T50+Ps30,0.511915589617647,0.7611618051404041,0.48871074764076544,False
LPT_eff_mod,Wf+T24+Ps30,0.5078260104459285,0.47429897274418387,0.7250524306943713,False
LPT_eff_mod,Nc+T30+Ps30,0.49689307093103224,0.40146731743817154,0.7736489401284206,False
LPT_eff_mod,Wf+T30+P40,0.49394745950453917,0.29999717598498576,0.8366617142041424,False
LPT_eff_mod,T30+P21+P24,0.4928163224109283,0.11797580033643973,0.9391614342931466,False
LPT_eff_mod,Nc+P15+P40,0.49047292755904875,0.1855920959749353,0.9024455130505469,False
LPT_eff_mod,Nc+P24+Ps30,0.48788652144387057,0.4065150447695136,0.7703797474171334,False
LPT_eff_mod,T30+P15+P40,0.4874752872897479,0.18074780182872607,0.9051255151476363,False
LPT_eff_mod,Nc+T30+P50,0.479812673707775,0.4479332823768697,0.7430119229347066,False
LPT_eff_mod,Nf+Ps30+P40,0.4707243984346391,0.33186547787584797,0.8173949609118911,False
LPT_eff_mod,Nf+Nc+P15,0.47003392974018715,0.06558650629089913,0.9666506575330618,False
LPT_eff_mod,Nf+Nc+P21,0.46972269378243686,0.051621051117107686,0.9738474977545982,False
LPT_eff_mod,Nf+T48+Ps30,0.46726508281223983,0.6478243289093738,0.5934439072824206,False
LPT_eff_mod,Wf+T24+P15,0.46525524006871666,0.3231331518806946,0.8227191793797599,False
LPT_eff_mod,Nc+T24+Ps30,0.45918822340104853,0.03882103647624102,0.9803973498147366,False
LPT_eff_mod,Wf+Nf+T24,0.45883749231335746,0.3268895599699607,0.8204330807750497,False
LPT_eff_mod,Nf+Nc+T24,0.45786731306781747,0.030544484491896617,0.9846093212579817,False
LPT_eff_mod,Nc+T24+P24,0.4577624339352005,0.027419522347071346,0.9861949491114466,False
LPT_eff_mod,T24+Ps30+P40,0.45633734165500267,0.28828260363709535,0.8436334490540928,False
LPT_eff_mod,Nc+P15+P21,0.4514211551725802,0.029817517700617358,0.984978417174398,False
LPT_eff_mod,Nf+T30+P15,0.4491812559986691,0.014972128508093818,0.9924857034194025,False
LPT_eff_mod,Nc+T24+P15,0.4470090584004062,0.03054702993844316,0.9846080286395987,False
LPT_eff_mod,Nc+T24+P21,0.44545014793826637,0.024101221079923962,0.9878758924683181,False
LPT_eff_mod,Nc+Ps30+P40,0.4423592328409347,0.3646736033560294,0.7970736456839924,False
LPT_eff_mod,Nc+T24+P40,0.4415448783286509,0.04256734638727111,0.9784848765375624,False
LPT_eff_mod,Nf+T30+P21,0.43400721776161855,0.016372353080850388,0.9917800395849624,False
LPT_eff_mod,Nf+Nc+Ps30,0.4324010934416649,0.3677299085216159,0.7951541306428483,False
LPT_eff_mod,T48+P24+P50,0.4303285265953486,0.3865069010056025,0.7832580028281853,False
LPT_eff_mod,Nc+P15+P24,0.42677126278658406,-0.01455936330839247,1.0072533759230557,False
LPT_eff_mod,Wf+T24+P21,0.4265170428804499,0.32016173877782517,0.8245230507524788,False
LPT_eff_mod,Wf+Nc+T24,0.4249947449738821,0.37370446414172187,0.7913883596934429,False
LPT_eff_mod,Nc+T30+P40,0.42446904323399137,0.35574713754533205,0.8026536379128097,False
LPT_eff_mod,Nf+T24+P40,0.42358176230590244,-0.002573849960719743,1.0012860979563831,False
LPT_eff_mod,Nc+P24+P40,0.419508655340327,0.3264561214913475,0.8206971905085654,False
LPT_eff_mod,Nc+P21+P24,0.4073668737645502,-0.030698420530393067,1.0152331852980343,False
LPT_eff_mod,Ps30+P40+P50,0.40062295539201587,0.39162810541855886,0.7799819834979786,False
LPT_eff_mod,T24+P15+P24,0.3981707783435164,-0.021696478184392687,1.0107900267535255,False
LPT_eff_mod,Nf+T24+P24,0.3906392340338963,-0.019083534556639803,1.0094966738710136,False
LPT_eff_mod,Wf+Nf+Nc,0.385434100894906,0.31199408980453913,0.8294612168121308,False
LPT_eff_mod,P21+P40+P50,0.38458624443217887,-0.052734497754597154,1.0260285072816433,False
LPT_eff_mod,P15+P21+P24,0.38209216783713046,-0.09828314719496234,1.047990051095411,False
LPT_eff_mod,P15+P40+P50,0.3816808521326598,0.23813071488559845,0.8728512388227456,False
LPT_eff_mod,T30+P15+P21,0.38035750733110857,0.1009607554548776,0.9481768002567467,False
LPT_eff_mod,Wf+T30+P24,0.3798157852216901,0.14640576576543163,0.9239016366662461,False
LPT_eff_mod,Nf+Nc+P50,0.37932675507123287,0.42387477565223974,0.759029132739818,False
LPT_eff_mod,Wf+P24+P50,0.3742720427133355,0.36758457927263555,0.7952455097184545,False
LPT_eff_mod,Nf+T24+P50,0.36850483707515486,0.28663285571675146,0.8446106465604424,False
LPT_eff_mod,T30+P40+P50,0.36728116457869037,0.3917072981578259,0.779931216096762,False
LPT_eff_mod,T30+Ps30+P50,0.36656830988225003,0.44008184539407125,0.748276790102385,False
LPT_eff_mod,Nf+Ps30+P50,0.3641269676678274,0.4278635625379551,0.756397010479315,False
LPT_eff_mod,P15+Ps30+P50,0.3600809407116223,0.37877884084274427,0.7881758427897012,False
LPT_eff_mod,P21+Ps30+P50,0.35633431144331323,0.3805536245657688,0.7870491569363576,False
LPT_eff_mod,T24+P21+P50,0.34980294912325616,0.24546096834663567,0.8686420618720719,False
LPT_eff_mod,Nc+P40+P50,0.33319787520827987,0.3619896066493138,0.7987555278999239,False
LPT_eff_mod,Wf+T24+T30,0.3313722278874071,0.4444753474617982,0.7453352618373841,False
LPT_eff_mod,P24+Ps30+P50,0.32554814526942155,0.3645011277219209,0.7971818313773082,False
LPT_eff_mod,T30+P21+P50,0.3248765327135606,0.3208684501729814,0.824094381625684,False
LPT_eff_mod,Nc+Ps30+P50,0.3236440354628708,0.3646621344541541,0.7970808400318289,False
LPT_eff_mod,T24+P15+P50,0.3235046693295169,0.26222915511087996,0.8589358793816452,False
LPT_eff_mod,Nc+T24+P50,0.3067984659970761,0.36540547437326487,0.7966144146491043,False
LPT_eff_mod,Nf+Nc+P40,0.30638856581022056,0.14436924047681898,0.9250031132505343,False
LPT_eff_mod,Nc+P15+P50,0.30451866519296233,0.34914057126935727,0.806758593837489,False
LPT_eff_mod,Nc+P24+P50,0.3042620257758738,0.3515136658253898,0.8052864919856846,False
LPT_eff_mod,Nf+P21+Ps30,0.3033648361527188,0.3417695017577925,0.8113140564801077,False
LPT_eff_mod,Nf+P15+Ps30,0.3010274181294324,0.3518426526438674,0.8050821991300843,False
LPT_eff_mod,Wf+Ps30+P50,0.29522923416585595,0.36364980768372734,0.7977156086703284,False
LPT_eff_mod,Nf+P15+P50,0.2945164215429221,0.45454258442915174,0.7385508889513628,False
LPT_eff_mod,P15+P21+P50,0.29383274666170106,0.3259863149249552,0.820983364676194,False
LPT_eff_mod,T24+P15+Ps30,0.29248005016668743,0.026152578360890022,0.9868370795825975,False
LPT_eff_mod,Nc+P21+P50,0.2919267191239233,0.354860071143122,0.8032060313872637,False
LPT_eff_mod,Nf+P21+P40,0.28110995956771895,0.33100780893914006,0.8179194282206897,False
LPT_eff_mod,T30+P24+Ps30,0.2769833641688559,0.24771907553297923,0.8673412964150968,False
LPT_eff_mod,Wf+Nf+T30,0.2769805694277387,0.4036053957893988,0.7722658895811734,False
LPT_eff_mod,P21+P24+Ps30,0.269627930630459,0.1441846453370479,0.9251028886901996,False
LPT_eff_mod,T24+P40+P50,0.26242799109710213,0.32561204185422343,0.8212112749748244,False
LPT_eff_mod,Nf+P15+P40,0.2619174666630505,0.3100003333578042,0.8306621856339651,False
LPT_eff_mod,Nf+T24+P21,0.25858681938907896,0.03715432320717138,0.98124700090896,False
LPT_eff_mod,Nf+P24+P50,0.25148543239411697,0.38258378253837744,0.7857583709141268,False
LPT_eff_mod,Nf+T30+P50,0.25001183039120956,0.4004944723275692,0.7742774229385943,False
LPT_eff_mod,T30+P15+P50,0.24878421262313896,0.32326987433599874,0.8226360833710137,False
LPT_eff_mod,T30+P24+P40,0.24859808884736834,-0.011801202269656752,1.0058832945574037,False
LPT_eff_mod,T24+T30+P50,0.2475579774045027,0.3243106970442611,0.822003225635848,False
LPT_eff_mod,P15+P24+P50,0.24751015563589654,0.2929880207806901,0.8408400437772393,False
LPT_eff_mod,Nf+T24+P15,0.2411778950863935,0.048581238036990104,0.9754069724802104,False
LPT_eff_mod,Nf+P21+P50,0.2356444502012601,0.3848577868650367,0.7843100236099009,False
LPT_eff_mod,P24+P40+P50,0.23442788809015253,0.20720705141765883,0.8903892118519525,False
LPT_eff_mod,P21+P24+P50,0.22935320661622488,0.2615185407713885,0.8593494395347049,False
LPT_eff_mod,Nf+P40+P50,0.22294670341278658,0.3035517502998204,0.8345347504449288,False
LPT_eff_mod,T30+P24+P50,0.22122825228541007,0.3269300748176188,0.8204083892686502,False
LPT_eff_mod,P24+Ps30+P40,0.219903118553807,0.164821681005062,0.9138809107290391,False
LPT_eff_mod,T24+P24+P50,0.2197532910485793,0.262255687792611,0.8589204341540542,False
LPT_eff_mod,P15+P24+Ps30,0.21076777126968402,0.10382545207066318,0.9466649607592628,False
LPT_eff_mod,P15+P21+Ps30,0.2056918987927989,0.08907251914912917,0.9544252096685578,False
LPT_eff_mod,T24+P21+Ps30,0.19668140118047564,0.07796347177951057,0.9602273315317,False
LPT_eff_mod,P21+P24+P40,0.1932395073562808,-0.0944196247450948,1.0461451260437504,False
LPT_eff_mod,T24+Ps30+P50,0.19002487315567,0.30903765451286547,0.8312414483693259,False
LPT_eff_mod,P15+P24+P40,0.17980655403298168,-0.03195165651155363,1.0158502136198788,False
LPT_eff_mod,T30+P21+P40,0.1755398518243103,0.061201048091630184,0.968916380245669,False
LPT_eff_mod,Nf+T24+Ps30,0.1747144352191566,0.2415106237694915,0.8709129555991852,False
LPT_eff_mod,T30+Ps30+P40,0.15249124029721092,0.08479676697807892,0.956662549189588,False
LPT_eff_mod,Nf+P24+P40,0.142290098788229,0.060628610037230524,0.969211736393431,False
LPT_eff_mod,T24+T30+P15,0.13714884647555067,0.03485817824461779,0.9824163179403028,False
LPT_eff_mod,T24+P21+P40,0.13199159812784209,-0.36197539637048814,1.1670370158527483,False
LPT_eff_mod,P15+Ps30+P40,0.12985821357109775,-0.48530603565104435,1.2187313221752547,False
LPT_eff_mod,T24+P15+P40,0.1292245872810961,-0.3809099647223231,1.1751212553274335,False
LPT_eff_mod,P21+Ps30+P40,0.1283398558446545,-0.4798378787393369,1.216485872807135,False
LPT_eff_mod,P15+P21+P40,0.1261711728707249,-0.2173284696584703,1.103326093980592,False
LPT_eff_mod,T24+T30+Ps30,0.0994980362665658,-0.0020963659036454807,1.0010476341831318,False
LPT_eff_mod,T24+P15+P21,0.07797863413655891,-0.007490666870831442,1.0037383458206783,False
LPT_eff_mod,Nf+P15+P21,0.07260459990643592,-0.005128859968510202,1.0025611502389817,False
LPT_eff_mod,T30+P15+Ps30,0.06736125703572414,0.24716225921744028,0.867662227357259,False
LPT_eff_mod,T30+P21+Ps30,0.06682144541159561,0.2711621754599459,0.853719991882616,False
LPT_eff_mod,T24+P24+P40,0.0,-0.018279045809902028,1.0090981348758414,False
LPT_eff_mod,T24+P24+Ps30,0.0,-0.018359278990978778,1.0091378889879117,False
LPT_eff_mod,T24+T30+P40,-0.02911863727986227,0.009526761375985182,0.995225220050223,False
LPT_eff_mod,T30+P15+P24,-0.03030822304902867,0.009866156989695174,0.9950546934768484,False
LPT_eff_mod,T24+T30+P24,-0.035233032612200336,-0.004479523691298004,1.002237259181327,False
LPT_eff_mod,Nf+T30+P40,-0.03666443385955983,-0.006580846491923031,1.0032850275429825,False
LPT_eff_mod,Nf+T30+Ps30,-0.037879620223153006,-0.006545641642927924,1.0032674826001926,False
LPT_eff_mod,Nf+P15+P24,-0.04376030127161111,-0.03683618567788405,1.0182515335995739,False
LPT_eff_mod,Nf+P24+Ps30,-0.04525476250533096,-0.01866366948205389,1.0092886948153408,False
LPT_eff_mod,Nf+P21+P24,-0.04585321026094695,-0.02809211638370268,1.0139487740431974,False
LPT_eff_mod,Nf+T30+P24,-0.049174545452696596,-0.010991132390025582,1.0054805479918671,False
LPT_eff_mod,T24+P21+P24,-0.058354256507141634,-0.09097440832988402,1.0444972036007967,False
LPT_eff_mod,T24+T30+P21,-0.1250723552309389,0.0033076491714669753,0.9983448055799825,False
LPT_flow_mod,T30+T48+P24,0.632552984456892,0.6309524888504089,0.6074928074879496,False
LPT_flow_mod,T24+T50+P40,0.6324251012648449,0.4884250732061435,0.7152446621917962,False
LPT_flow_mod,T24+T48+P21,0.6310879203277073,0.422309224466193,0.760059718399684,False
LPT_flow_mod,Nf+T50+P15,0.6309353098321995,0.4729070766489343,0.7260116551069036,False
LPT_flow_mod,T24+T50+Ps30,0.6308080216492803,0.49977722292754234,0.7072642908223613,False
LPT_flow_mod,Wf+T48+P21,0.6307341441124158,0.436693410894785,0.7505375334420091,False
LPT_flow_mod,Nf+T50+P21,0.6306852708295146,0.4867076880791993,0.7164442141023966,False
LPT_flow_mod,Nf+T24+T50,0.6306616198348975,0.47056904928534715,0.7276200593129994,False
LPT_flow_mod,T24+T48+Ps30,0.6306265495293286,0.42310729720620466,0.7595345303498684,False
LPT_flow_mod,Nc+T48+P21,0.6305816806408351,0.5115211964282281,0.6989125865026125,False
LPT_flow_mod,T24+T50+P15,0.6304588139104381,0.473882738982625,0.7253394109086966,False
LPT_flow_mod,T24+T50+P21,0.6304588139104381,0.47392191932154026,0.7253124021264628,False
LPT_flow_mod,T48+P24+Ps30,0.6304016309308248,0.4405002330842671,0.7479971703928651,False
LPT_flow_mod,Nf+T48+P24,0.6303856282308726,0.4472407345585012,0.743477817719869,False
LPT_flow_mod,Nc+T48+P15,0.6303510495044415,0.4986543599789408,0.7080576530347363,False
LPT_flow_mod,T24+T30+T48,0.6302418789010586,0.6427614598650357,0.5976943534407567,False
LPT_flow_mod,T30+T50+P40,0.6301312220295651,0.5953187981766002,0.6361455822556656,False
LPT_flow_mod,T48+P15+Ps30,0.6300865700471289,0.3934782954944279,0.7787950336934435,False
LPT_flow_mod,Nf+T30+T50,0.6300084811929554,0.6258108880116035,0.6117099901002079,False
LPT_flow_mod,T48+P15+P24,0.6299907211443911,0.43790724670562753,0.7497284530377465,False
LPT_flow_mod,T30+T48+P21,0.6298985917638369,0.6251178127587912,0.6122762344246334,False
LPT_flow_mod,T30+T48+P15,0.6298985917638369,0.6251194830076441,0.6122748704563628,False
LPT_flow_mod,T24+T48+P15,0.629575229768954,0.4305930532996215,0.7545905821704764,False
LPT_flow_mod,T24+T48+P24,0.6294675999247323,0.4447838355005961,0.7451282872763615,False
LPT_flow_mod,T50+P15+P21,0.6294172764600204,0.4796405773678728,0.7213594267992393,False
LPT_flow_mod,T48+P15+P21,0.6293929370189751,0.4373910942189406,0.7500726003401665,False
LPT_flow_mod,T48+P21+P24,0.629305081923423,0.449443190389202,0.7419951547084375,False
LPT_flow_mod,Nc+T50+P21,0.6291678900381728,0.5424050149350933,0.6764576742597475,False
LPT_flow_mod,Nf+Nc+T50,0.6290968172466862,0.5334370139943551,0.6830541603750356,False
LPT_flow_mod,Nc+T24+T48,0.6290721090335641,0.515705191461606,0.6959129317223485,False
LPT_flow_mod,T24+T48+P40,0.6289850435316887,0.48295492589933553,0.7190584636179901,False
LPT_flow_mod,Nc+T50+P15,0.6288035186192359,0.5408333814832716,0.6776183428130678,False
LPT_flow_mod,T30+T50+Ps30,0.6284591480904234,0.6155829883688535,0.6200137189055952,False
LPT_flow_mod,Nf+T48+Ps30,0.6278233047119781,0.37216909053496694,0.7923578165608218,False
LPT_flow_mod,Nc+T50+P24,0.6275777100876192,0.5426645720701828,0.6762657968061205,False
LPT_flow_mod,T48+P21+Ps30,0.6275715121027114,0.38406736739343195,0.7848137566369284,False
LPT_flow_mod,T48+P15+P40,0.627392944110293,0.3753323028308504,0.7903592203353799,False
LPT_flow_mod,Wf+T48+Ps30,0.6273850248901653,0.3641160419334355,0.7974233242554198,False
LPT_flow_mod,T24+T30+T50,0.6272714983611245,0.6778749324265918,0.5675606289846117,False
LPT_flow_mod,T50+P21+P40,0.6268029543420929,0.5120675007749087,0.6985216526530091,False
LPT_flow_mod,Nc+T50+P40,0.6265600387910908,0.5539131358917821,0.6678973454867281,False
LPT_flow_mod,T50+P21+Ps30,0.6263921595793147,0.561918172474581,0.6618775019030477,False
LPT_flow_mod,T30+T50+P21,0.6263822512037596,0.6648304853180993,0.5789382650005963,False
LPT_flow_mod,Wf+T24+T50,0.6261441355717794,0.49397057283125867,0.7113574538646104,False
LPT_flow_mod,Nf+T48+P40,0.6259874563844586,0.36641777265201136,0.7959787857399143,False
LPT_flow_mod,T48+P24+P40,0.6259348714511938,0.41585763915324203,0.76429206514706,False
LPT_flow_mod,Wf+T48+P40,0.6255647818932091,0.4149711914699915,0.7648717595322815,False
LPT_flow_mod,Wf+T50+P21,0.6249365205490772,0.5198470271462545,0.6929307128809815,False
LPT_flow_mod,T50+P15+P24,0.6249151300823081,0.4722491522236053,0.7264646225222496,False
LPT_flow_mod,T30+T50+P15,0.6248676790727967,0.6888423496210093,0.55781506826097,False
LPT_flow_mod,Nc+T48+P24,0.6246160064846275,0.5138012286524183,0.6972795503580911,False
LPT_flow_mod,Nf+T24+T48,0.6243050337349481,0.3941201026729899,0.7783828732230753,False
LPT_flow_mod,T30+T50+P24,0.6240431239724914,0.5999922380868168,0.6324616683350724,False
LPT_flow_mod,Nc+T30+T50,0.6239389576380284,0.6656219291221295,0.5782543306174805,False
LPT_flow_mod,Nc+T24+T50,0.6236900890199225,0.5454372331827873,0.6742127014653555,False
LPT_flow_mod,T48+P21+P40,0.6236654847052601,0.36118236886891886,0.7992606778336345,False
LPT_flow_mod,Nf+T50+Ps30,0.6235680181762038,0.5078769955055017,0.7015147927838002,False
LPT_flow_mod,Wf+T48+P15,0.6233341246354704,0.46091573547448106,0.7342235793854068,False
LPT_flow_mod,Wf+T30+T50,0.6232584318508483,0.6518899909056145,0.5900084822224045,False
LPT_flow_mod,Nf+T50+P40,0.62320812897458,0.5026585031004313,0.705224430163596,False
LPT_flow_mod,T50+P24+Ps30,0.6231555886775483,0.5369696542342252,0.680463331683475,False
LPT_flow_mod,T50+Ps30+P40,0.6228418320261274,0.4299757165716983,0.7549995254490571,False
LPT_flow_mod,T30+T48+Ps30,0.6228235720376288,0.6437538881798597,0.5968635621481181,False
LPT_flow_mod,T30+T48+P40,0.6226900135319806,0.6065549427354153,0.6272519886493663,False
LPT_flow_mod,T48+T50+Ps30,0.6224030354184089,0.5681021055601041,0.6571893900846968,False
LPT_flow_mod,Wf+T30+T48,0.6222715421560533,0.694091793131189,0.5530896915228225,False
LPT_flow_mod,Wf+T50+P15,0.6216621385539914,0.5034020668587691,0.7046970506119852,False
LPT_flow_mod,T50+P15+P40,0.6214348725773307,0.6112142786309469,0.6235268409371428,False
LPT_flow_mod,T48+T50+P15,0.6211123017687616,0.46919150228449735,0.7285660558353666,False
LPT_flow_mod,Nf+T30+T48,0.6208760610045516,0.5372614004518903,0.6802489246945633,False
LPT_flow_mod,T24+T48+T50,0.6205400781442857,0.49573397132395824,0.7101169119772052,False
LPT_flow_mod,Wf+T48+P50,0.6203086135340956,0.5629748650681909,0.6610787660572748,False
LPT_flow_mod,Nc+T30+T48,0.6202364301336025,0.6503558307658421,0.5913071699498982,False
LPT_flow_mod,T50+P15+Ps30,0.620172462306506,0.5377925372915904,0.6798584137218643,False
LPT_flow_mod,T48+T50+P21,0.6201435690176171,0.46649968337946424,0.7304110600343725,False
LPT_flow_mod,Nf+T50+P24,0.6201112924477996,0.44448063873849064,0.7453317122338947,False
LPT_flow_mod,T48+T50+P24,0.6201111798584346,0.5035806739050406,0.7045703130951227,False
LPT_flow_mod,Wf+T50+P24,0.6199592361507388,0.5044993640206459,0.7039180605577287,False
LPT_flow_mod,Wf+T24+T48,0.6198845487644679,0.4495897421090226,0.7418963929626409,False
LPT_flow_mod,Nc+T48+Ps30,0.6197214387821304,0.6168373389095136,0.6190013417517657,False
LPT_flow_mod,T30+T48+P50,0.6195377232103341,0.6415308367638406,0.598722943636002,False
LPT_flow_mod,Nf+T48+T50,0.6193325954996879,0.4719571611177692,0.7266655619211844,False
LPT_flow_mod,T30+T48+T50,0.6191521193469357,0.6439574049914387,0.5966930492376807,False
LPT_flow_mod,Wf+T50+Ps30,0.6187205841246985,0.49627911046034623,0.7097329705879908,False
LPT_flow_mod,Wf+T50+P40,0.6184502641593828,0.504962934801901,0.7035887045697216,False
LPT_flow_mod,T50+P21+P24,0.6184258507403976,0.4485474849138972,0.7425984884755037,False
LPT_flow_mod,T50+P24+P40,0.6180813142624176,0.5066129053682482,0.7024151867889473,False
LPT_flow_mod,T48+Ps30+P40,0.617740657666801,0.4855473589937169,0.7172535402535724,False
LPT_flow_mod,T30+T50+P50,0.6175122687297834,0.642668175593695,0.5977723851151916,False
LPT_flow_mod,Nf+Nc+T48,0.6174369551222181,0.47144754004668576,0.7270161345894011,False
LPT_flow_mod,Nf+T50+P50,0.617221210537612,0.5886287308935572,0.6413823111892335,False
LPT_flow_mod,Nc+T48+P50,0.6170322157165713,0.6541905563505536,0.5880556467286463,False
LPT_flow_mod,Wf+Nf+P50,0.616575421466415,0.5220473472730207,0.6913411984881122,False
LPT_flow_mod,Nc+T48+P40,0.6162711833503505,0.5913946257407211,0.6392224763408111,False
LPT_flow_mod,Nc+T48+T50,0.6160497329617449,0.5771257140492181,0.6502878485338488,False
LPT_flow_mod,Nf+T48+P50,0.6153905590273383,0.5683389097813876,0.6570092010151855,False
LPT_flow_mod,Wf+Nc+T48,0.6153451636575485,0.6315241092843145,0.6070221501030135,False
LPT_flow_mod,T24+T50+P50,0.6152155562133488,0.5974202085612421,0.6344917583694509,False
LPT_flow_mod,Nc+T50+Ps30,0.6150602061588547,0.4706381705507441,0.7275725595768822,False
LPT_flow_mod,T50+P40+P50,0.6150443243146203,0.5595278624337359,0.6636807497330808,False
LPT_flow_mod,Nf+T48+P21,0.614253237003053,0.3421028627266627,0.811108585377653,False
LPT_flow_mod,Wf+Nc+P21,0.6139796210562154,0.4762745789272965,0.7236887598081813,False
LPT_flow_mod,Nf+T48+P15,0.613755820453617,0.34084741547440667,0.8118821247727981,False
LPT_flow_mod,T50+P21+P50,0.613166434120413,0.6132061838464504,0.6219275007213859,False
LPT_flow_mod,T24+T48+P50,0.6125850485080067,0.587743824586937,0.6420717836917169,False
LPT_flow_mod,Wf+P15+P21,0.6125402156101859,0.35601834502080354,0.8024846758531882,False
LPT_flow_mod,T48+T50+P40,0.612314894035899,0.5839527270203198,0.6450172656446339,False
LPT_flow_mod,Wf+T50+P50,0.6121924991161929,0.5968475143106051,0.6349428995503413,False
LPT_flow_mod,T50+P15+P50,0.611384225317985,0.6403306510179053,0.5997243941862751,False
LPT_flow_mod,Wf+Nc+P15,0.6107167424427565,0.4931752695356625,0.7119162383766348,False
LPT_flow_mod,Wf+P15+Ps30,0.6090552000823877,0.32196355698687695,0.8234296831017952,False
LPT_flow_mod,T50+Ps30+P50,0.6087016182931829,0.4703108732026251,0.7277974490181831,False
LPT_flow_mod,Wf+T24+P21,0.6077964599414089,0.29796244641426384,0.8378768128941964,False
LPT_flow_mod,Nc+T50+P50,0.6071347289781381,0.674932765558881,0.570146678005861,False
LPT_flow_mod,Wf+P21+Ps30,0.6067578228404349,0.23510516295735107,0.8745826644992735,False
LPT_flow_mod,Wf+T24+P15,0.6059092981943047,0.27752185297871657,0.849987145209434,False
LPT_flow_mod,Nc+T30+P21,0.6054445921039032,0.32551984763491104,0.8212674061260978,False
LPT_flow_mod,Wf+Nf+T48,0.6047260655305924,0.38424461609221494,0.7847008244597332,False
LPT_flow_mod,T24+T50+P24,0.6036722829381457,0.44568573817812596,0.7445228417059304,False
LPT_flow_mod,Wf+Nc+P50,0.6032964908040443,0.46464565802075464,0.7316791250126283,False
LPT_flow_mod,T48+Ps30+P50,0.6011198117091741,0.5904281158249812,0.6399780341347808,False
LPT_flow_mod,T48+P40+P50,0.5984360428311027,0.5866268212024843,0.6429410383522859,False
LPT_flow_mod,Wf+T30+P50,0.5946291475496669,0.5399722572247976,0.6782534502493904,False
LPT_flow_mod,Wf+P21+P50,0.5945432815655177,0.547429703950995,0.6727334509662835,False
LPT_flow_mod,Wf+Nc+P40,0.5943381074409207,0.3686791624983593,0.7945570070810783,False
LPT_flow_mod,T48+P15+P50,0.5942077963423134,0.4705221043730914,0.7276523178186877,False
LPT_flow_mod,Wf+T48+T50,0.5938480637298419,0.4965471084675578,0.7095441434699058,False
LPT_flow_mod,Wf+P21+P40,0.5931355132205395,0.16665743904575814,0.9128759833374092,False
LPT_flow_mod,Wf+P40+P50,0.5926887295146834,0.45648945789279693,0.7372316746499726,False
LPT_flow_mod,Wf+P24+Ps30,0.590540757490556,0.3987090432857213,0.7754295304631353,False
LPT_flow_mod,Wf+Nf+P40,0.5902921060056573,0.32725151258286955,0.8202124648023403,False
LPT_flow_mod,Wf+Nf+Nc,0.5902086583292052,0.4053747683025025,0.7711194665533333,False
LPT_flow_mod,Wf+Ps30+P50,0.5894086970881819,0.4682736830627212,0.7291956643708729,False
LPT_flow_mod,Wf+Nc+T50,0.5893039033103977,0.6088642735847938,0.6254084476685666,False
LPT_flow_mod,Wf+Nf+T50,0.5886059114341127,0.3541901012976222,0.8036229829356412,False
LPT_flow_mod,Nc+T30+Ps30,0.5885651049529691,0.4335116102913723,0.7526542298483597,False
LPT_flow_mod,T50+P24+P50,0.5883225616255214,0.6195313908204245,0.6168213754236923,False
LPT_flow_mod,Wf+P21+P24,0.5880314212193454,0.3411690758378252,0.8116840051166307,False
LPT_flow_mod,Wf+T24+P50,0.5879389980395948,0.4530339913374172,0.7395715034143641,False
LPT_flow_mod,T48+P21+P50,0.5869111997938222,0.4678005113749487,0.7295200399064108,False
LPT_flow_mod,Wf+P15+P50,0.5864466586885883,0.5189028069663985,0.6936117019151288,False
LPT_flow_mod,Wf+T24+P40,0.5859708250781974,0.30439922446583123,0.8340268434134291,False
LPT_flow_mod,Wf+Nf+Ps30,0.5849970167712283,0.3163265032470982,0.8268455096043648,False
LPT_flow_mod,Nc+P24+P40,0.5844305405077668,0.20532582192323312,0.8914449944201643,False
LPT_flow_mod,Wf+P15+P40,0.5820827068053996,0.197263290913818,0.8959557517456885,False
LPT_flow_mod,Wf+Nc+T30,0.5809532149241208,0.48966300179861966,0.7143787498248952,False
LPT_flow_mod,Wf+T24+Ps30,0.5801408837661128,0.2666135139054674,0.8563798725416966,False
LPT_flow_mod,T48+T50+P50,0.5797844887693475,0.590813982677358,0.6396764942708477,False
LPT_flow_mod,Wf+T30+Ps30,0.5774810657918544,0.39288536648400707,0.7791756114740712,False
LPT_flow_mod,Wf+Nc+P24,0.576992533703447,0.33198336460540256,0.8173228464900497,False
LPT_flow_mod,T24+P24+Ps30,0.5741240926645793,0.13375152401295887,0.9307247047258609,False
LPT_flow_mod,Wf+T30+P15,0.5737899031719748,0.3784341551927072,0.7883944728416687,False
LPT_flow_mod,Nc+T30+P24,0.5715514682762115,0.25956192993416527,0.8604871120858433,False
LPT_flow_mod,Nf+Nc+T30,0.571142663955401,0.3229794995424724,0.8228125548735431,False
LPT_flow_mod,Wf+T30+P21,0.5691338700099982,0.34230139892794553,0.8109861904323984,False
LPT_flow_mod,T24+P21+Ps30,0.5679828104022764,0.1098629460044428,0.9434707488817854,False
LPT_flow_mod,T24+P24+P40,0.5675958245019607,0.09315788054675345,0.9522825838233346,False
LPT_flow_mod,Wf+Nc+Ps30,0.563915372190147,0.22331102582603957,0.8812995938805148,False
LPT_flow_mod,Nc+P21+P40,0.5617090212940717,0.20749021426031988,0.8902301869402542,False
LPT_flow_mod,Wf+T48+P24,0.5597851720085314,0.3972592147566205,0.7763638227296397,False
LPT_flow_mod,T30+P24+P40,0.5583054512098561,0.0987061965718804,0.9493649474401925,False
LPT_flow_mod,T30+P21+Ps30,0.5563254422979639,0.14405362973513192,0.9251736973481618,False
LPT_flow_mod,Nc+Ps30+P50,0.5561238759424095,0.46505112792959347,0.7314019907481839,False
LPT_flow_mod,T24+P15+Ps30,0.5530860754268034,-0.11894634312525065,1.0578026012093422,False
LPT_flow_mod,Wf+T24+P24,0.5527947100904523,0.30663024391429206,0.8326882706545756,False
LPT_flow_mod,Wf+P15+P24,0.552609216174904,0.30190935663089924,0.8355181885327815,False
LPT_flow_mod,Wf+Nf+T24,0.552364974581122,0.31123549847830956,0.8299183703965652,False
LPT_flow_mod,Nf+T24+T30,0.5523262027104292,0.31032498045173085,0.8304667480087743,False
LPT_flow_mod,Wf+Nf+P24,0.551577933656371,0.31398060384093507,0.8282628786557229,False
LPT_flow_mod,Nc+P15+P40,0.5497757992025954,0.13290896394765694,0.9311772312789564,False
LPT_flow_mod,Wf+T30+P40,0.5469506345349698,0.44169825128181883,0.7471959239170013,False
LPT_flow_mod,Wf+Nf+P15,0.5442485212296542,0.31295662960222737,0.8288807938405695,False
LPT_flow_mod,Wf+Nf+P21,0.539819478631168,0.30564364302875524,0.8332804791732762,False
LPT_flow_mod,T30+P40+P50,0.5393251817524466,0.3188154430975173,0.8253390557234539,False
LPT_flow_mod,P21+Ps30+P40,0.5386125612765795,0.22023101767968378,0.8830452889406727,False
LPT_flow_mod,Nc+P21+P24,0.5343882484074309,0.24902766741203286,0.8665865984354749,False
LPT_flow_mod,T30+Ps30+P40,0.5341154621409827,0.19607201359847182,0.8966203134000077,False
LPT_flow_mod,Wf+Ps30+P40,0.5333262501423041,0.21385296886711058,0.8866493281635583,False
LPT_flow_mod,T24+Ps30+P40,0.5301901126229089,0.1705572819869725,0.9107374583341937,False
LPT_flow_mod,Nc+T24+P50,0.5279219881632146,0.37124120153442497,0.7929431243573368,False
LPT_flow_mod,T30+P21+P40,0.5257949509638415,0.05236719545206581,0.9734643314204862,False
LPT_flow_mod,P15+Ps30+P40,0.5231977129021821,0.22853951451656063,0.8783282333407252,False
LPT_flow_mod,Wf+T24+T30,0.5209323986121569,0.31548394683043013,0.8273548532338285,False
LPT_flow_mod,T30+P24+Ps30,0.5193066735665488,0.1433080638490315,0.925576542567371,False
LPT_flow_mod,Nc+P15+P21,0.5176293388223443,0.23554137734791614,0.8743332446224859,False
LPT_flow_mod,Nc+P15+Ps30,0.5158528642162336,0.31186919226593124,0.8295365017490602,False
LPT_flow_mod,P24+Ps30+P40,0.5142150856856321,0.16136418234156513,0.9157706141051016,False
LPT_flow_mod,Nf+Nc+P15,0.5118426755772539,0.23152022565221042,0.8766297818051754,False
LPT_flow_mod,Nc+T30+P40,0.5112959879042872,0.08584029605502419,0.9561169928125824,False
LPT_flow_mod,Nf+Nc+P40,0.5097061952402404,0.23811829099271198,0.872858355638123,False
LPT_flow_mod,Nc+P15+P24,0.509219979281691,0.23687577765680246,0.8735698153800859,False
LPT_flow_mod,T30+P15+P40,0.5076217907805674,0.04631222307585059,0.9765693917608462,False
LPT_flow_mod,Wf+Nc+T24,0.5065299628576408,0.25080659002271577,0.8655595935447102,False
LPT_flow_mod,Nf+Nc+P24,0.5052999045363902,0.253697308915968,0.8638881241711984,False
LPT_flow_mod,Nf+Nc+P21,0.5042518417066545,0.26084664874482955,0.8597402812798586,False
LPT_flow_mod,Nc+P24+Ps30,0.5040773259160735,0.26359114792230154,0.8581426758282672,False
LPT_flow_mod,Nc+P21+Ps30,0.5024146849164658,0.26632551173062835,0.8565480069846474,False
LPT_flow_mod,T30+P15+Ps30,0.49841991657016044,0.0975808814192839,0.9499574298781583,False
LPT_flow_mod,Wf+P24+P50,0.4963978223192097,0.4716993936038847,0.7268429035191273,False
LPT_flow_mod,Nc+T24+P21,0.49387363527401523,0.1547305903255053,0.9193853434085701,False
LPT_flow_mod,Nf+Nc+Ps30,0.49305992645172053,0.2749324378239675,0.8515089912479096,False
LPT_flow_mod,Nc+T30+P50,0.48965453659999203,0.3678732558652008,0.7950639874467961,False
LPT_flow_mod,Nf+Nc+P50,0.4893270108239562,0.42592023207093777,0.7576805183776749,False
LPT_flow_mod,Nf+Nc+T24,0.487951886675849,0.20155546210481223,0.8935572381751421,False
LPT_flow_mod,Wf+P24+P40,0.4878491429925608,0.1315932645441361,0.9318834344787248,False
LPT_flow_mod,Wf+Nf+T30,0.4868733399569394,0.3807010033417261,0.7869555239391066,False
LPT_flow_mod,T24+T30+Ps30,0.48588572470078617,0.0808254572317868,0.958735908771656,False
LPT_flow_mod,Nc+P40+P50,0.4843130209534271,0.39214452229330765,0.7796508691117404,False
LPT_flow_mod,T24+T30+P40,0.48407637393295205,0.08294714739939879,0.9576287655457103,False
LPT_flow_mod,T30+P15+P24,0.4761737230838364,0.11009315415877452,0.9433487403082835,False
LPT_flow_mod,Nc+T24+P40,0.4751604987421572,0.16139100102313586,0.9157559713028707,False
LPT_flow_mod,Nc+T24+P24,0.47079149996506237,0.2513080321844029,0.8652698814910854,False
LPT_flow_mod,Nc+T24+P15,0.46817501497295794,0.24528216928362934,0.8687449744984834,False
LPT_flow_mod,Nc+Ps30+P40,0.4681585698562645,0.11765063526556041,0.939334532919151,False
LPT_flow_mod,Nf+Ps30+P40,0.4660972856073487,0.2165896243466363,0.8851047258112249,False
LPT_flow_mod,T24+T30+P24,0.4652631462931156,0.07981338802968463,0.9592635779442036,False
LPT_flow_mod,Nc+T30+P15,0.46371532147410727,0.11851876288746988,0.9388723220505172,False
LPT_flow_mod,Nc+T24+Ps30,0.46024351943077485,0.21273023900559251,0.8872822329982764,False
LPT_flow_mod,Nc+P15+P50,0.46022614415237545,0.3458715664811143,0.808782068000327,False
LPT_flow_mod,T24+P15+P21,0.4590752205823712,0.11716967799884492,0.9395905076155011,False
LPT_flow_mod,Nc+P24+P50,0.4559706471232465,0.38613305815958887,0.783496612526443,False
LPT_flow_mod,Nc+T24+T30,0.4549841608525502,0.20153174265312312,0.8935705105624719,False
LPT_flow_mod,Nf+T30+P50,0.45438067347951905,0.45498096255097276,0.7382540466865232,False
LPT_flow_mod,Nf+T30+P21,0.4477358602897953,0.14017814764212244,0.927265793803415,False
LPT_flow_mod,T24+T30+P15,0.44691073262604086,0.08429378811513522,0.9569253951509827,False
LPT_flow_mod,T24+P21+P40,0.4382407879319908,0.06558128967773369,0.9666533558221717,False
LPT_flow_mod,Nf+T24+P24,0.4347849145944631,0.12277007612418767,0.9366055326954952,False
LPT_flow_mod,T48+P24+P50,0.43364613024333865,0.5215157946878569,0.6917255274399977,False
LPT_flow_mod,Nc+P21+P50,0.4309271067452027,0.3681289201533129,0.7949031889775553,False
LPT_flow_mod,Nf+T30+Ps30,0.4298922964135252,0.12399719441132362,0.9359502153366258,False
LPT_flow_mod,T30+P21+P24,0.42956821737904183,0.09695908781568097,0.9502846479788668,False
LPT_flow_mod,Nf+T24+P50,0.42686663130349645,0.3799486194661261,0.7874334133968877,False
LPT_flow_mod,T24+T30+P21,0.41800606930092615,0.06548452762120949,0.9667034045552909,False
LPT_flow_mod,Nf+T30+P15,0.41691296137448025,0.0645219360642233,0.9672011496766205,False
LPT_flow_mod,Nf+T24+Ps30,0.41259930762101155,0.1304098739989643,0.9325181638987176,False
LPT_flow_mod,Nf+T24+P15,0.412223370002109,0.10859492145919325,0.944142509656676,False
LPT_flow_mod,Nf+T24+P21,0.41210161064486955,0.1095942587366292,0.9436131311418735,False
LPT_flow_mod,Nf+Ps30+P50,0.4113400720271846,0.3165758119699994,0.8266947369071612,False
LPT_flow_mod,T24+P15+P40,0.4105019730666091,0.11154610825899436,0.942578321276808,False
LPT_flow_mod,Nf+T24+P40,0.4103422745261613,0.10894064190715946,0.9439594048966514,False
LPT_flow_mod,Nf+P24+P40,0.40674483828723584,-0.024552351878925682,1.0122017347737187,False
LPT_flow_mod,T24+Ps30+P50,0.4022726144976739,0.2605627232244424,0.859905388269871,False
LPT_flow_mod,T30+Ps30+P50,0.3981746081749718,0.29704572778246974,0.8384236830013393,False
LPT_flow_mod,P15+P24+P40,0.39126040785933436,-0.010878487354714084,1.0054245309095626,False
LPT_flow_mod,T24+P24+P50,0.3901688832911058,0.2596016850924976,0.8604640113958876,False
LPT_flow_mod,T24+P15+P50,0.3819682814553806,0.3792647276318045,0.7878675474774903,False
LPT_flow_mod,Nf+P24+P50,0.37779511162889645,0.3321253296823342,0.8172359942621626,False
LPT_flow_mod,T30+P15+P21,0.37410274593031817,0.0778836843017745,0.9602688767726596,False
LPT_flow_mod,P24+Ps30+P50,0.36963952533999067,0.2526295286827054,0.8645059116728437,False
LPT_flow_mod,P15+Ps30+P50,0.3648010165146396,0.2553843855825425,0.8629111277631418,False
LPT_flow_mod,P21+P24+P40,0.3634993923075433,-0.03519474378084375,1.0174452043136493,False
LPT_flow_mod,Wf+T30+P24,0.36099851804213917,0.13238050498477671,0.9314609465861804,False
LPT_flow_mod,P15+P24+Ps30,0.35869035742651517,-0.11081700377469361,1.0539530367975098,False
LPT_flow_mod,T30+P15+P50,0.3502238352192664,0.29913757073396285,0.8371752679493326,False
LPT_flow_mod,Nf+P15+Ps30,0.33503654377189024,0.011656928886905282,0.9941544503310814,False
LPT_flow_mod,T24+T30+P50,0.3347118375531773,0.13554466201984572,0.9297609036629547,False
LPT_flow_mod,P21+P24+Ps30,0.33319471722366906,-0.0435929382204594,1.0215639667786152,False
LPT_flow_mod,P21+P24+P50,0.3318140727969838,0.23960312299808184,0.8720073835707574,False
LPT_flow_mod,Nf+P40+P50,0.3315680845712159,0.3116386703984325,0.8296754363011885,False
LPT_flow_mod,T30+P21+P50,0.3272686966280259,0.3035392601044775,0.8345422337398644,False
LPT_flow_mod,P24+P40+P50,0.326669178890226,0.24322889213905508,0.8699259209041565,False
LPT_flow_mod,P15+P24+P50,0.32430895087147815,0.15581936559821896,0.9187930313197749,False
LPT_flow_mod,Nf+T30+P40,0.31608431207275417,0.11884960265992106,0.9386961155454298,False
LPT_flow_mod,Nf+P15+P50,0.30798846735500746,0.304134171489577,0.8341857278270967,False
LPT_flow_mod,T24+P40+P50,0.30531338274168385,0.21833675217093806,0.8841172138517958,False
LPT_flow_mod,T30+P24+P50,0.30191130318791387,0.290769115597895,0.842158467511967,False
LPT_flow_mod,Nf+P21+P40,0.2899890937810179,0.06497441593851683,0.9669672094034436,False
LPT_flow_mod,Nf+P15+P40,0.2899890937810179,0.06497441593851683,0.9669672094034436,False
LPT_flow_mod,Nf+P21+Ps30,0.26781174822495957,0.002501310223599229,0.9987485618394655,False
LPT_flow_mod,Nf+P21+P50,0.26723495391192814,0.2274920570676937,0.8789243101270474,False
LPT_flow_mod,P15+P21+Ps30,0.2614732665276626,-0.03807691890232201,1.0188605983658028,False
LPT_flow_mod,Ps30+P40+P50,0.25961493560722915,0.17752869105274272,0.9069020393334978,False
LPT_flow_mod,T24+P21+P50,0.256608931862327,0.14587688022396927,0.9241878162884591,False
LPT_flow_mod,Nf+P24+Ps30,0.2560724683693279,-0.06609827903020005,1.0325203528406595,False
LPT_flow_mod,P15+P21+P40,0.23187336840720835,-0.03857301284759318,1.019104024546853,False
LPT_flow_mod,P21+Ps30+P50,0.21735195785843284,0.1698314449890247,0.9111358597986227,False
LPT_flow_mod,P15+P21+P50,0.18577516509061498,0.004527177345154398,0.9977338435949967,False
LPT_flow_mod,Nf+P21+P24,0.16124320339613213,-0.01150028860435448,1.0057337066064527,False
LPT_flow_mod,Nf+T30+P24,0.15987053323465442,0.06269836706813503,0.9681433948191068,False
LPT_flow_mod,P15+P40+P50,0.14892557959237776,0.004689562866487029,0.9976524631020127,False
LPT_flow_mod,P21+P40+P50,0.10561019405113754,-0.0227653976513551,1.0113186429861534,False
LPT_flow_mod,Nf+P15+P24,0.021612004165820084,-0.022283650688706524,1.0110804372989848,False
LPT_flow_mod,Nf+P15+P21,-0.027288869423796224,-0.03217631795785869,1.0159607856398094,False
LPT_flow_mod,T24+P15+P24,-0.03404010045062251,-0.009718848291381255,1.0048476741732455,False
LPT_flow_mod,T24+P21+P24,-0.03404010045062251,-0.01116598875533148,1.0055674958725203,False
LPT_flow_mod,P15+P21+P24,-0.05866519619470705,-0.0136682326844908,1.0068109220129122,False
