target,component,shaft,sensors,rho,spec,spec_xshaft,n_deg,n_heal,n_xheal
fan_eff_mod,fan,LP,Wf+Nf+Nc,0.163956986018466,-0.1757858628013842,-0.2691200064454944,262,535,450
fan_eff_mod,fan,LP,Wf+Nf+T24,0.014023418103198904,-0.21635737757152151,-0.2418337350095663,262,535,450
fan_eff_mod,fan,LP,Wf+Nf+T30,0.24453855124975538,0.06931245854021695,-0.04655803505448142,262,535,450
fan_eff_mod,fan,LP,Wf+Nf+T48,0.29378388018788704,0.03090991871556914,-0.02195004032544423,262,535,450
fan_eff_mod,fan,LP,Wf+Nf+T50,0.5983444562059974,0.2331804955330512,0.1920682817859778,262,535,450
fan_eff_mod,fan,LP,Wf+Nf+P15,0.16664087750493886,0.1327953659930765,0.12231491182923981,262,535,450
fan_eff_mod,fan,LP,Wf+Nf+P21,0.2546842722455961,-0.03191512553527498,-0.1349194686012336,262,535,450
fan_eff_mod,fan,LP,Wf+Nf+P24,0.06367896711516208,-0.36592053424007553,-0.5046040273590118,262,535,450
fan_eff_mod,fan,LP,Wf+Nf+Ps30,0.10275214436034427,-0.5318455192397038,-0.6185964473759247,262,535,450
fan_eff_mod,fan,LP,Wf+Nf+P40,0.24815754869550255,-0.21580760368889407,-0.3390253513101156,262,535,450
fan_eff_mod,fan,LP,Wf+Nf+P50,-0.023281130494422507,-0.11500749879226047,-0.17215497196612506,262,535,450
fan_eff_mod,fan,LP,Wf+Nc+T24,0.4218720479136324,0.10394194510451582,0.1036252209557087,262,535,450
fan_eff_mod,fan,LP,Wf+Nc+T30,0.11839801528959765,0.23156271441975307,0.1336391871734256,262,535,450
fan_eff_mod,fan,LP,Wf+Nc+T48,0.19896051902095158,0.3301173394106697,0.2955658178274011,262,535,450
fan_eff_mod,fan,LP,Wf+Nc+T50,-0.03613775805830524,0.22823321891280612,0.2224653454317742,262,535,450
fan_eff_mod,fan,LP,Wf+Nc+P15,-0.0029105720466196805,0.05334201235595637,-0.011600516904093139,262,535,450
fan_eff_mod,fan,LP,Wf+Nc+P21,-0.002897461250727637,0.05351637361540529,-0.011414194132346456,262,535,450
fan_eff_mod,fan,LP,Wf+Nc+P24,0.2023511905162157,-0.22027895062078806,-0.2937838343490038,262,535,450
fan_eff_mod,fan,LP,Wf+Nc+Ps30,0.04850148400483694,-0.24402953214140588,-0.26133787573262435,262,535,450
fan_eff_mod,fan,LP,Wf+Nc+P40,-0.2054138111997266,-0.01405176690555443,-0.041128345795278465,262,535,450
fan_eff_mod,fan,LP,Wf+Nc+P50,-0.05643879444084392,-0.01085072572098933,-0.1160096796923964,262,535,450
fan_eff_mod,fan,LP,Wf+T24+T30,0.21713458247352768,-0.03822195926757255,-0.10194390250598784,262,535,450
fan_eff_mod,fan,LP,Wf+T24+T48,0.29659112943910443,0.12720166943570965,0.11633329572966655,262,535,450
fan_eff_mod,fan,LP,Wf+T24+T50,0.24794505263259708,0.22191144917796202,0.1978214235094985,262,535,450
fan_eff_mod,fan,LP,Wf+T24+P15,0.00409501629366172,-0.0227648585253315,-0.08550528056064999,262,535,450
fan_eff_mod,fan,LP,Wf+T24+P21,0.004019590250844293,-0.022742757683713366,-0.08548182396643944,262,535,450
fan_eff_mod,fan,LP,Wf+T24+P24,0.28397032079399614,-0.10917379794284043,-0.22143209003219333,262,535,450
fan_eff_mod,fan,LP,Wf+T24+Ps30,0.15885244530963816,0.030385553564621692,-0.04543773324193223,262,535,450
fan_eff_mod,fan,LP,Wf+T24+P40,0.3491717729424657,-0.08719439267461815,-0.1422116070727808,262,535,450
fan_eff_mod,fan,LP,Wf+T24+P50,0.054775438427395184,-0.9372874982913664,-1.137938933045683,262,535,450
fan_eff_mod,fan,LP,Wf+T30+T48,0.4363735124214178,0.25911442543029395,0.2950547610129949,262,535,450
fan_eff_mod,fan,LP,Wf+T30+T50,0.15459732806414359,0.1862586083383787,0.23250039364723074,262,535,450
fan_eff_mod,fan,LP,Wf+T30+P15,0.34813600628032815,-0.02014345135697737,-0.1355406538705195,262,535,450
fan_eff_mod,fan,LP,Wf+T30+P21,0.3481489139696153,-0.020258227683553454,-0.13566841353492864,262,535,450
fan_eff_mod,fan,LP,Wf+T30+P24,0.21973583165938448,-0.25185391191798256,-0.2906730680129106,262,535,450
fan_eff_mod,fan,LP,Wf+T30+Ps30,0.14537226029486494,-0.011435784482970446,-0.10717259759287057,262,535,450
fan_eff_mod,fan,LP,Wf+T30+P40,0.02608804052796182,0.16042961246006449,0.14647936148799745,262,535,450
fan_eff_mod,fan,LP,Wf+T30+P50,0.2155772583290318,-0.06894796297075478,-0.17500805895384564,262,535,450
fan_eff_mod,fan,LP,Wf+T48+T50,-0.05424737069452373,0.05259581701810834,0.04128234123228658,262,535,450
fan_eff_mod,fan,LP,Wf+T48+P15,0.024927171082215163,-0.38581300526782947,-0.5220120697487902,262,535,450
fan_eff_mod,fan,LP,Wf+T48+P21,0.024976650111354463,-0.38579161014633834,-0.5219885718937907,262,535,450
fan_eff_mod,fan,LP,Wf+T48+P24,0.10982298350240788,0.03012697484110305,-0.01571101718454071,262,535,450
fan_eff_mod,fan,LP,Wf+T48+Ps30,0.05583192869639855,-0.12614569064386205,-0.11724104503336208,262,535,450
fan_eff_mod,fan,LP,Wf+T48+P40,0.15535164874653784,-0.2263195476129991,-0.21363965952786645,262,535,450
fan_eff_mod,fan,LP,Wf+T48+P50,0.23525612469377657,-0.0816287889414038,-0.20341149887168064,262,535,450
fan_eff_mod,fan,LP,Wf+T50+P15,0.37106550535112004,0.1294033538236251,0.06677906186819138,262,535,450
fan_eff_mod,fan,LP,Wf+T50+P21,0.37107530944657835,0.1295752207682459,0.06696329165134329,262,535,450
fan_eff_mod,fan,LP,Wf+T50+P24,0.1806137604841705,0.09708723621024418,0.024718522703144896,262,535,450
fan_eff_mod,fan,LP,Wf+T50+Ps30,-0.5061769918841508,0.3074219088992527,0.27679346949466743,262,535,450
fan_eff_mod,fan,LP,Wf+T50+P40,-0.24429965264112943,0.11406307503020785,0.10527277670868862,262,535,450
fan_eff_mod,fan,LP,Wf+T50+P50,0.3207001474433842,0.08780765116226052,0.01565071155646558,262,535,450
fan_eff_mod,fan,LP,Wf+P15+P21,-0.05014091454456468,-0.6187852781777781,-0.8255009942761151,262,535,450
fan_eff_mod,fan,LP,Wf+P15+P24,0.027355868438698402,-0.06868501787024472,-0.13337628037394644,262,535,450
fan_eff_mod,fan,LP,Wf+P15+Ps30,0.09057190641635517,0.010672129528101704,0.09728157524324332,262,535,450
fan_eff_mod,fan,LP,Wf+P15+P40,0.19113629083693356,-0.28924618557036186,-0.3808365729425376,262,535,450
fan_eff_mod,fan,LP,Wf+P15+P50,0.14852629534836115,0.167979679932042,0.10042513299642408,262,535,450
fan_eff_mod,fan,LP,Wf+P21+P24,0.027295178414730725,-0.06823570760736186,-0.13289977178051737,262,535,450
fan_eff_mod,fan,LP,Wf+P21+Ps30,0.09059704804769168,0.010451074959416218,0.09707987261435824,262,535,450
fan_eff_mod,fan,LP,Wf+P21+P40,0.3325998028472201,-0.3964786523063981,-0.5132151624186712,262,535,450
fan_eff_mod,fan,LP,Wf+P21+P50,0.14850379347483117,0.16776345914794577,0.10019135651484756,262,535,450
fan_eff_mod,fan,LP,Wf+P24+Ps30,0.08538924588010961,0.10155988945474459,0.15345134591607257,262,535,450
fan_eff_mod,fan,LP,Wf+P24+P40,0.07366263356771452,0.07251373524292104,0.05806525055997769,262,535,450
fan_eff_mod,fan,LP,Wf+P24+P50,0.11283338321848063,0.07806941998712402,0.03771592914184385,262,535,450
fan_eff_mod,fan,LP,Wf+Ps30+P40,-0.14029485379574688,0.2893856229959072,0.3005243405564032,262,535,450
fan_eff_mod,fan,LP,Wf+Ps30+P50,-0.10866672490441319,0.17266432645956542,0.14956655035747934,262,535,450
fan_eff_mod,fan,LP,Wf+P40+P50,-0.3443493027258475,0.20890633230477296,0.20006437096466234,262,535,450
fan_eff_mod,fan,LP,Nf+Nc+T24,0.216435850986612,-0.6728469172366107,-0.8762142413329261,262,535,450
fan_eff_mod,fan,LP,Nf+Nc+T30,0.0020325357533906296,-0.507437027541142,-0.6687190252266926,262,535,450
fan_eff_mod,fan,LP,Nf+Nc+T48,0.04970014184664297,-0.3392308541957436,-0.37795930531812094,262,535,450
fan_eff_mod,fan,LP,Nf+Nc+T50,-0.30882367892793466,-0.2637352658729415,-0.3678672181056779,262,535,450
fan_eff_mod,fan,LP,Nf+Nc+P15,0.21167741756294395,-0.36130542907800134,-0.5269807013499188,262,535,450
fan_eff_mod,fan,LP,Nf+Nc+P21,0.21171382157549087,-0.3615008732594531,-0.5271999317200826,262,535,450
fan_eff_mod,fan,LP,Nf+Nc+P24,0.23288436162325904,0.19664554343549812,0.16452146959927283,262,535,450
fan_eff_mod,fan,LP,Nf+Nc+Ps30,0.4609707704852283,0.1977248657602948,0.1576768977993308,262,535,450
fan_eff_mod,fan,LP,Nf+Nc+P40,0.6663550820552124,-0.14400693413556898,-0.229230054828506,262,535,450
fan_eff_mod,fan,LP,Nf+Nc+P50,0.19346419446160015,-0.006217566277336051,-0.12189411022998065,262,535,450
fan_eff_mod,fan,LP,Nf+T24+T30,0.4614584521375211,0.04627402417622417,-0.06338206473095687,262,535,450
fan_eff_mod,fan,LP,Nf+T24+T48,0.4432863328685723,-0.06835491526054605,-0.17164211182394684,262,535,450
fan_eff_mod,fan,LP,Nf+T24+T50,0.05933120487829902,0.024411599583581967,-0.05881614904927801,262,535,450
fan_eff_mod,fan,LP,Nf+T24+P15,0.19888557769050522,-0.06251207527825442,-0.1920643157912847,262,535,450
fan_eff_mod,fan,LP,Nf+T24+P21,0.19895335261637642,-0.06271051330722544,-0.19228694939588076,262,535,450
fan_eff_mod,fan,LP,Nf+T24+P24,0.5182528405866969,-0.27550262299617545,-0.4268890601571622,262,535,450
fan_eff_mod,fan,LP,Nf+T24+Ps30,-0.12855312658485757,-0.47266533362083174,-0.6194233536471239,262,535,450
fan_eff_mod,fan,LP,Nf+T24+P40,0.18329503650342072,-0.5647252961494753,-0.7346729738668374,262,535,450
fan_eff_mod,fan,LP,Nf+T24+P50,0.18025577080573313,0.03227492163052326,-0.039922292955691274,262,535,450
fan_eff_mod,fan,LP,Nf+T30+T48,0.3133664076086003,0.0559486175078292,0.023578523467991164,262,535,450
fan_eff_mod,fan,LP,Nf+T30+T50,0.4115029075059688,-0.1801190633175147,-0.14001560430594884,262,535,450
fan_eff_mod,fan,LP,Nf+T30+P15,0.4543358401704761,-0.2143201937462229,-0.3719035714691561,262,535,450
fan_eff_mod,fan,LP,Nf+T30+P21,0.45435537805369103,-0.21444846850982602,-0.37204849255931216,262,535,450
fan_eff_mod,fan,LP,Nf+T30+P24,0.24553044051827624,0.05441758092221305,-0.02302010809188304,262,535,450
fan_eff_mod,fan,LP,Nf+T30+Ps30,0.4600680809234589,-0.33995234679373465,-0.5317731670443462,262,535,450
fan_eff_mod,fan,LP,Nf+T30+P40,0.6909282575364403,-0.06474421164766508,-0.16062534477293755,262,535,450
fan_eff_mod,fan,LP,Nf+T30+P50,0.3080913823238801,-0.10283095044054424,-0.26209376303232435,262,535,450
fan_eff_mod,fan,LP,Nf+T48+T50,0.32235424807798907,-0.07567072684090337,-0.13409300312798544,262,535,450
fan_eff_mod,fan,LP,Nf+T48+P15,0.31168753653613984,0.0822002422747905,0.029010073288918914,262,535,450
fan_eff_mod,fan,LP,Nf+T48+P21,0.3117497146279562,0.0819515729931869,0.028746992627305623,262,535,450
fan_eff_mod,fan,LP,Nf+T48+P24,0.39627254776919385,0.01755058383054653,-0.061245021237518626,262,535,450
fan_eff_mod,fan,LP,Nf+T48+Ps30,-0.05223931164841228,-0.06222020239474513,-0.07905339904340591,262,535,450
fan_eff_mod,fan,LP,Nf+T48+P40,0.11723925695364885,-0.12511421776340548,-0.22372368137292464,262,535,450
fan_eff_mod,fan,LP,Nf+T48+P50,0.4203537690713175,-0.15685161722563334,-0.23141009880702024,262,535,450
fan_eff_mod,fan,LP,Nf+T50+P15,0.3090404836019563,-0.057184780297558246,-0.12310562534305669,262,535,450
fan_eff_mod,fan,LP,Nf+T50+P21,0.3090912465495167,-0.05727676796775838,-0.12320334891191176,262,535,450
fan_eff_mod,fan,LP,Nf+T50+P24,0.31799932605087633,0.033715828059693864,-0.02383334810367388,262,535,450
fan_eff_mod,fan,LP,Nf+T50+Ps30,0.03861482422472824,-0.17093642619215554,-0.27253574291669835,262,535,450
fan_eff_mod,fan,LP,Nf+T50+P40,0.19377792944683986,0.136753708911605,0.0959271348954921,262,535,450
fan_eff_mod,fan,LP,Nf+T50+P50,0.3155984102624041,-0.37481438741977424,-0.49977910463436337,262,535,450
fan_eff_mod,fan,LP,Nf+P15+P21,0.4726344099808243,0.09168229243894288,0.06814829817244938,262,535,450
fan_eff_mod,fan,LP,Nf+P15+P24,0.1499325788390381,0.15019832821024548,0.09417022966196986,262,535,450
fan_eff_mod,fan,LP,Nf+P15+Ps30,0.29136253387108024,-0.031299714704106085,-0.037782483478352,262,535,450
fan_eff_mod,fan,LP,Nf+P15+P40,0.2412834023960452,-0.15324651890280383,-0.22963300103502737,262,535,450
fan_eff_mod,fan,LP,Nf+P15+P50,0.36664237075465156,0.13197051665102866,0.07361524030349442,262,535,450
fan_eff_mod,fan,LP,Nf+P21+P24,0.14983580008896347,0.1502994746887366,0.09427804480841206,262,535,450
fan_eff_mod,fan,LP,Nf+P21+Ps30,0.29403341985359094,-0.18915673470005112,-0.18159041025638878,262,535,450
fan_eff_mod,fan,LP,Nf+P21+P40,0.24127245320715127,-0.1536099329718963,-0.23002048621285387,262,535,450
fan_eff_mod,fan,LP,Nf+P21+P50,0.3663909187286192,0.1325132244761087,0.07419443290913497,262,535,450
fan_eff_mod,fan,LP,Nf+P24+Ps30,0.4422040296667355,0.31637155554618424,0.25621697304671265,262,535,450
fan_eff_mod,fan,LP,Nf+P24+P40,0.385271938072273,0.03347576555831555,-0.01814496167773405,262,535,450
fan_eff_mod,fan,LP,Nf+P24+P50,0.2683563512380685,-0.020799090978983248,-0.12007496899417136,262,535,450
fan_eff_mod,fan,LP,Nf+Ps30+P40,0.41876764994808563,0.34982056205501677,0.3157244486742685,262,535,450
fan_eff_mod,fan,LP,Nf+Ps30+P50,0.1594506874724566,-0.15034584201383394,-0.25469233911672684,262,535,450
fan_eff_mod,fan,LP,Nf+P40+P50,-0.2602677173038382,0.12261318301819146,0.1444395337978489,262,535,450
fan_eff_mod,fan,LP,Nc+T24+T30,0.3150057224285947,-0.1385785631354508,-0.2227559447612384,262,535,450
fan_eff_mod,fan,LP,Nc+T24+T48,0.4695702142722219,-0.050968013579612004,-0.16097899665142812,262,535,450
fan_eff_mod,fan,LP,Nc+T24+T50,0.5233002334221541,0.15036311409419323,0.05405703692108954,262,535,450
fan_eff_mod,fan,LP,Nc+T24+P15,0.2640145066270058,-0.04921261799554788,-0.17282287881032188,262,535,450
fan_eff_mod,fan,LP,Nc+T24+P21,0.2639555653947556,-0.049218062822804276,-0.17282896510569956,262,535,450
fan_eff_mod,fan,LP,Nc+T24+P24,0.39183954017470013,-0.767732732096966,-1.0302037019284485,262,535,450
fan_eff_mod,fan,LP,Nc+T24+Ps30,0.3478838085214925,0.13282843266198663,0.029079016397882684,262,535,450
fan_eff_mod,fan,LP,Nc+T24+P40,0.39300863224161026,0.1365932876770779,0.021798554837011985,262,535,450
fan_eff_mod,fan,LP,Nc+T24+P50,-0.05871460355600838,-0.19030687746364672,-0.3375677888026729,262,535,450
fan_eff_mod,fan,LP,Nc+T30+T48,0.42250635621971594,0.043597033910058314,-0.04183060521094073,262,535,450
fan_eff_mod,fan,LP,Nc+T30+T50,0.5507092501132743,-0.04744892156950775,-0.15744207622033723,262,535,450
fan_eff_mod,fan,LP,Nc+T30+P15,0.7154701368702856,-0.31373686751499896,-0.4761667463833792,262,535,450
fan_eff_mod,fan,LP,Nc+T30+P21,0.715502214101208,-0.3138526120072789,-0.47629680147637443,262,535,450
fan_eff_mod,fan,LP,Nc+T30+P24,0.5389145715167258,0.07360101538520669,-0.051425672300361436,262,535,450
fan_eff_mod,fan,LP,Nc+T30+Ps30,0.6644798998395167,0.38215569912638403,0.29476291536430255,262,535,450
fan_eff_mod,fan,LP,Nc+T30+P40,0.469189714833645,0.26583145345870207,0.18130087966583064,262,535,450
fan_eff_mod,fan,LP,Nc+T30+P50,0.379513802298766,-0.12308366369961443,-0.2901552602015547,262,535,450
fan_eff_mod,fan,LP,Nc+T48+T50,0.24836085209161204,0.04947316473789054,-0.030682837842881172,262,535,450
fan_eff_mod,fan,LP,Nc+T48+P15,0.46051970483141513,-0.027006657279623925,-0.09986919290117413,262,535,450
fan_eff_mod,fan,LP,Nc+T48+P21,0.46058662298482994,-0.027303212569322,-0.10018678775287237,262,535,450
fan_eff_mod,fan,LP,Nc+T48+P24,0.3943331229844819,-0.041317150344048814,-0.12773117421233104,262,535,450
fan_eff_mod,fan,LP,Nc+T48+Ps30,0.1965950378012404,0.19763470959179186,0.21383324599933695,262,535,450
fan_eff_mod,fan,LP,Nc+T48+P40,-0.01928196414351091,-0.18563963248561777,-0.25162347457941703,262,535,450
fan_eff_mod,fan,LP,Nc+T48+P50,-0.17133225522811119,-0.5345954740613792,-0.6351696743549338,262,535,450
fan_eff_mod,fan,LP,Nc+T50+P15,0.0707339659367118,-0.262450145221776,-0.3047908278099116,262,535,450
fan_eff_mod,fan,LP,Nc+T50+P21,0.07081239247666621,-0.26291025457694417,-0.3052663685420325,262,535,450
fan_eff_mod,fan,LP,Nc+T50+P24,0.2738291282586887,-0.3194729241364538,-0.4492108867743605,262,535,450
fan_eff_mod,fan,LP,Nc+T50+Ps30,-0.09619688670924763,-0.014805652884228637,0.03593257901094371,262,535,450
fan_eff_mod,fan,LP,Nc+T50+P40,0.1261104424545043,0.04998212158949744,0.05949076301067946,262,535,450
fan_eff_mod,fan,LP,Nc+T50+P50,0.0796489844910839,-0.16283933355766167,-0.22975212995702354,262,535,450
fan_eff_mod,fan,LP,Nc+P15+P21,0.41770680182897213,-0.2915329140241967,-0.4786495404476594,262,535,450
fan_eff_mod,fan,LP,Nc+P15+P24,0.4524861726635809,-0.10922660854110733,-0.2759666587126961,262,535,450
fan_eff_mod,fan,LP,Nc+P15+Ps30,0.47366045458408057,-0.2030389727826043,-0.2691244215280708,262,535,450
fan_eff_mod,fan,LP,Nc+P15+P40,0.3921778788155832,-0.19413374144154716,-0.28220751645882514,262,535,450
fan_eff_mod,fan,LP,Nc+P15+P50,0.4769987297526363,0.4345477095670839,0.3935963030456101,262,535,450
fan_eff_mod,fan,LP,Nc+P21+P24,0.49983255566118,-0.04948807359354479,-0.20716497772598608,262,535,450
fan_eff_mod,fan,LP,Nc+P21+Ps30,0.4762443959707906,-0.17251288326941427,-0.26183949389529726,262,535,450
fan_eff_mod,fan,LP,Nc+P21+P40,0.39221493611512553,-0.19418082593645614,-0.282258073688028,262,535,450
fan_eff_mod,fan,LP,Nc+P21+P50,0.46601711616323377,0.1820214824663121,0.09288061689904725,262,535,450
fan_eff_mod,fan,LP,Nc+P24+Ps30,0.5473858508386993,0.21624199159978452,0.16938614489395976,262,535,450
fan_eff_mod,fan,LP,Nc+P24+P40,0.47365086078354746,0.27811664446242224,0.22824564789740354,262,535,450
fan_eff_mod,fan,LP,Nc+P24+P50,0.24503150570632637,-0.2589910094543346,-0.3347437329227416,262,535,450
fan_eff_mod,fan,LP,Nc+Ps30+P40,0.17947079326586515,0.14092432437718216,0.09804757081673943,262,535,450
fan_eff_mod,fan,LP,Nc+Ps30+P50,0.4352900443749326,-0.4050515819202769,-0.5945062675781778,262,535,450
fan_eff_mod,fan,LP,Nc+P40+P50,0.4855515791049172,-0.13878964943418315,-0.25201392995887617,262,535,450
fan_eff_mod,fan,LP,T24+T30+T48,0.608289564131992,-0.064295848477538,-0.07722754474534255,262,535,450
fan_eff_mod,fan,LP,T24+T30+T50,0.20064205137654467,-0.22613490207763598,-0.3332673084977762,262,535,450
fan_eff_mod,fan,LP,T24+T30+P15,0.41044291381726306,0.08799545834480305,-0.011940552237415858,262,535,450
fan_eff_mod,fan,LP,T24+T30+P21,0.41048305693275294,0.08757664934726828,-0.012405253660456639,262,535,450
fan_eff_mod,fan,LP,T24+T30+P24,0.2900339648322687,0.15374374834412607,0.07791281703665831,262,535,450
fan_eff_mod,fan,LP,T24+T30+Ps30,0.09827021196909233,0.18498935067727673,0.1567593646436266,262,535,450
fan_eff_mod,fan,LP,T24+T30+P40,0.2896515620884437,0.2611806545195714,0.19400729927454652,262,535,450
fan_eff_mod,fan,LP,T24+T30+P50,0.08339358307161185,0.0828052980851346,-0.016150890165051113,262,535,450
fan_eff_mod,fan,LP,T24+T48+T50,0.6091494999334454,0.42287374510470466,0.4300506129233834,262,535,450
fan_eff_mod,fan,LP,T24+T48+P15,0.005446961140063284,-0.08101034442191035,-0.14357944518006027,262,535,450
fan_eff_mod,fan,LP,T24+T48+P21,0.005520110980883678,-0.08143500849859375,-0.14402868890077802,262,535,450
fan_eff_mod,fan,LP,T24+T48+P24,0.39724352838274346,0.006863094483603449,-0.05753559687298737,262,535,450
fan_eff_mod,fan,LP,T24+T48+Ps30,0.22798036034950117,0.01463660733312866,-0.00951995386277149,262,535,450
fan_eff_mod,fan,LP,T24+T48+P40,0.2776173631094419,0.13641176028531066,0.10607065700327756,262,535,450
fan_eff_mod,fan,LP,T24+T48+P50,-0.012687908677516346,-0.19861908582474674,-0.23279916049627336,262,535,450
fan_eff_mod,fan,LP,T24+T50+P15,0.41868030125567235,0.10378525578312014,0.057068908418561715,262,535,450
fan_eff_mod,fan,LP,T24+T50+P21,0.41871912279009205,0.10349002171785093,0.05675828489765533,262,535,450
fan_eff_mod,fan,LP,T24+T50+P24,0.1870034217355735,0.1112237981647517,0.11256423022258433,262,535,450
fan_eff_mod,fan,LP,T24+T50+Ps30,0.4723401463507171,0.19051860693516953,0.15391162213548892,262,535,450
fan_eff_mod,fan,LP,T24+T50+P40,0.6657682796831723,0.0480738575909071,0.037585991991430756,262,535,450
fan_eff_mod,fan,LP,T24+T50+P50,0.015658184181701562,-0.39161187070918846,-0.515936656180848,262,535,450
fan_eff_mod,fan,LP,T24+P15+P21,0.5046871611921672,-0.006442558245997265,-0.1411193445801242,262,535,450
fan_eff_mod,fan,LP,T24+P15+P24,0.29401397534485474,0.23600785734866725,0.2040389728935147,262,535,450
fan_eff_mod,fan,LP,T24+P15+Ps30,-0.030037872685220554,-0.4218939405305371,-0.5837909599508642,262,535,450
fan_eff_mod,fan,LP,T24+P15+P40,-0.09285905256364979,-0.40814998630165533,-0.5301039892903676,262,535,450
fan_eff_mod,fan,LP,T24+P15+P50,0.3807201477877117,0.2401987821579329,0.22164026256888913,262,535,450
fan_eff_mod,fan,LP,T24+P21+P24,0.2938401837870489,0.23612353619703663,0.20415949226766328,262,535,450
fan_eff_mod,fan,LP,T24+P21+Ps30,-0.029958996227510803,-0.4224825214688219,-0.58444655678741,262,535,450
fan_eff_mod,fan,LP,T24+P21+P40,-0.09301477223219502,-0.40808348589638843,-0.5300317295619019,262,535,450
fan_eff_mod,fan,LP,T24+P21+P50,0.3807372240962217,0.240021793742222,0.2214589511238828,262,535,450
fan_eff_mod,fan,LP,T24+P24+Ps30,0.16281219476617786,0.13592659045544242,0.11109943092243502,262,535,450
fan_eff_mod,fan,LP,T24+P24+P40,0.1893743060124652,0.14570242375899378,0.07169531777067084,262,535,450
fan_eff_mod,fan,LP,T24+P24+P50,0.17227918669412648,-0.13170399566648716,-0.21950509402777874,262,535,450
fan_eff_mod,fan,LP,T24+Ps30+P40,0.30660879891495574,0.3106776777555028,0.2922255567549058,262,535,450
fan_eff_mod,fan,LP,T24+Ps30+P50,0.004073733920971982,0.2782340157256675,0.2522986800440833,262,535,450
fan_eff_mod,fan,LP,T24+P40+P50,0.18456144331112284,-0.08618784492957343,-0.17832224184906842,262,535,450
fan_eff_mod,fan,LP,T30+T48+T50,0.22700022704903142,-0.20502781837998296,-0.3194505477011409,262,535,450
fan_eff_mod,fan,LP,T30+T48+P15,0.3681773850691267,0.18080823051055483,0.14283130625594098,262,535,450
fan_eff_mod,fan,LP,T30+T48+P21,0.36820739865137553,0.18058534238226143,0.14259808525331197,262,535,450
fan_eff_mod,fan,LP,T30+T48+P24,0.4006962951570573,-0.10050347953680161,-0.15643687981095633,262,535,450
fan_eff_mod,fan,LP,T30+T48+Ps30,0.4532839911600016,-0.06787969960646079,-0.0563790909907933,262,535,450
fan_eff_mod,fan,LP,T30+T48+P40,0.337040254576648,0.12230705351406157,0.08358410916947023,262,535,450
fan_eff_mod,fan,LP,T30+T48+P50,0.19572421834092663,-0.04143027731973126,-0.08356522052788895,262,535,450
fan_eff_mod,fan,LP,T30+T50+P15,0.26285217487313106,0.09478177600098947,0.08113307901573996,262,535,450
fan_eff_mod,fan,LP,T30+T50+P21,0.26282386408046543,0.09470261419751924,0.08105272362691174,262,535,450
fan_eff_mod,fan,LP,T30+T50+P24,0.13701994591534555,-0.05847785321382082,-0.07133986117018143,262,535,450
fan_eff_mod,fan,LP,T30+T50+Ps30,0.49939572539934823,0.04680154597401809,0.02148842952427621,262,535,450
fan_eff_mod,fan,LP,T30+T50+P40,0.4624234957600168,-0.12589700139681992,-0.1835184074314664,262,535,450
fan_eff_mod,fan,LP,T30+T50+P50,-0.24583918929742093,-0.1491273710507517,-0.21817708137443192,262,535,450
fan_eff_mod,fan,LP,T30+P15+P21,0.6798798048544213,-0.11895221798398237,-0.27189854151990556,262,535,450
fan_eff_mod,fan,LP,T30+P15+P24,0.525963865465522,-0.17939765026116206,-0.2944791169286578,262,535,450
fan_eff_mod,fan,LP,T30+P15+Ps30,0.6565809844646596,-0.07961843947303682,-0.13015608703848724,262,535,450
fan_eff_mod,fan,LP,T30+P15+P40,0.41519277253870823,0.17234364991193984,0.11802460874228948,262,535,450
fan_eff_mod,fan,LP,T30+P15+P50,0.5852368217230387,0.22680356721487416,0.18656474993969652,262,535,450
fan_eff_mod,fan,LP,T30+P21+P24,0.5259553822702733,-0.17925281547573846,-0.2943201496753829,262,535,450
fan_eff_mod,fan,LP,T30+P21+Ps30,0.6565033112061816,-0.0795525523939491,-0.130087115742052,262,535,450
fan_eff_mod,fan,LP,T30+P21+P40,0.4151553691251768,0.17256599611548729,0.11826154751519591,262,535,450
fan_eff_mod,fan,LP,T30+P21+P50,0.5852510504624632,0.22650738373437718,0.18625315242884233,262,535,450
fan_eff_mod,fan,LP,T30+P24+Ps30,0.10162884520285179,0.14341481508047904,0.11823658733766229,262,535,450
fan_eff_mod,fan,LP,T30+P24+P40,0.38398129085904475,0.21788981041306743,0.14583165517933971,262,535,450
fan_eff_mod,fan,LP,T30+P24+P50,0.4557507857520994,0.10549868702424647,0.04344605633162635,262,535,450
fan_eff_mod,fan,LP,T30+Ps30+P40,0.4135409616173286,-0.04670334275946142,-0.08893254439571319,262,535,450
fan_eff_mod,fan,LP,T30+Ps30+P50,0.4989956946387325,-0.016342002237786035,-0.11676489795913425,262,535,450
fan_eff_mod,fan,LP,T30+P40+P50,0.2649545355009769,-0.0073738659266227025,-0.07045203143113321,262,535,450
fan_eff_mod,fan,LP,T48+T50+P15,0.37153712826918783,-0.13326496772526464,-0.21718856158818567,262,535,450
fan_eff_mod,fan,LP,T48+T50+P21,0.371611276072936,-0.13344805510570912,-0.2173852074490379,262,535,450
fan_eff_mod,fan,LP,T48+T50+P24,0.4524603631109268,0.24354911830835335,0.1527654156282623,262,535,450
fan_eff_mod,fan,LP,T48+T50+Ps30,0.5757720041530492,0.13369571204610275,0.12442286933740443,262,535,450
fan_eff_mod,fan,LP,T48+T50+P40,0.24766057273047454,0.14813890752980463,0.0952345955795777,262,535,450
fan_eff_mod,fan,LP,T48+T50+P50,-0.06953777287869123,0.041763307181976184,0.035162140927295304,262,535,450
fan_eff_mod,fan,LP,T48+P15+P21,0.3387859803424572,0.050811242192913775,0.05747156299499656,262,535,450
fan_eff_mod,fan,LP,T48+P15+P24,0.039201316002566794,0.06038479418398068,0.010845800856924548,262,535,450
fan_eff_mod,fan,LP,T48+P15+Ps30,0.23012855682525962,0.21496526528074866,0.1999954403076739,262,535,450
fan_eff_mod,fan,LP,T48+P15+P40,0.3263382754951537,-0.003930661164374127,-0.03767164668897771,262,535,450
fan_eff_mod,fan,LP,T48+P15+P50,0.1632037224856917,0.2881747512510371,0.23544657831432203,262,535,450
fan_eff_mod,fan,LP,T48+P21+P24,0.03894049545060687,0.061299435785791445,0.011808664777976707,262,535,450
fan_eff_mod,fan,LP,T48+P21+Ps30,0.23004558915311185,0.21507731588197365,0.2001096276015304,262,535,450
fan_eff_mod,fan,LP,T48+P21+P40,0.2538597731814648,0.1849071267211766,0.1422391331859364,262,535,450
fan_eff_mod,fan,LP,T48+P21+P50,0.1630765344777496,0.2884056102371214,0.23569453808828633,262,535,450
fan_eff_mod,fan,LP,T48+P24+Ps30,0.18003853040188567,0.18748028003180783,0.1601050837903445,262,535,450
fan_eff_mod,fan,LP,T48+P24+P40,0.11041646233207042,0.2626100598009563,0.22638395853310966,262,535,450
fan_eff_mod,fan,LP,T48+P24+P50,0.29874162982615116,0.20161442317097844,0.15250530874844803,262,535,450
fan_eff_mod,fan,LP,T48+Ps30+P40,-0.09108145818176899,-0.09847258546662907,-0.14069302522461213,262,535,450
fan_eff_mod,fan,LP,T48+Ps30+P50,-0.10501374984474716,0.20236891581584782,0.1691090299462671,262,535,450
fan_eff_mod,fan,LP,T48+P40+P50,0.101478054810064,0.16306932575762645,0.16995664016393097,262,535,450
fan_eff_mod,fan,LP,T50+P15+P21,0.24488064223659106,0.06774614345654917,0.08904644595026234,262,535,450
fan_eff_mod,fan,LP,T50+P15+P24,-0.02255036829146813,-0.038141554750898976,-0.1072527920913291,262,535,450
fan_eff_mod,fan,LP,T50+P15+Ps30,-0.06953089618271399,0.2913156061920422,0.2632440710041902,262,535,450
fan_eff_mod,fan,LP,T50+P15+P40,-0.09896734408449737,0.06748315650926595,0.06975057197382273,262,535,450
fan_eff_mod,fan,LP,T50+P15+P50,0.301124354645349,0.2160622357390911,0.15431923178743634,262,535,450
fan_eff_mod,fan,LP,T50+P21+P24,-0.022689973873243563,-0.03759724989886637,-0.10667225173595662,262,535,450
fan_eff_mod,fan,LP,T50+P21+Ps30,-0.069643807422297,0.2917010308466905,0.2636447626268671,262,535,450
fan_eff_mod,fan,LP,T50+P21+P40,-0.09901859582776809,0.06769865508595785,0.06996554656582799,262,535,450
fan_eff_mod,fan,LP,T50+P21+P50,0.26825493468153966,0.2091917586484906,0.19282732779598222,262,535,450
fan_eff_mod,fan,LP,T50+P24+Ps30,0.020850926439166168,0.19404528622118888,0.17107121624447108,262,535,450
fan_eff_mod,fan,LP,T50+P24+P40,-0.011537259744644396,0.22645044562124006,0.17310425837753862,262,535,450
fan_eff_mod,fan,LP,T50+P24+P50,0.2861887090355528,0.27574718444453095,0.25816735456241424,262,535,450
fan_eff_mod,fan,LP,T50+Ps30+P40,0.3005642228920744,0.02547693490070735,0.0007770644165967511,262,535,450
fan_eff_mod,fan,LP,T50+Ps30+P50,0.26679058860593485,0.27187790250547894,0.2860481704410802,262,535,450
fan_eff_mod,fan,LP,T50+P40+P50,0.07877644159159902,0.21744921003860307,0.2218559597111569,262,535,450
fan_eff_mod,fan,LP,P15+P21+P24,0.30192626248023435,-0.10116221701601646,-0.20736237933231316,262,535,450
fan_eff_mod,fan,LP,P15+P21+Ps30,0.12923543670320597,-0.1858556208345412,-0.2515324711743001,262,535,450
fan_eff_mod,fan,LP,P15+P21+P40,-0.039197070278946755,-0.10235526094621217,-0.18051438943891251,262,535,450
fan_eff_mod,fan,LP,P15+P21+P50,0.46712009714658814,0.2892444640876365,0.3136069298839447,262,535,450
fan_eff_mod,fan,LP,P15+P24+Ps30,0.07256894829938283,-0.04974339286971596,-0.09513033442110475,262,535,450
fan_eff_mod,fan,LP,P15+P24+P40,0.2742499493832601,-0.03063775737704888,-0.08258900520381629,262,535,450
fan_eff_mod,fan,LP,P15+P24+P50,0.29726135226845196,0.2167483154230332,0.17844877368790701,262,535,450
fan_eff_mod,fan,LP,P15+Ps30+P40,0.7160658884160132,0.2595289901961092,0.31764093318438524,262,535,450
fan_eff_mod,fan,LP,P15+Ps30+P50,0.27161330863132704,0.2883227134305344,0.2814538542106835,262,535,450
fan_eff_mod,fan,LP,P15+P40+P50,0.3399344611131473,0.21434023162465887,0.1544813957318666,262,535,450
fan_eff_mod,fan,LP,P21+P24+Ps30,-0.037644511821103066,-0.09604358462652263,-0.14323803354909637,262,535,450
fan_eff_mod,fan,LP,P21+P24+P40,0.2740197348632476,-0.030407429855391133,-0.0823470675874527,262,535,450
fan_eff_mod,fan,LP,P21+P24+P50,0.2972888489069965,0.2164018100337508,0.17808532483373385,262,535,450
fan_eff_mod,fan,LP,P21+Ps30+P40,0.7159534493068325,0.2596690699640827,0.3177700195339753,262,535,450
fan_eff_mod,fan,LP,P21+Ps30+P50,0.16832042480600845,0.17476191989293755,0.14406660615971478,262,535,450
fan_eff_mod,fan,LP,P21+P40+P50,0.3402425414917547,0.21398862355550408,0.15410299890415102,262,535,450
fan_eff_mod,fan,LP,P24+Ps30+P40,0.32722271651357904,0.14316906463531098,0.057105664117725996,262,535,450
fan_eff_mod,fan,LP,P24+Ps30+P50,0.43522140959944045,0.385208026069222,0.35543017949834543,262,535,450
fan_eff_mod,fan,LP,P24+P40+P50,0.15607496415476074,0.3585035652706249,0.367757754964939,262,535,450
fan_eff_mod,fan,LP,Ps30+P40+P50,-0.14196694295664936,0.14378835877368246,0.11418121594375152,262,535,450
fan_flow_mod,fan,LP,Wf+Nf+Nc,0.315029301006843,-0.14030371644732487,-0.24503176883077904,262,535,450
fan_flow_mod,fan,LP,Wf+Nf+T24,0.1162951175599857,-0.020499181975723424,-0.12196983287355612,262,535,450
fan_flow_mod,fan,LP,Wf+Nf+T30,0.4731947272955468,-0.22184505643578434,-0.3493318233656253,262,535,450
fan_flow_mod,fan,LP,Wf+Nf+T48,0.15131314629978,0.41345907408812155,0.39668166824549267,262,535,450
fan_flow_mod,fan,LP,Wf+Nf+T50,0.5087231709999169,0.20146809447115843,0.14264492884396873,262,535,450
fan_flow_mod,fan,LP,Wf+Nf+P15,0.3504862356786742,-0.09725474662800071,-0.22294820487877431,262,535,450
fan_flow_mod,fan,LP,Wf+Nf+P21,0.35054844343786495,-0.09762261733937638,-0.2233582161614711,262,535,450
fan_flow_mod,fan,LP,Wf+Nf+P24,0.1620418088702664,0.27182654928814565,0.23634869709784223,262,535,450
fan_flow_mod,fan,LP,Wf+Nf+Ps30,0.3021713759708874,0.11921470044164506,0.06114315472798426,262,535,450
fan_flow_mod,fan,LP,Wf+Nf+P40,-0.03863502022044257,-0.170945867340627,-0.2572456794659521,262,535,450
fan_flow_mod,fan,LP,Wf+Nf+P50,0.049486099376005205,-0.22963672343219232,-0.25487496003699417,262,535,450
fan_flow_mod,fan,LP,Wf+Nc+T24,0.06526871739744594,-0.045446344323215815,-0.1129444773601167,262,535,450
fan_flow_mod,fan,LP,Wf+Nc+T30,0.6506468083010503,0.20998480686357324,0.18961365863322344,262,535,450
fan_flow_mod,fan,LP,Wf+Nc+T48,0.3349769830121874,0.17885048306579276,0.15614632743100842,262,535,450
fan_flow_mod,fan,LP,Wf+Nc+T50,0.1842507487812972,0.17878617996380253,0.14512176948690902,262,535,450
fan_flow_mod,fan,LP,Wf+Nc+P15,-0.03888268617349795,0.16701594869883774,0.06525540795089912,262,535,450
fan_flow_mod,fan,LP,Wf+Nc+P21,-0.03888745141656551,0.16715436950087736,0.06541073877144066,262,535,450
fan_flow_mod,fan,LP,Wf+Nc+P24,-0.21928108230886464,-0.292354817164203,-0.2702736561819208,262,535,450
fan_flow_mod,fan,LP,Wf+Nc+Ps30,-0.383986260470825,-0.4066250343230624,-0.40670183816402705,262,535,450
fan_flow_mod,fan,LP,Wf+Nc+P40,-0.07696911147854461,0.013447836540869007,-0.016279727974648495,262,535,450
fan_flow_mod,fan,LP,Wf+Nc+P50,-0.04457247178358217,0.21711589500535577,0.14536324553451363,262,535,450
fan_flow_mod,fan,LP,Wf+T24+T30,0.6519899527253635,0.34447147112695653,0.27669596617249037,262,535,450
fan_flow_mod,fan,LP,Wf+T24+T48,0.42978115570364633,0.2318034207491746,0.21412702114979698,262,535,450
fan_flow_mod,fan,LP,Wf+T24+T50,0.3519657166215159,0.2279424099829005,0.1982579934307349,262,535,450
fan_flow_mod,fan,LP,Wf+T24+P15,0.23098724637594442,-0.04718115476246809,-0.14298494276477292,262,535,450
fan_flow_mod,fan,LP,Wf+T24+P21,0.23096687941214272,-0.047374408724270456,-0.14319587701187464,262,535,450
fan_flow_mod,fan,LP,Wf+T24+P24,0.42775844963213416,0.15280290386073048,0.14318418127312393,262,535,450
fan_flow_mod,fan,LP,Wf+T24+Ps30,0.5508277251042109,0.3233510259608644,0.3109638410341249,262,535,450
fan_flow_mod,fan,LP,Wf+T24+P40,0.6586141257927987,0.3109937576202565,0.27416738259134865,262,535,450
fan_flow_mod,fan,LP,Wf+T24+P50,0.18567372493774859,0.0337554768071292,-0.0017767286067855714,262,535,450
fan_flow_mod,fan,LP,Wf+T30+T48,0.2415297301824545,0.19087405852027073,0.23271599418303635,262,535,450
fan_flow_mod,fan,LP,Wf+T30+T50,0.2517468797054666,0.05330074738601798,0.09586646112380515,262,535,450
fan_flow_mod,fan,LP,Wf+T30+P15,-0.12445852103853514,-0.09861547411885563,-0.18801761449545218,262,535,450
fan_flow_mod,fan,LP,Wf+T30+P21,-0.12449278028304922,-0.09866841480235067,-0.18807486333822343,262,535,450
fan_flow_mod,fan,LP,Wf+T30+P24,0.437332381056499,0.2116165623979228,0.1740579291385257,262,535,450
fan_flow_mod,fan,LP,Wf+T30+Ps30,0.12680080473146801,0.014794173199360161,0.010453466717450066,262,535,450
fan_flow_mod,fan,LP,Wf+T30+P40,0.3849865120942364,0.14864273868868771,0.1607133037627646,262,535,450
fan_flow_mod,fan,LP,Wf+T30+P50,0.2662944632292713,0.22085740940694087,0.17327342689773317,262,535,450
fan_flow_mod,fan,LP,Wf+T48+T50,0.2638617580878482,0.37422758168382886,0.38994664743117635,262,535,450
fan_flow_mod,fan,LP,Wf+T48+P15,0.5105594919192957,-0.055885070175381024,-0.1771722164349796,262,535,450
fan_flow_mod,fan,LP,Wf+T48+P21,0.5105956013600106,-0.055953910059171275,-0.1772489638015513,262,535,450
fan_flow_mod,fan,LP,Wf+T48+P24,0.3052371953789025,0.26940016622464524,0.25795869983543895,262,535,450
fan_flow_mod,fan,LP,Wf+T48+Ps30,0.11446884031900056,-0.04970099434507125,-0.02943487103218123,262,535,450
fan_flow_mod,fan,LP,Wf+T48+P40,-0.11278797528400697,0.2517369475112662,0.2308018618444213,262,535,450
fan_flow_mod,fan,LP,Wf+T48+P50,0.3042575631471642,-0.22159564554093758,-0.33125078025103716,262,535,450
fan_flow_mod,fan,LP,Wf+T50+P15,0.4936515432470601,-0.060003314009091424,-0.164427088418025,262,535,450
fan_flow_mod,fan,LP,Wf+T50+P21,0.4936723993040464,-0.06023959303125004,-0.16468664392144228,262,535,450
fan_flow_mod,fan,LP,Wf+T50+P24,0.5797787186874866,0.22828535286614837,0.17452493689918058,262,535,450
fan_flow_mod,fan,LP,Wf+T50+Ps30,0.3401864104133321,0.13825712342959207,0.07415967718130956,262,535,450
fan_flow_mod,fan,LP,Wf+T50+P40,0.39309553019958654,0.07161178920793898,0.025950626795711362,262,535,450
fan_flow_mod,fan,LP,Wf+T50+P50,0.494846702236744,-0.019962638980060676,-0.12605141929364505,262,535,450
fan_flow_mod,fan,LP,Wf+P15+P21,-0.1581549840220618,0.24110375980276022,0.1622252228802893,262,535,450
fan_flow_mod,fan,LP,Wf+P15+P24,-0.0841536595427093,0.3625929227406429,0.31981352316726563,262,535,450
fan_flow_mod,fan,LP,Wf+P15+Ps30,0.3953001851914751,0.26905481683154964,0.2323520773160781,262,535,450
fan_flow_mod,fan,LP,Wf+P15+P40,0.10937557163623046,0.2458325428417102,0.2142881710745409,262,535,450
fan_flow_mod,fan,LP,Wf+P15+P50,0.05670674085227183,0.0227513034700223,-0.04043475290783172,262,535,450
fan_flow_mod,fan,LP,Wf+P21+P24,0.23795657686788058,0.020310380375386572,-0.035816976708973325,262,535,450
fan_flow_mod,fan,LP,Wf+P21+Ps30,0.3952705062010671,0.2691452188515773,0.2324470186666009,262,535,450
fan_flow_mod,fan,LP,Wf+P21+P40,0.10938098119008852,0.24583469812540104,0.2142904165066436,262,535,450
fan_flow_mod,fan,LP,Wf+P21+P50,0.0567158935978721,0.022564375271686532,-0.040633767339419924,262,535,450
fan_flow_mod,fan,LP,Wf+P24+Ps30,0.19420940949153964,0.2826742357015477,0.29829258458282804,262,535,450
fan_flow_mod,fan,LP,Wf+P24+P40,0.41545822221071305,0.34916935369775215,0.31196038361365785,262,535,450
fan_flow_mod,fan,LP,Wf+P24+P50,-0.06427197364134064,0.30039155019194463,0.30670888845692645,262,535,450
fan_flow_mod,fan,LP,Wf+Ps30+P40,0.49578993407270044,0.3593861895436885,0.3667458734304404,262,535,450
fan_flow_mod,fan,LP,Wf+Ps30+P50,0.002420156432619917,0.3388163244931849,0.3238323464425179,262,535,450
fan_flow_mod,fan,LP,Wf+P40+P50,0.1923542570103542,0.168225656217601,0.16221211489717702,262,535,450
fan_flow_mod,fan,LP,Nf+Nc+T24,-0.00189951317524982,-0.059772388314276004,-0.18000588041089127,262,535,450
fan_flow_mod,fan,LP,Nf+Nc+T30,0.3348298001116592,-0.10986971278784607,-0.2404721085534116,262,535,450
fan_flow_mod,fan,LP,Nf+Nc+T48,0.06480259318015699,0.004271908673442737,0.01363303481471434,262,535,450
fan_flow_mod,fan,LP,Nf+Nc+T50,0.31379840857864827,-0.35526404517970067,-0.3125461638187792,262,535,450
fan_flow_mod,fan,LP,Nf+Nc+P15,0.37020418027108337,-0.010586619648866202,-0.12840517369958016,262,535,450
fan_flow_mod,fan,LP,Nf+Nc+P21,0.3702649031330195,-0.010816502794101401,-0.12866185761499227,262,535,450
fan_flow_mod,fan,LP,Nf+Nc+P24,0.25231001298538935,-0.2912434359843319,-0.43260064027374545,262,535,450
fan_flow_mod,fan,LP,Nf+Nc+Ps30,0.5167729492230051,-0.37106845846745906,-0.4478017609545679,262,535,450
fan_flow_mod,fan,LP,Nf+Nc+P40,0.6112814304118239,-0.11236765273377292,-0.19221005948646308,262,535,450
fan_flow_mod,fan,LP,Nf+Nc+P50,0.35339085512187435,-0.5083963831619982,-0.6703929589339823,262,535,450
fan_flow_mod,fan,LP,Nf+T24+T30,0.5861319530905273,0.01976132213814552,-0.10866386997679389,262,535,450
fan_flow_mod,fan,LP,Nf+T24+T48,0.10421105511712987,-0.1673883882738716,-0.32633378977679817,262,535,450
fan_flow_mod,fan,LP,Nf+T24+T50,0.1110321654925851,-0.19705694195644496,-0.30258355120248015,262,535,450
fan_flow_mod,fan,LP,Nf+T24+P15,0.4257984476552108,0.011081373066046174,-0.09693976814596961,262,535,450
fan_flow_mod,fan,LP,Nf+T24+P21,0.42583761963057454,0.011045236858404417,-0.09697985156862066,262,535,450
fan_flow_mod,fan,LP,Nf+T24+P24,0.43579052999644147,-0.211873475234589,-0.32387749483253914,262,535,450
fan_flow_mod,fan,LP,Nf+T24+Ps30,0.38885821928660946,-0.2334895765934204,-0.3710516677608382,262,535,450
fan_flow_mod,fan,LP,Nf+T24+P40,-0.16113044046213654,-0.1670884161592172,-0.32566875164115294,262,535,450
fan_flow_mod,fan,LP,Nf+T24+P50,0.1982879908842859,0.005256466326959974,-0.10046717222252721,262,535,450
fan_flow_mod,fan,LP,Nf+T30+T48,0.16917912005822414,-0.20593828975983675,-0.2284345839306563,262,535,450
fan_flow_mod,fan,LP,Nf+T30+T50,0.37241480754194906,0.00984651060777586,-0.05757266145671047,262,535,450
fan_flow_mod,fan,LP,Nf+T30+P15,0.4766629428049811,0.20818184368786374,0.11294121814573399,262,535,450
fan_flow_mod,fan,LP,Nf+T30+P21,0.4766463867449244,0.2081671415750499,0.11292474764908667,262,535,450
fan_flow_mod,fan,LP,Nf+T30+P24,0.2390454411681668,0.05685588594140478,-0.07356444298209475,262,535,450
fan_flow_mod,fan,LP,Nf+T30+Ps30,0.5947181211550444,0.050572346876891716,-0.060250418110970205,262,535,450
fan_flow_mod,fan,LP,Nf+T30+P40,0.7047116525528127,0.04253569562083803,-0.06799949243610226,262,535,450
fan_flow_mod,fan,LP,Nf+T30+P50,0.47669484837446896,-0.178010614401372,-0.25918284008303827,262,535,450
fan_flow_mod,fan,LP,Nf+T48+T50,0.2774294305785733,-0.27066658854087944,-0.31501901235226626,262,535,450
fan_flow_mod,fan,LP,Nf+T48+P15,0.4742510974829613,0.08990221991512981,0.03031212192142152,262,535,450
fan_flow_mod,fan,LP,Nf+T48+P21,0.47428788150484064,0.08975066152209987,0.030150640001918028,262,535,450
fan_flow_mod,fan,LP,Nf+T48+P24,0.3091450365655934,0.2499071003400577,0.18965819544138562,262,535,450
fan_flow_mod,fan,LP,Nf+T48+Ps30,0.34186283756000274,0.05985733397455384,0.03736603331700916,262,535,450
fan_flow_mod,fan,LP,Nf+T48+P40,0.2259754941109868,0.044652077053290884,0.007977719441895514,262,535,450
fan_flow_mod,fan,LP,Nf+T48+P50,0.1135529614498318,-0.5196859219798817,-0.70047950803327,262,535,450
fan_flow_mod,fan,LP,Nf+T50+P15,0.4268768617993198,-0.19822911616996053,-0.300102590813043,262,535,450
fan_flow_mod,fan,LP,Nf+T50+P21,0.42698596368176067,-0.19846699269495982,-0.3003606916070303,262,535,450
fan_flow_mod,fan,LP,Nf+T50+P24,0.20525114037790132,0.07309068809561792,0.038042614037470224,262,535,450
fan_flow_mod,fan,LP,Nf+T50+Ps30,0.5451469467631158,-0.20647122332491552,-0.29401038118410905,262,535,450
fan_flow_mod,fan,LP,Nf+T50+P40,0.25653342335749474,0.15379675381077262,0.15750532550079732,262,535,450
fan_flow_mod,fan,LP,Nf+T50+P50,0.270574017001009,-0.48119645246759735,-0.6137620380763071,262,535,450
fan_flow_mod,fan,LP,Nf+P15+P21,0.5143310737752383,0.5262367015167169,0.49089475445164354,262,535,450
fan_flow_mod,fan,LP,Nf+P15+P24,0.3178546002639806,0.3184128112652508,0.25662431529252006,262,535,450
fan_flow_mod,fan,LP,Nf+P15+Ps30,0.39213404154195936,0.1692244570808339,0.0707135201210416,262,535,450
fan_flow_mod,fan,LP,Nf+P15+P40,0.4962886547604289,0.43192528406996156,0.42868227463022046,262,535,450
fan_flow_mod,fan,LP,Nf+P15+P50,0.40721224269009615,0.17524026914861168,0.10812757159328112,262,535,450
fan_flow_mod,fan,LP,Nf+P21+P24,0.3179381340490758,0.3184010990621662,0.25661154133335307,262,535,450
fan_flow_mod,fan,LP,Nf+P21+Ps30,0.5248312997391718,0.16375120407388677,0.06470299377187838,262,535,450
fan_flow_mod,fan,LP,Nf+P21+P40,0.4963180064950048,0.4318008958958137,0.4285571763522361,262,535,450
fan_flow_mod,fan,LP,Nf+P21+P50,0.40707531770855143,0.17518107128550475,0.10806355665665324,262,535,450
fan_flow_mod,fan,LP,Nf+P24+Ps30,0.5541000242154523,0.3720756948621783,0.3346072769542612,262,535,450
fan_flow_mod,fan,LP,Nf+P24+P40,0.6185823143168494,0.41449350744277347,0.39309682209416985,262,535,450
fan_flow_mod,fan,LP,Nf+P24+P50,0.3589900771199102,0.21916889646697624,0.1473262636423338,262,535,450
fan_flow_mod,fan,LP,Nf+Ps30+P40,0.376654621798421,0.17311966834269432,0.14998569789086924,262,535,450
fan_flow_mod,fan,LP,Nf+Ps30+P50,0.40832031470814795,0.16864980782848127,0.11170055800672984,262,535,450
fan_flow_mod,fan,LP,Nf+P40+P50,0.4663620817335734,0.1974238247048593,0.1332147110194164,262,535,450
fan_flow_mod,fan,LP,Nc+T24+T30,0.8073707453602423,0.7162703753139589,0.6955488789443742,262,535,450
fan_flow_mod,fan,LP,Nc+T24+T48,0.61882893806391,-0.1784052111526757,-0.31308485270540887,262,535,450
fan_flow_mod,fan,LP,Nc+T24+T50,0.4165104462398074,-0.08748095533438782,-0.20147674575228636,262,535,450
fan_flow_mod,fan,LP,Nc+T24+P15,0.41394033904849764,-0.30687799620241907,-0.46643237122296255,262,535,450
fan_flow_mod,fan,LP,Nc+T24+P21,0.41389701624004216,-0.30693956821296586,-0.4665014604490747,262,535,450
fan_flow_mod,fan,LP,Nc+T24+P24,0.37350415373374607,-0.15290114553739342,-0.22162213888972015,262,535,450
fan_flow_mod,fan,LP,Nc+T24+Ps30,0.3996652343559849,-0.0885383207942314,-0.16985750099884878,262,535,450
fan_flow_mod,fan,LP,Nc+T24+P40,0.46137675535354683,0.2290838868646995,0.1774705150016327,262,535,450
fan_flow_mod,fan,LP,Nc+T24+P50,0.2895096501558835,-0.32821063251946647,-0.4891558003873242,262,535,450
fan_flow_mod,fan,LP,Nc+T30+T48,0.23541006404165493,0.18856348840273351,0.16173062784971926,262,535,450
fan_flow_mod,fan,LP,Nc+T30+T50,0.366409323069805,-0.03460601243910477,-0.11765944792612659,262,535,450
fan_flow_mod,fan,LP,Nc+T30+P15,0.6617557501098055,0.0012185884448837614,-0.10312387339995399,262,535,450
fan_flow_mod,fan,LP,Nc+T30+P21,0.6617573878331096,0.0012054330614980069,-0.10313840312321054,262,535,450
fan_flow_mod,fan,LP,Nc+T30+P24,0.7186448462765995,-0.12228995703919066,-0.2731771576970632,262,535,450
fan_flow_mod,fan,LP,Nc+T30+Ps30,0.5089671245768773,0.34751376144079815,0.2622187067335625,262,535,450
fan_flow_mod,fan,LP,Nc+T30+P40,0.44630120934764794,0.2920849213018121,0.22292248328805953,262,535,450
fan_flow_mod,fan,LP,Nc+T30+P50,0.5255054432072168,-0.1230859201811072,-0.24358542868890742,262,535,450
fan_flow_mod,fan,LP,Nc+T48+T50,0.6316640672256364,-0.22574615903624506,-0.2527840488696502,262,535,450
fan_flow_mod,fan,LP,Nc+T48+P15,0.478947831342599,-0.05930264627758519,-0.12119579671073266,262,535,450
fan_flow_mod,fan,LP,Nc+T48+P21,0.47893435854913086,-0.05938734915765331,-0.12128544862780521,262,535,450
fan_flow_mod,fan,LP,Nc+T48+P24,0.7528146034788131,-0.12907108226949937,-0.21352211110967456,262,535,450
fan_flow_mod,fan,LP,Nc+T48+Ps30,0.18770964412674676,0.2683148050119132,0.2148764647467447,262,535,450
fan_flow_mod,fan,LP,Nc+T48+P40,0.26220107615484495,0.17214202572633552,0.15568194603176766,262,535,450
fan_flow_mod,fan,LP,Nc+T48+P50,-0.06210404643025039,-0.2939865288498882,-0.361750268920336,262,535,450
fan_flow_mod,fan,LP,Nc+T50+P15,0.6157659884969228,-0.27486194090502436,-0.41470845978548687,262,535,450
fan_flow_mod,fan,LP,Nc+T50+P21,0.6158019343302977,-0.27496999456558924,-0.4148283664378414,262,535,450
fan_flow_mod,fan,LP,Nc+T50+P24,0.07609498852834998,-0.02912695286311906,-0.08434833033962885,262,535,450
fan_flow_mod,fan,LP,Nc+T50+Ps30,-0.17521080659684315,0.005620496677468667,-0.07681841725140792,262,535,450
fan_flow_mod,fan,LP,Nc+T50+P40,0.2479178740593584,0.19200856147221879,0.13315461542365958,262,535,450
fan_flow_mod,fan,LP,Nc+T50+P50,0.06784269343590293,-0.41228165477380974,-0.5176038220458985,262,535,450
fan_flow_mod,fan,LP,Nc+P15+P21,0.3989694559560455,-0.3909321039212448,-0.6011564162876106,262,535,450
fan_flow_mod,fan,LP,Nc+P15+P24,0.5261437543171532,-0.27497159317422004,-0.41710839466678573,262,535,450
fan_flow_mod,fan,LP,Nc+P15+Ps30,0.6221992749352694,0.11025819807385884,0.03028991008806947,262,535,450
fan_flow_mod,fan,LP,Nc+P15+P40,0.6411322975227454,0.19747471321226495,0.21625905078708552,262,535,450
fan_flow_mod,fan,LP,Nc+P15+P50,0.5328300432491369,-0.015217674746929477,-0.1252749440962242,262,535,450
fan_flow_mod,fan,LP,Nc+P21+P24,0.5261949878528311,-0.2748463989347505,-0.41696924348190056,262,535,450
fan_flow_mod,fan,LP,Nc+P21+Ps30,0.6221468183507514,0.11046891368745737,0.03051956441716397,262,535,450
fan_flow_mod,fan,LP,Nc+P21+P40,0.6411042363287742,0.1977362747837329,0.21651449010781287,262,535,450
fan_flow_mod,fan,LP,Nc+P21+P50,0.5328238687722553,-0.01520248983828254,-0.1252581130288355,262,535,450
fan_flow_mod,fan,LP,Nc+P24+Ps30,0.6811094648102087,0.04848442823994947,-0.040912847319029444,262,535,450
fan_flow_mod,fan,LP,Nc+P24+P40,0.614104002468351,0.27704910298977425,0.23477933895213499,262,535,450
fan_flow_mod,fan,LP,Nc+P24+P50,0.31430667498365106,0.03203975413151694,-0.0738766355391669,262,535,450
fan_flow_mod,fan,LP,Nc+Ps30+P40,0.6455003749664118,0.09036262863001043,0.005943942838518068,262,535,450
fan_flow_mod,fan,LP,Nc+Ps30+P50,0.36406567287908564,-0.36553513843367913,-0.537429099872017,262,535,450
fan_flow_mod,fan,LP,Nc+P40+P50,0.45840935354999907,-0.40127644160547327,-0.5650958888540785,262,535,450
fan_flow_mod,fan,LP,T24+T30+T48,0.5135524298145386,-0.12580229027155743,-0.1729711279285211,262,535,450
fan_flow_mod,fan,LP,T24+T30+T50,0.5072201070261144,0.19877172093901985,0.1328073670267904,262,535,450
fan_flow_mod,fan,LP,T24+T30+P15,0.5442319568350891,0.15152157712140069,0.08688277853238291,262,535,450
fan_flow_mod,fan,LP,T24+T30+P21,0.5442369572727234,0.15126938142247792,0.08661137005619257,262,535,450
fan_flow_mod,fan,LP,T24+T30+P24,0.42793323642294134,0.2342472765947814,0.13305302262034147,262,535,450
fan_flow_mod,fan,LP,T24+T30+Ps30,0.4572565645762531,0.3799385171006162,0.3135038030918953,262,535,450
fan_flow_mod,fan,LP,T24+T30+P40,0.11117508434347961,0.1606469805921421,0.13745944804346755,262,535,450
fan_flow_mod,fan,LP,T24+T30+P50,0.42121070945461825,0.043077643154515566,-0.06410529602544113,262,535,450
fan_flow_mod,fan,LP,T24+T48+T50,0.3269235909965213,0.07771524686952735,0.06827308534560572,262,535,450
fan_flow_mod,fan,LP,T24+T48+P15,0.19734408543640014,0.0859868818396643,0.06214718535827679,262,535,450
fan_flow_mod,fan,LP,T24+T48+P21,0.19724400219584376,0.08598760652554116,0.06214792894600196,262,535,450
fan_flow_mod,fan,LP,T24+T48+P24,0.3318965846476803,0.370903833793934,0.35334413009679577,262,535,450
fan_flow_mod,fan,LP,T24+T48+Ps30,0.6756918610625233,0.12388495720220061,0.10880172935154497,262,535,450
fan_flow_mod,fan,LP,T24+T48+P40,0.5122741926658858,0.28513219850419524,0.2253150904627963,262,535,450
fan_flow_mod,fan,LP,T24+T48+P50,0.29345104737955385,-0.13998280711140532,-0.29556374856181966,262,535,450
fan_flow_mod,fan,LP,T24+T50+P15,0.5609725151078292,-0.14507045006876895,-0.22194152285521795,262,535,450
fan_flow_mod,fan,LP,T24+T50+P21,0.5609615777813601,-0.14531087973957746,-0.22219809309331962,262,535,450
fan_flow_mod,fan,LP,T24+T50+P24,0.30052913642154205,0.1349700694758431,0.151461723719018,262,535,450
fan_flow_mod,fan,LP,T24+T50+Ps30,0.2163691548226895,0.16842636441967285,0.1944417229091967,262,535,450
fan_flow_mod,fan,LP,T24+T50+P40,0.5327611219783047,0.11061372455117491,0.048820401083852105,262,535,450
fan_flow_mod,fan,LP,T24+T50+P50,0.35772603731931873,0.169654667473087,0.11511651988197003,262,535,450
fan_flow_mod,fan,LP,T24+P15+P21,0.41754312630801427,0.4138354485380079,0.40482537611215264,262,535,450
fan_flow_mod,fan,LP,T24+P15+P24,0.3004195922720002,0.1724652379056194,0.07162594720065218,262,535,450
fan_flow_mod,fan,LP,T24+P15+Ps30,0.22958470015472354,-0.052310946025900584,-0.1262741297595984,262,535,450
fan_flow_mod,fan,LP,T24+P15+P40,0.08401909221490676,-0.09528306910359285,-0.14224402312537476,262,535,450
fan_flow_mod,fan,LP,T24+P15+P50,0.46000601604662933,0.17660903051191368,0.11511216458033535,262,535,450
fan_flow_mod,fan,LP,T24+P21+P24,0.30035713541811676,0.1724289423165497,0.07158522881068297,262,535,450
fan_flow_mod,fan,LP,T24+P21+Ps30,0.22958287051445878,-0.0524466072420402,-0.12641932611881024,262,535,450
fan_flow_mod,fan,LP,T24+P21+P40,0.08399403031923103,-0.09537546726922708,-0.14234038292081208,262,535,450
fan_flow_mod,fan,LP,T24+P21+P50,0.45995991250541135,0.17665494511692204,0.11516150842417894,262,535,450
fan_flow_mod,fan,LP,T24+P24+Ps30,-0.04016848440500059,-0.12055884718161725,-0.2294850427022559,262,535,450
fan_flow_mod,fan,LP,T24+P24+P40,0.03207636910669372,-0.364878607703345,-0.49204190348959576,262,535,450
fan_flow_mod,fan,LP,T24+P24+P50,0.5607448314541973,0.05824782594368805,-0.02010433785995902,262,535,450
fan_flow_mod,fan,LP,T24+Ps30+P40,0.3928430477938075,0.34030345011313035,0.3026928508580472,262,535,450
fan_flow_mod,fan,LP,T24+Ps30+P50,0.4858155413426012,0.16510482760849132,0.19566841333620322,262,535,450
fan_flow_mod,fan,LP,T24+P40+P50,0.47017891864769806,0.20139072707874572,0.17981889457861278,262,535,450
fan_flow_mod,fan,LP,T30+T48+T50,0.37109138933889885,-0.25385279993193377,-0.31808901660015954,262,535,450
fan_flow_mod,fan,LP,T30+T48+P15,0.2164633925947096,-0.31407937404167874,-0.4404779834375976,262,535,450
fan_flow_mod,fan,LP,T30+T48+P21,0.2164594396461304,-0.3143718796177888,-0.44079862452715357,262,535,450
fan_flow_mod,fan,LP,T30+T48+P24,0.4911303562628246,-0.08568812228501366,-0.1256019021384116,262,535,450
fan_flow_mod,fan,LP,T30+T48+Ps30,0.21240135931728413,0.028912766698198755,0.06263132001415006,262,535,450
fan_flow_mod,fan,LP,T30+T48+P40,-0.12897120441070292,0.11522388690706131,0.11778311751053472,262,535,450
fan_flow_mod,fan,LP,T30+T48+P50,0.14009015727752278,-0.4586202591815658,-0.6142073552661611,262,535,450
fan_flow_mod,fan,LP,T30+T50+P15,0.1942791139516496,0.06411654417778101,0.05404578135294835,262,535,450
fan_flow_mod,fan,LP,T30+T50+P21,0.19427568400428485,0.06411745537381075,0.05404670235441389,262,535,450
fan_flow_mod,fan,LP,T30+T50+P24,0.46520905002514423,-0.09784979208622757,-0.22242966049732793,262,535,450
fan_flow_mod,fan,LP,T30+T50+Ps30,0.5292899736866316,-0.05988943330420704,-0.08531450112235262,262,535,450
fan_flow_mod,fan,LP,T30+T50+P40,0.662140436113775,0.025361170244315834,-0.012019458566587593,262,535,450
fan_flow_mod,fan,LP,T30+T50+P50,0.12275376085688391,-0.34274765874989477,-0.45037595446277323,262,535,450
fan_flow_mod,fan,LP,T30+P15+P21,0.6392764666033983,-0.37637814785787693,-0.5292931276031221,262,535,450
fan_flow_mod,fan,LP,T30+P15+P24,0.39344722631089024,-0.14990798225377922,-0.2987235759703799,262,535,450
fan_flow_mod,fan,LP,T30+P15+Ps30,0.2939431145002836,0.12610146240228037,0.0625892839655352,262,535,450
fan_flow_mod,fan,LP,T30+P15+P40,0.3668216823255275,0.05561983651234814,2.5906015609256094e-05,262,535,450
fan_flow_mod,fan,LP,T30+P15+P50,0.5439117380279098,0.32265963185220303,0.2792223681649393,262,535,450
fan_flow_mod,fan,LP,T30+P21+P24,0.3934287639389284,-0.1496619727893418,-0.29844572913743983,262,535,450
fan_flow_mod,fan,LP,T30+P21+Ps30,0.2939233647244805,0.12624563496927987,0.06274393453831384,262,535,450
fan_flow_mod,fan,LP,T30+P21+P40,0.36676561012210224,0.05571188460738574,0.00012337281352425844,262,535,450
fan_flow_mod,fan,LP,T30+P21+P50,0.543899269667649,0.32261925749896003,0.27917940463862634,262,535,450
fan_flow_mod,fan,LP,T30+P24+Ps30,0.4070610026644429,0.1037949911672863,0.006411858314607666,262,535,450
fan_flow_mod,fan,LP,T30+P24+P40,0.24840321848301655,0.21179405551923447,0.15541579555296237,262,535,450
fan_flow_mod,fan,LP,T30+P24+P50,0.5443206379155809,0.21684690872411794,0.15531428552921056,262,535,450
fan_flow_mod,fan,LP,T30+Ps30+P40,0.2045438180716731,-0.3592279141270964,-0.5005780285787478,262,535,450
fan_flow_mod,fan,LP,T30+Ps30+P50,0.6653546275675531,-0.09242348170330228,-0.18608162397571593,262,535,450
fan_flow_mod,fan,LP,T30+P40+P50,0.3740187284809691,-0.17526709937131235,-0.25382288700709954,262,535,450
fan_flow_mod,fan,LP,T48+T50+P15,0.5201455771566464,-0.02348776823947918,-0.13294607917026902,262,535,450
fan_flow_mod,fan,LP,T48+T50+P21,0.4542779873804367,0.025048541339569796,-0.0775561317787421,262,535,450
fan_flow_mod,fan,LP,T48+T50+P24,0.2792234678879252,0.2892406803865917,0.22170860154086025,262,535,450
fan_flow_mod,fan,LP,T48+T50+Ps30,0.23334378050022533,0.147490481137884,0.15273460587405996,262,535,450
fan_flow_mod,fan,LP,T48+T50+P40,0.4988864901388581,0.18124784494901214,0.12574387362476336,262,535,450
fan_flow_mod,fan,LP,T48+T50+P50,0.31127037837506016,-0.040347449928187284,-0.14414229867428885,262,535,450
fan_flow_mod,fan,LP,T48+P15+P21,0.2349065973976023,0.019107120869894745,-0.039429303824922934,262,535,450
fan_flow_mod,fan,LP,T48+P15+P24,0.3333426945562483,0.053227857045264226,-0.014585544937957717,262,535,450
fan_flow_mod,fan,LP,T48+P15+Ps30,-0.023628949518433584,0.06922332253005847,-0.0015839946347535605,262,535,450
fan_flow_mod,fan,LP,T48+P15+P40,0.21392609565525458,0.2547381004982143,0.2697648580958929,262,535,450
fan_flow_mod,fan,LP,T48+P15+P50,0.23433315648697653,0.2787303682215031,0.24095652146037982,262,535,450
fan_flow_mod,fan,LP,T48+P21+P24,0.3331088805902597,0.05354057190266248,-0.014250431598818336,262,535,450
fan_flow_mod,fan,LP,T48+P21+Ps30,-0.023727436036279553,0.0694419843326678,-0.0013486984921882161,262,535,450
fan_flow_mod,fan,LP,T48+P21+P40,0.21380677122143268,0.2549672771256669,0.2699894138221085,262,535,450
fan_flow_mod,fan,LP,T48+P21+P50,0.23419608186599117,0.27888741659047256,0.24112179466063122,262,535,450
fan_flow_mod,fan,LP,T48+P24+Ps30,0.2417531575210492,0.3589883988227347,0.33730789094161107,262,535,450
fan_flow_mod,fan,LP,T48+P24+P40,0.27459895021961145,0.34710632946608855,0.37066094352987977,262,535,450
fan_flow_mod,fan,LP,T48+P24+P50,0.11299093023388294,0.28450911416721014,0.22600530672466201,262,535,450
fan_flow_mod,fan,LP,T48+Ps30+P40,0.13537057014122383,0.1426798709093462,0.15337989216194958,262,535,450
fan_flow_mod,fan,LP,T48+Ps30+P50,0.2071997735471277,0.06348226326655526,0.058781960889831786,262,535,450
fan_flow_mod,fan,LP,T48+P40+P50,0.3201263301461146,0.1981575230285546,0.22619077346306993,262,535,450
fan_flow_mod,fan,LP,T50+P15+P21,0.42971929696189237,0.012714281771477487,-0.04071073854799545,262,535,450
fan_flow_mod,fan,LP,T50+P15+P24,0.34871410449090484,-0.049214097858765404,-0.14775389647109405,262,535,450
fan_flow_mod,fan,LP,T50+P15+Ps30,0.09306861292882394,0.19430648793770933,0.11465977464386456,262,535,450
fan_flow_mod,fan,LP,T50+P15+P40,0.05803675946366088,0.04140829854938044,-0.031927936531455536,262,535,450
fan_flow_mod,fan,LP,T50+P15+P50,0.27759842090825226,0.22834018469288442,0.19753143736089518,262,535,450
fan_flow_mod,fan,LP,T50+P21+P24,0.3485946055057357,-0.04898907852337975,-0.14750774383225518,262,535,450
fan_flow_mod,fan,LP,T50+P21+Ps30,0.36738313664882694,0.2781477717550299,0.2617839654202613,262,535,450
fan_flow_mod,fan,LP,T50+P21+P40,0.057945855965947646,0.041462279798083035,-0.03186982549356743,262,535,450
fan_flow_mod,fan,LP,T50+P21+P50,0.3472416553337284,0.17966015579937922,0.15672202076599373,262,535,450
fan_flow_mod,fan,LP,T50+P24+Ps30,0.15882407366111684,0.2886513819655646,0.25842967312916687,262,535,450
fan_flow_mod,fan,LP,T50+P24+P40,-0.00851116124272587,0.18377777616560298,0.1388070646624684,262,535,450
fan_flow_mod,fan,LP,T50+P24+P50,0.24705782208329924,0.19325183576366578,0.18774286306084031,262,535,450
fan_flow_mod,fan,LP,T50+Ps30+P40,0.28586679875164583,0.06314029367560137,0.02555036925449672,262,535,450
fan_flow_mod,fan,LP,T50+Ps30+P50,0.47264240788552503,-0.013359596206036883,-0.08646531730686124,262,535,450
fan_flow_mod,fan,LP,T50+P40+P50,0.13859393768983894,0.010114733185602853,0.024496561642367243,262,535,450
fan_flow_mod,fan,LP,P15+P21+P24,0.28182092295236977,0.07102277286121084,-0.02507891594956435,262,535,450
fan_flow_mod,fan,LP,P15+P21+Ps30,0.2846021903641265,0.1112869318748364,0.059601360807661985,262,535,450
fan_flow_mod,fan,LP,P15+P21+P40,0.3194235077189943,0.13207650104543767,0.06558906268963105,262,535,450
fan_flow_mod,fan,LP,P15+P21+P50,0.36404282500919816,0.043284416171256224,-0.011342003352204255,262,535,450
fan_flow_mod,fan,LP,P15+P24+Ps30,0.3115154955695063,-0.08773149978425399,-0.1907305450324528,262,535,450
fan_flow_mod,fan,LP,P15+P24+P40,0.0781997527715513,-0.053935617815574544,-0.1619953655615829,262,535,450
fan_flow_mod,fan,LP,P15+P24+P50,0.42202603902983304,0.07142545456917082,-0.02414143639386568,262,535,450
fan_flow_mod,fan,LP,P15+Ps30+P40,0.6713647768536753,0.1969294260273603,0.1272046940266368,262,535,450
fan_flow_mod,fan,LP,P15+Ps30+P50,0.6035607681953365,0.1980107481919976,0.14264101222491377,262,535,450
fan_flow_mod,fan,LP,P15+P40+P50,0.6304971905483985,0.4135732692709334,0.40269430949149554,262,535,450
fan_flow_mod,fan,LP,P21+P24+Ps30,0.3114278964045937,-0.08783820529055686,-0.19084735465467828,262,535,450
fan_flow_mod,fan,LP,P21+P24+P40,0.07817735472563545,-0.05412098490579709,-0.16219973829178014,262,535,450
fan_flow_mod,fan,LP,P21+P24+P50,0.42211000306434754,0.07074147521305563,-0.024895809431043858,262,535,450
fan_flow_mod,fan,LP,P21+Ps30+P40,0.6713565898337138,0.19696691138529865,0.12724543396347754,262,535,450
fan_flow_mod,fan,LP,P21+Ps30+P50,0.6035590482665943,0.19770413694441213,0.14231323238438098,262,535,450
fan_flow_mod,fan,LP,P21+P40+P50,0.6304906250028491,0.4134964349419905,0.40261604978827514,262,535,450
fan_flow_mod,fan,LP,P24+Ps30+P40,0.6300526295054545,0.10619207566796562,0.05620134035549673,262,535,450
fan_flow_mod,fan,LP,P24+Ps30+P50,0.4640502788912292,0.3483770795252049,0.36862116409234535,262,535,450
fan_flow_mod,fan,LP,P24+P40+P50,0.7010697768948092,0.2838030842194694,0.26037195661974943,262,535,450
fan_flow_mod,fan,LP,Ps30+P40+P50,-0.05367473814425263,0.053262901167046794,0.11488523462096334,262,535,450
LPC_eff_mod,LPC,LP,Wf+Nf+Nc,-0.13202542156828095,-0.4605110756901296,-0.6101435306612719,266,530,372
LPC_eff_mod,LPC,LP,Wf+Nf+T24,0.14590140362434242,-0.12282295749538807,-0.15118998671367634,266,530,372
LPC_eff_mod,LPC,LP,Wf+Nf+T30,0.464944199258983,-0.23555807522022,-0.30960172472761216,266,530,372
LPC_eff_mod,LPC,LP,Wf+Nf+T48,0.20098638856077164,-0.10093889304329995,-0.19372175930829316,266,530,372
LPC_eff_mod,LPC,LP,Wf+Nf+T50,0.2695812365762949,-0.3092544040933989,-0.4698058732882928,266,530,372
LPC_eff_mod,LPC,LP,Wf+Nf+P15,0.031719446448683374,-0.11678063953951168,-0.26650104643831085,266,530,372
LPC_eff_mod,LPC,LP,Wf+Nf+P21,0.03171944644813085,-0.11666210208947603,-0.2665010464373214,266,530,372
LPC_eff_mod,LPC,LP,Wf+Nf+P24,-0.08185226412154656,-0.8531132321242128,-1.2962308618077567,266,530,372
LPC_eff_mod,LPC,LP,Wf+Nf+Ps30,0.3817543697627535,-0.2675144138855725,-0.45101119942250834,266,530,372
LPC_eff_mod,LPC,LP,Wf+Nf+P40,-0.1419476108401378,-1.079542675461659,-1.3853805234699887,266,530,372
LPC_eff_mod,LPC,LP,Wf+Nf+P50,-0.054289953097916954,-0.09836983102151264,-0.26484653277499914,266,530,372
LPC_eff_mod,LPC,LP,Wf+Nc+T24,0.1324544795445519,-0.652162049717707,-0.6951840144781605,266,530,372
LPC_eff_mod,LPC,LP,Wf+Nc+T30,-0.05954912714964523,0.31748518204674125,0.4342549983178605,266,530,372
LPC_eff_mod,LPC,LP,Wf+Nc+T48,0.19627156960655184,0.1848439409079421,0.185629152810721,266,530,372
LPC_eff_mod,LPC,LP,Wf+Nc+T50,-0.08637694691618941,0.13246134724588743,0.2085564147476534,266,530,372
LPC_eff_mod,LPC,LP,Wf+Nc+P15,-0.2919895581089324,-0.27287145720057904,-0.4500077468825572,266,530,372
LPC_eff_mod,LPC,LP,Wf+Nc+P21,-0.29198955810876587,-0.27297589419027646,-0.4500077468840349,266,530,372
LPC_eff_mod,LPC,LP,Wf+Nc+P24,0.24893261915504955,-0.3757656976470949,-0.550939759132435,266,530,372
LPC_eff_mod,LPC,LP,Wf+Nc+Ps30,-0.03146757239028003,-0.4546687973255419,-0.5679749813339008,266,530,372
LPC_eff_mod,LPC,LP,Wf+Nc+P40,-0.29326682189087233,-0.1723092323442923,-0.05358959536970964,266,530,372
LPC_eff_mod,LPC,LP,Wf+Nc+P50,-0.018090337010658306,-0.6204485412818128,-0.8520445318531611,266,530,372
LPC_eff_mod,LPC,LP,Wf+T24+T30,0.48910375499276193,-0.07414530927147212,-0.25820923642564386,266,530,372
LPC_eff_mod,LPC,LP,Wf+T24+T48,0.26587889123677316,0.03283237547994433,-0.033672975483125756,266,530,372
LPC_eff_mod,LPC,LP,Wf+T24+T50,0.4707831451977074,0.5032020548011142,0.48720340576984567,266,530,372
LPC_eff_mod,LPC,LP,Wf+T24+P15,0.3534065316385938,-0.13543322572519378,-0.28771042107556233,266,530,372
LPC_eff_mod,LPC,LP,Wf+T24+P21,0.5271738446954074,-0.16301345020502755,-0.3249020675078551,266,530,372
LPC_eff_mod,LPC,LP,Wf+T24+P24,0.06356324129883892,-0.42458050422232874,-0.627404020320159,266,530,372
LPC_eff_mod,LPC,LP,Wf+T24+Ps30,0.0660290565407153,-0.24427209752694656,-0.20772620437554967,266,530,372
LPC_eff_mod,LPC,LP,Wf+T24+P40,0.2920163716971185,0.20702216326877265,0.20198600451134052,266,530,372
LPC_eff_mod,LPC,LP,Wf+T24+P50,0.3195323081030139,-0.8109598454154168,-1.0949863397032815,266,530,372
LPC_eff_mod,LPC,LP,Wf+T30+T48,0.2472320112616634,-0.4619335307079626,-0.41326689447111953,266,530,372
LPC_eff_mod,LPC,LP,Wf+T30+T50,0.08080118052168991,0.053696898396693005,0.13968738314851836,266,530,372
LPC_eff_mod,LPC,LP,Wf+T30+P15,0.188954700549414,0.054420069677662775,-0.09844080424674395,266,530,372
LPC_eff_mod,LPC,LP,Wf+T30+P21,0.18895470054978442,0.05439805216496807,-0.09844080424618795,266,530,372
LPC_eff_mod,LPC,LP,Wf+T30+P24,0.3626659581867519,0.11906740675742766,0.055032778118257686,266,530,372
LPC_eff_mod,LPC,LP,Wf+T30+Ps30,0.4326468058753673,0.1317873862375426,0.11232090874695355,266,530,372
LPC_eff_mod,LPC,LP,Wf+T30+P40,0.3865271088445958,-0.030879437275084687,0.007501060517781322,266,530,372
LPC_eff_mod,LPC,LP,Wf+T30+P50,-0.07045112054738005,0.0017161228791416905,-0.09125607713668038,266,530,372
LPC_eff_mod,LPC,LP,Wf+T48+T50,0.1901475559566595,0.3490811261870055,0.3315321954739969,266,530,372
LPC_eff_mod,LPC,LP,Wf+T48+P15,0.6842752031101756,-0.20131988182094385,-0.3531313745371705,266,530,372
LPC_eff_mod,LPC,LP,Wf+T48+P21,0.5546367662333046,-0.25633609349989306,-0.4197259593515592,266,530,372
LPC_eff_mod,LPC,LP,Wf+T48+P24,0.5255953870370627,-0.37343349973917905,-0.5628862956637226,266,530,372
LPC_eff_mod,LPC,LP,Wf+T48+Ps30,0.38412602709359306,0.023660265336094666,-0.0993799115990357,266,530,372
LPC_eff_mod,LPC,LP,Wf+T48+P40,0.36029513810080654,0.325649362739452,0.37209505422928857,266,530,372
LPC_eff_mod,LPC,LP,Wf+T48+P50,0.22907366309346416,-0.39108326366298973,-0.6655815995917029,266,530,372
LPC_eff_mod,LPC,LP,Wf+T50+P15,0.6957173751002053,0.16525906215912378,0.10526871022055395,266,530,372
LPC_eff_mod,LPC,LP,Wf+T50+P21,0.6957173751004911,0.1652303653295275,0.10526871022012663,266,530,372
LPC_eff_mod,LPC,LP,Wf+T50+P24,0.4394009906593678,0.003873472749701623,-0.11422051585411275,266,530,372
LPC_eff_mod,LPC,LP,Wf+T50+Ps30,0.03123491560944605,-0.11860679526659257,-0.13040600899287758,266,530,372
LPC_eff_mod,LPC,LP,Wf+T50+P40,0.0777824807689215,0.23038154837007174,0.2372299312224836,266,530,372
LPC_eff_mod,LPC,LP,Wf+T50+P50,0.6515512324175607,-0.34601498148831644,-0.5035020552353022,266,530,372
LPC_eff_mod,LPC,LP,Wf+P15+P21,0.3450444726091147,-0.13521929782198128,-0.19650503744164682,266,530,372
LPC_eff_mod,LPC,LP,Wf+P15+P24,0.3193287649928619,0.20799792828589503,0.1694066009221189,266,530,372
LPC_eff_mod,LPC,LP,Wf+P15+Ps30,0.2839009579175763,-0.26343921882012,-0.25781693980727427,266,530,372
LPC_eff_mod,LPC,LP,Wf+P15+P40,0.14874285066717607,-0.05963084123547313,-0.09735791532027016,266,530,372
LPC_eff_mod,LPC,LP,Wf+P15+P50,-0.04949916611688131,0.007551030288326155,0.04924596784458646,266,530,372
LPC_eff_mod,LPC,LP,Wf+P21+P24,0.3193287649917733,0.20798755160527127,0.16940660092098359,266,530,372
LPC_eff_mod,LPC,LP,Wf+P21+Ps30,0.17738344698656155,-0.1823906431468958,-0.14097403066274028,266,530,372
LPC_eff_mod,LPC,LP,Wf+P21+P40,0.28564753473435933,-0.18912429588678625,-0.31267554286626775,266,530,372
LPC_eff_mod,LPC,LP,Wf+P21+P50,-0.04949916611569078,0.0075729401034336785,0.049245967844466,266,530,372
LPC_eff_mod,LPC,LP,Wf+P24+Ps30,0.23566940891867597,0.04656616105145528,-0.1056342475975911,266,530,372
LPC_eff_mod,LPC,LP,Wf+P24+P40,0.10976039963002589,-0.041728840974404546,0.019234504972763022,266,530,372
LPC_eff_mod,LPC,LP,Wf+P24+P50,-0.14449737939308238,-0.18190453044072608,-0.327144314844114,266,530,372
LPC_eff_mod,LPC,LP,Wf+Ps30+P40,-0.09410522026244875,-0.20848140595367615,-0.30857662891309756,266,530,372
LPC_eff_mod,LPC,LP,Wf+Ps30+P50,-0.07028461592605598,0.025802395815743284,-0.03761059329921479,266,530,372
LPC_eff_mod,LPC,LP,Wf+P40+P50,0.10954276950998254,0.057148439551162444,0.016272541710419475,266,530,372
LPC_eff_mod,LPC,LP,Nf+Nc+T24,0.10887188963000316,-0.4468864314976324,-0.6961884540001424,266,530,372
LPC_eff_mod,LPC,LP,Nf+Nc+T30,0.2138989148367939,-0.019854064128720594,-0.20696950910261136,266,530,372
LPC_eff_mod,LPC,LP,Nf+Nc+T48,0.24114152332595834,-0.7212014796744433,-0.902194220278028,266,530,372
LPC_eff_mod,LPC,LP,Nf+Nc+T50,0.06850036325188466,-0.5104813961914303,-0.6150721469366303,266,530,372
LPC_eff_mod,LPC,LP,Nf+Nc+P15,0.10943881938237124,-0.45848450227739335,-0.7583875198494547,266,530,372
LPC_eff_mod,LPC,LP,Nf+Nc+P21,0.1968146806259877,-0.32480617296262704,-0.4775975949282396,266,530,372
LPC_eff_mod,LPC,LP,Nf+Nc+P24,0.07521878530260453,-0.4322734172606144,-0.6624004792469138,266,530,372
LPC_eff_mod,LPC,LP,Nf+Nc+Ps30,0.37711360416672446,-0.24009791988519646,-0.39288539372380926,266,530,372
LPC_eff_mod,LPC,LP,Nf+Nc+P40,0.5660610621951927,-0.028785920799630604,-0.1991930101972077,266,530,372
LPC_eff_mod,LPC,LP,Nf+Nc+P50,0.18803326779515697,-0.13342571139051929,-0.2740600897269325,266,530,372
LPC_eff_mod,LPC,LP,Nf+T24+T30,0.6103747335317956,0.388501571096205,0.3011928914832138,266,530,372
LPC_eff_mod,LPC,LP,Nf+T24+T48,0.3940217869664454,0.5432282192944142,0.5225280977601969,266,530,372
LPC_eff_mod,LPC,LP,Nf+T24+T50,0.47126535304666284,0.20730180324707226,0.09384673568678781,266,530,372
LPC_eff_mod,LPC,LP,Nf+T24+P15,0.0616797329015905,-0.13375907050040814,-0.2733835923930288,266,530,372
LPC_eff_mod,LPC,LP,Nf+T24+P21,0.061679732902344506,-0.13347223397033514,-0.27338359239109256,266,530,372
LPC_eff_mod,LPC,LP,Nf+T24+P24,-0.004000934012131016,-0.15236240685571412,-0.31307012143311663,266,530,372
LPC_eff_mod,LPC,LP,Nf+T24+Ps30,0.05029383547220955,0.19965675684168926,0.1942189827199141,266,530,372
LPC_eff_mod,LPC,LP,Nf+T24+P40,-0.07385653799628948,0.4003013891584901,0.314264379757211,266,530,372
LPC_eff_mod,LPC,LP,Nf+T24+P50,-0.0931417223472571,-0.42517492668031154,-0.6319468521199381,266,530,372
LPC_eff_mod,LPC,LP,Nf+T30+T48,0.3433327305612055,0.023282779874226223,-0.08967466940171787,266,530,372
LPC_eff_mod,LPC,LP,Nf+T30+T50,0.6680543191395256,-0.03241163316808193,-0.044855125161771925,266,530,372
LPC_eff_mod,LPC,LP,Nf+T30+P15,0.17124705928092043,0.14639191306238197,0.006415232292528716,266,530,372
LPC_eff_mod,LPC,LP,Nf+T30+P21,0.17124705927996453,0.14642803073785005,0.006415232293968787,266,530,372
LPC_eff_mod,LPC,LP,Nf+T30+P24,0.21144358652306308,0.24738186314550015,0.19692147338385846,266,530,372
LPC_eff_mod,LPC,LP,Nf+T30+Ps30,0.43681250299101926,0.21455489847977482,0.052805491942438776,266,530,372
LPC_eff_mod,LPC,LP,Nf+T30+P40,0.5087030201835424,0.11709807715657161,-0.1167207912235908,266,530,372
LPC_eff_mod,LPC,LP,Nf+T30+P50,0.2804656033535694,-0.48583164917787136,-0.8336976259341486,266,530,372
LPC_eff_mod,LPC,LP,Nf+T48+T50,0.3128314231555036,-0.09776413848516063,-0.21443654322784567,266,530,372
LPC_eff_mod,LPC,LP,Nf+T48+P15,0.631400075757899,-0.030913672227285582,-0.09321635463499756,266,530,372
LPC_eff_mod,LPC,LP,Nf+T48+P21,0.6314000757571951,-0.03089722315269694,-0.0932163546346505,266,530,372
LPC_eff_mod,LPC,LP,Nf+T48+P24,0.5553727192251938,-0.04656050782590415,-0.1515748231160381,266,530,372
LPC_eff_mod,LPC,LP,Nf+T48+Ps30,0.49694251090175434,-0.013036766039974168,-0.060888907842022055,266,530,372
LPC_eff_mod,LPC,LP,Nf+T48+P40,0.09972051160287138,-0.03627955021134066,-0.10469581957066132,266,530,372
LPC_eff_mod,LPC,LP,Nf+T48+P50,0.6057915126744076,0.00069430657030356,-0.08787258528853026,266,530,372
LPC_eff_mod,LPC,LP,Nf+T50+P15,0.16781938026747545,-0.21482741222878432,-0.3809571586732332,266,530,372
LPC_eff_mod,LPC,LP,Nf+T50+P21,0.1678193802664344,-0.21468930786447227,-0.38095715866900814,266,530,372
LPC_eff_mod,LPC,LP,Nf+T50+P24,0.34340815427450966,-0.07465109189044816,-0.1070704707600787,266,530,372
LPC_eff_mod,LPC,LP,Nf+T50+Ps30,0.3107102771713195,-0.23281306330095108,-0.42428978025765196,266,530,372
LPC_eff_mod,LPC,LP,Nf+T50+P40,0.5872789991879189,0.090584956493308,-0.01692238235377541,266,530,372
LPC_eff_mod,LPC,LP,Nf+T50+P50,0.3604024887592172,-0.2399657937498587,-0.4463511743202895,266,530,372
LPC_eff_mod,LPC,LP,Nf+P15+P21,0.19508080132077693,0.02214212331216292,-0.07759027223011716,266,530,372
LPC_eff_mod,LPC,LP,Nf+P15+P24,0.02091039211122618,-0.23035969414444613,-0.47331221785246425,266,530,372
LPC_eff_mod,LPC,LP,Nf+P15+Ps30,0.5234317089899069,0.1236018902947218,0.09112033943635245,266,530,372
LPC_eff_mod,LPC,LP,Nf+P15+P40,0.3137483184480166,0.16529754624906468,0.09599777938211862,266,530,372
LPC_eff_mod,LPC,LP,Nf+P15+P50,0.27236989597356875,0.23886033301670195,0.20957719396574626,266,530,372
LPC_eff_mod,LPC,LP,Nf+P21+P24,0.08866674329863697,0.020784319663160744,-0.09503442294025444,266,530,372
LPC_eff_mod,LPC,LP,Nf+P21+Ps30,0.5234317089897873,0.1237504390927322,0.09112033943911357,266,530,372
LPC_eff_mod,LPC,LP,Nf+P21+P40,0.3137483184490091,0.16536480052290226,0.09599777938252763,266,530,372
LPC_eff_mod,LPC,LP,Nf+P21+P50,0.27236989597442607,0.23868016552534477,0.209577193966197,266,530,372
LPC_eff_mod,LPC,LP,Nf+P24+Ps30,0.20382886769900202,0.08180561368052919,-0.009038596722376946,266,530,372
LPC_eff_mod,LPC,LP,Nf+P24+P40,0.22807201259561122,0.30926454468943254,0.3038425138010189,266,530,372
LPC_eff_mod,LPC,LP,Nf+P24+P50,0.1896485948414947,-0.08301218844472791,-0.2078474491358362,266,530,372
LPC_eff_mod,LPC,LP,Nf+Ps30+P40,0.24779779929256265,0.28525092880138714,0.2954013913304705,266,530,372
LPC_eff_mod,LPC,LP,Nf+Ps30+P50,0.18073594852086805,-0.1994033503411523,-0.31123839323770186,266,530,372
LPC_eff_mod,LPC,LP,Nf+P40+P50,-0.22451840166247747,-0.27055428752308863,-0.3591354915737761,266,530,372
LPC_eff_mod,LPC,LP,Nc+T24+T30,0.4088720611369587,0.4688123488028535,0.40887370243203536,266,530,372
LPC_eff_mod,LPC,LP,Nc+T24+T48,0.04757379832409399,0.34273546759826234,0.35518976452439033,266,530,372
LPC_eff_mod,LPC,LP,Nc+T24+T50,-0.017709052058102463,-0.3251767122766749,-0.5078233988045373,266,530,372
LPC_eff_mod,LPC,LP,Nc+T24+P15,-0.19671017831743626,-1.6147150195399713,-2.3351463671280737,266,530,372
LPC_eff_mod,LPC,LP,Nc+T24+P21,-0.1967101783175299,-1.6147054981156272,-2.3351463671286434,266,530,372
LPC_eff_mod,LPC,LP,Nc+T24+P24,-0.3792320979678022,-0.24858420288668226,-0.48997944586430675,266,530,372
LPC_eff_mod,LPC,LP,Nc+T24+Ps30,-0.07041709474093208,0.0032805510599147603,-0.05487012186093154,266,530,372
LPC_eff_mod,LPC,LP,Nc+T24+P40,0.2309586198586263,-0.15131437475768594,-0.21649917440393573,266,530,372
LPC_eff_mod,LPC,LP,Nc+T24+P50,-0.3207748722072518,-0.22479987665904466,-0.3455542361701318,266,530,372
LPC_eff_mod,LPC,LP,Nc+T30+T48,0.4076217064319408,-0.1335306891593162,-0.24289138883506167,266,530,372
LPC_eff_mod,LPC,LP,Nc+T30+T50,-0.11611798451497189,-0.15696258139935848,-0.24013862568894373,266,530,372
LPC_eff_mod,LPC,LP,Nc+T30+P15,0.1833194693673974,0.2786103582377403,0.1560460135856172,266,530,372
LPC_eff_mod,LPC,LP,Nc+T30+P21,0.18331946936785162,0.27860444017602626,0.1560460135867553,266,530,372
LPC_eff_mod,LPC,LP,Nc+T30+P24,0.3081688812726119,-0.05032889072519664,-0.12845444061173272,266,530,372
LPC_eff_mod,LPC,LP,Nc+T30+Ps30,0.2626168132251432,0.4247529102842472,0.3787147935385946,266,530,372
LPC_eff_mod,LPC,LP,Nc+T30+P40,0.3018432831293534,0.3525455936783207,0.2870013876370817,266,530,372
LPC_eff_mod,LPC,LP,Nc+T30+P50,0.22529191662274117,0.044509277933493796,-0.09714372580794395,266,530,372
LPC_eff_mod,LPC,LP,Nc+T48+T50,0.02128070001477923,-0.37464069178027937,-0.5156612998867298,266,530,372
LPC_eff_mod,LPC,LP,Nc+T48+P15,-0.09890593778551232,-0.5561197833871374,-0.6325822365318836,266,530,372
LPC_eff_mod,LPC,LP,Nc+T48+P21,-0.09890593778592414,-0.5559265082905809,-0.6325822365285994,266,530,372
LPC_eff_mod,LPC,LP,Nc+T48+P24,-0.16081140047727993,0.00886937411805222,-0.01809702008010783,266,530,372
LPC_eff_mod,LPC,LP,Nc+T48+Ps30,-0.17975309364346403,-0.0771085435866865,-0.16472138935236735,266,530,372
LPC_eff_mod,LPC,LP,Nc+T48+P40,0.23148324018351418,-0.07253174764720427,-0.055954788811338974,266,530,372
LPC_eff_mod,LPC,LP,Nc+T48+P50,0.27939662783541747,-0.32755036965304596,-0.39806236305542764,266,530,372
LPC_eff_mod,LPC,LP,Nc+T50+P15,0.38408499843264265,-0.4791446252509062,-0.4546196738357413,266,530,372
LPC_eff_mod,LPC,LP,Nc+T50+P21,0.3840849984333055,-0.4791497832229885,-0.45461967383591784,266,530,372
LPC_eff_mod,LPC,LP,Nc+T50+P24,0.413412202692548,-0.09486759774284681,-0.0887025613462975,266,530,372
LPC_eff_mod,LPC,LP,Nc+T50+Ps30,-0.18449173488587642,-0.4349401107313895,-0.5270869448897242,266,530,372
LPC_eff_mod,LPC,LP,Nc+T50+P40,-0.05449491471102255,-0.16373394531745245,-0.21995771551061427,266,530,372
LPC_eff_mod,LPC,LP,Nc+T50+P50,0.406456532428602,-0.36453890486790796,-0.4220315715889902,266,530,372
LPC_eff_mod,LPC,LP,Nc+P15+P21,0.06079567058234343,-0.43513142614731115,-0.5969290480402074,266,530,372
LPC_eff_mod,LPC,LP,Nc+P15+P24,0.42625236352474827,0.04531562703964154,-0.1027670053243015,266,530,372
LPC_eff_mod,LPC,LP,Nc+P15+Ps30,0.2038990896250003,-0.2622332555822844,-0.3787768923022734,266,530,372
LPC_eff_mod,LPC,LP,Nc+P15+P40,0.18355729968270434,0.2739783791662598,0.3093993359050703,266,530,372
LPC_eff_mod,LPC,LP,Nc+P15+P50,0.3169521894962627,-0.1526727841914397,-0.21653966166108862,266,530,372
LPC_eff_mod,LPC,LP,Nc+P21+P24,0.4262523635252391,0.04543203776987792,-0.10276700532943561,266,530,372
LPC_eff_mod,LPC,LP,Nc+P21+Ps30,0.2038990896251229,-0.2621643860301195,-0.37877689230115763,266,530,372
LPC_eff_mod,LPC,LP,Nc+P21+P40,0.18355729968302997,0.27383181608187945,0.3093993359046382,266,530,372
LPC_eff_mod,LPC,LP,Nc+P21+P50,0.3169521894972223,-0.15270959668161077,-0.21653966166060323,266,530,372
LPC_eff_mod,LPC,LP,Nc+P24+Ps30,0.25053692263138605,-0.060733527921810415,-0.13838990273934115,266,530,372
LPC_eff_mod,LPC,LP,Nc+P24+P40,0.2570772141637578,0.2593663208339019,0.3257730617067841,266,530,372
LPC_eff_mod,LPC,LP,Nc+P24+P50,0.2586541518942069,-0.050252084956800225,-0.08815250722300849,266,530,372
LPC_eff_mod,LPC,LP,Nc+Ps30+P40,0.3683980290214469,-0.45946305606280924,-0.6554232814665686,266,530,372
LPC_eff_mod,LPC,LP,Nc+Ps30+P50,0.24939321765963654,-0.2337487284595563,-0.40913865641891234,266,530,372
LPC_eff_mod,LPC,LP,Nc+P40+P50,0.2755852426847297,-0.27611515023237243,-0.39321939404573114,266,530,372
LPC_eff_mod,LPC,LP,T24+T30+T48,0.5721742163526418,0.08853927051396793,0.09355470714080971,266,530,372
LPC_eff_mod,LPC,LP,T24+T30+T50,0.5099955784562478,0.2692660510017485,0.16686617624308475,266,530,372
LPC_eff_mod,LPC,LP,T24+T30+P15,-0.5163502253489703,0.015391412081119382,-0.060446459819135656,266,530,372
LPC_eff_mod,LPC,LP,T24+T30+P21,-0.516350225349276,0.015497159868048449,-0.060446459818693565,266,530,372
LPC_eff_mod,LPC,LP,T24+T30+P24,0.19157406541987224,0.12777912079545195,0.1285909411666153,266,530,372
LPC_eff_mod,LPC,LP,T24+T30+Ps30,0.41475725869578606,-0.10334554146440178,-0.059771530225507075,266,530,372
LPC_eff_mod,LPC,LP,T24+T30+P40,-0.0009727115996113408,0.05346524089223614,0.053111139062173796,266,530,372
LPC_eff_mod,LPC,LP,T24+T30+P50,0.2493588122557364,-0.38511080008511067,-0.5510018211537395,266,530,372
LPC_eff_mod,LPC,LP,T24+T48+T50,0.2627096690784818,0.10145759271633026,0.0670581361877175,266,530,372
LPC_eff_mod,LPC,LP,T24+T48+P15,0.3085370769021099,0.23542259933372722,0.16697076177922776,266,530,372
LPC_eff_mod,LPC,LP,T24+T48+P21,0.3085370769016006,0.2352854207449655,0.16697076178168357,266,530,372
LPC_eff_mod,LPC,LP,T24+T48+P24,0.038138019092029435,-0.2407857782819529,-0.3273996196963882,266,530,372
LPC_eff_mod,LPC,LP,T24+T48+Ps30,0.03835930023851125,0.21707229271196615,0.21260494705461597,266,530,372
LPC_eff_mod,LPC,LP,T24+T48+P40,0.11699788774380435,0.23354985864053712,0.22534802925314235,266,530,372
LPC_eff_mod,LPC,LP,T24+T48+P50,0.1526330872938239,0.10355012905762861,0.0539266529848107,266,530,372
LPC_eff_mod,LPC,LP,T24+T50+P15,0.6417641547358712,-0.038201687686243435,-0.141641212153097,266,530,372
LPC_eff_mod,LPC,LP,T24+T50+P21,0.6417641547347852,-0.03813370207564093,-0.14164121215100223,266,530,372
LPC_eff_mod,LPC,LP,T24+T50+P24,0.1270012671728245,-0.06978153498058459,-0.10495914403902051,266,530,372
LPC_eff_mod,LPC,LP,T24+T50+Ps30,0.010924617958246244,0.0591058169095634,0.012024549434490384,266,530,372
LPC_eff_mod,LPC,LP,T24+T50+P40,0.2250110640994854,-0.14269480247978605,-0.2242944582629638,266,530,372
LPC_eff_mod,LPC,LP,T24+T50+P50,0.11581279489109801,0.1543850059815769,-0.0002775558562917446,266,530,372
LPC_eff_mod,LPC,LP,T24+P15+P21,0.3229308178746526,0.2150317566532146,0.19561955180780544,266,530,372
LPC_eff_mod,LPC,LP,T24+P15+P24,0.16279192608293674,0.378074706937792,0.2722839435235672,266,530,372
LPC_eff_mod,LPC,LP,T24+P15+Ps30,-0.06728274972881007,-0.4251059191090354,-0.6680132874847386,266,530,372
LPC_eff_mod,LPC,LP,T24+P15+P40,-0.018228318610951144,0.12142274304378686,-0.01762752042222715,266,530,372
LPC_eff_mod,LPC,LP,T24+P15+P50,0.31871010929909216,0.038723139697004916,0.005751716017767139,266,530,372
LPC_eff_mod,LPC,LP,T24+P21+P24,0.16279192608336765,0.3780791062114557,0.272283943521499,266,530,372
LPC_eff_mod,LPC,LP,T24+P21+Ps30,-0.06728274973057069,-0.42503121283214806,-0.6680132874869007,266,530,372
LPC_eff_mod,LPC,LP,T24+P21+P40,-0.018228318612860533,0.12133821684400159,-0.017627520424832843,266,530,372
LPC_eff_mod,LPC,LP,T24+P21+P50,0.3187101092991804,0.038757310839900305,0.0057517160228574005,266,530,372
LPC_eff_mod,LPC,LP,T24+P24+Ps30,-0.12449488130616204,-0.10954056743496432,-0.3144826201061137,266,530,372
LPC_eff_mod,LPC,LP,T24+P24+P40,-0.1352125010889802,0.010125147074544594,-0.04207912540548664,266,530,372
LPC_eff_mod,LPC,LP,T24+P24+P50,-0.4168748039026526,-0.3588305864622372,-0.45838079997800785,266,530,372
LPC_eff_mod,LPC,LP,T24+Ps30+P40,0.5456683813722024,0.3705041656169975,0.3825319477264715,266,530,372
LPC_eff_mod,LPC,LP,T24+Ps30+P50,0.5183140401602844,0.3644077188532404,0.33241117882465376,266,530,372
LPC_eff_mod,LPC,LP,T24+P40+P50,0.01610429983793454,0.18360164534308587,0.12728343666802555,266,530,372
LPC_eff_mod,LPC,LP,T30+T48+T50,0.19946408888315764,-0.02724280886611763,-0.1095494700412889,266,530,372
LPC_eff_mod,LPC,LP,T30+T48+P15,0.03867591054191046,-0.5147996761905251,-0.627790514566126,266,530,372
LPC_eff_mod,LPC,LP,T30+T48+P21,0.03867591054276695,-0.5146261898270736,-0.6277905145597766,266,530,372
LPC_eff_mod,LPC,LP,T30+T48+P24,-0.006956855041815348,-0.059238200740926894,-0.10214056648609082,266,530,372
LPC_eff_mod,LPC,LP,T30+T48+Ps30,0.11154807439227216,-0.013066349086284124,-0.021987986785079627,266,530,372
LPC_eff_mod,LPC,LP,T30+T48+P40,-0.15765396038433502,0.020152772058594115,0.006532600415819045,266,530,372
LPC_eff_mod,LPC,LP,T30+T48+P50,0.2942641472566635,-0.18121710049930817,-0.39907335271790223,266,530,372
LPC_eff_mod,LPC,LP,T30+T50+P15,0.2785360699026433,-0.03052190969958679,-0.12360482145314688,266,530,372
LPC_eff_mod,LPC,LP,T30+T50+P21,0.27853606990311464,-0.03056705081386557,-0.12360482144909413,266,530,372
LPC_eff_mod,LPC,LP,T30+T50+P24,0.44293940362717715,0.05893179608400434,0.007540608998052867,266,530,372
LPC_eff_mod,LPC,LP,T30+T50+Ps30,-0.3854019541597558,-0.11963447407729477,-0.1844554739809987,266,530,372
LPC_eff_mod,LPC,LP,T30+T50+P40,0.04986676382945454,-0.35190759979216013,-0.42870846105586247,266,530,372
LPC_eff_mod,LPC,LP,T30+T50+P50,0.2761026854676339,-0.20299260038271538,-0.2924596910816415,266,530,372
LPC_eff_mod,LPC,LP,T30+P15+P21,0.3833377543718154,0.12258360460944095,0.08461689732493849,266,530,372
LPC_eff_mod,LPC,LP,T30+P15+P24,0.06696073965233997,-0.3984215797395756,-0.6677768555761745,266,530,372
LPC_eff_mod,LPC,LP,T30+P15+Ps30,0.31253487719569367,0.1056658336330808,0.053247410005145546,266,530,372
LPC_eff_mod,LPC,LP,T30+P15+P40,0.12417458994649275,-0.050679715707170336,-0.14825794673953085,266,530,372
LPC_eff_mod,LPC,LP,T30+P15+P50,0.3752285673380106,-0.015168156975454927,-0.06361831776690785,266,530,372
LPC_eff_mod,LPC,LP,T30+P21+P24,0.06696073965302647,-0.3986624251791131,-0.6677768555837813,266,530,372
LPC_eff_mod,LPC,LP,T30+P21+Ps30,0.31253487719634815,0.10562867419444566,0.05324741000538913,266,530,372
LPC_eff_mod,LPC,LP,T30+P21+P40,0.12417458994705263,-0.05074651273734987,-0.14825794673813175,266,530,372
LPC_eff_mod,LPC,LP,T30+P21+P50,0.37522856733782173,-0.01514722034617133,-0.06361831776096771,266,530,372
LPC_eff_mod,LPC,LP,T30+P24+Ps30,0.2702243218741233,0.26980843444206315,0.2225479638392217,266,530,372
LPC_eff_mod,LPC,LP,T30+P24+P40,0.04110738881389647,-0.07633137240151422,-0.13461346644040106,266,530,372
LPC_eff_mod,LPC,LP,T30+P24+P50,0.5658844636663656,0.21067671285380196,0.16695988489783242,266,530,372
LPC_eff_mod,LPC,LP,T30+Ps30+P40,0.4210856777274824,0.29106784969284094,0.23136243135577428,266,530,372
LPC_eff_mod,LPC,LP,T30+Ps30+P50,0.2653276451303982,0.19715283976180065,0.07206475119883393,266,530,372
LPC_eff_mod,LPC,LP,T30+P40+P50,0.08766296902719818,0.02903447423033978,-0.08198105431448299,266,530,372
LPC_eff_mod,LPC,LP,T48+T50+P15,0.29814702456343156,-0.08056385715483882,-0.19724343984199777,266,530,372
LPC_eff_mod,LPC,LP,T48+T50+P21,0.29814702456391995,-0.08042022164335583,-0.19724343984054737,266,530,372
LPC_eff_mod,LPC,LP,T48+T50+P24,0.5329507920032397,0.23340237737833947,0.24102473675960256,266,530,372
LPC_eff_mod,LPC,LP,T48+T50+Ps30,0.23019262865763046,-0.08832130335581456,-0.12253324360391615,266,530,372
LPC_eff_mod,LPC,LP,T48+T50+P40,0.16311501303441295,0.004750584408040326,0.00160480064159374,266,530,372
LPC_eff_mod,LPC,LP,T48+T50+P50,0.2879443111497599,-0.3660472724903261,-0.6673797162714965,266,530,372
LPC_eff_mod,LPC,LP,T48+P15+P21,0.26693412723599086,-0.11766582554570149,-0.043448377941460725,266,530,372
LPC_eff_mod,LPC,LP,T48+P15+P24,0.2812662915837181,0.20352255847332734,0.28324379079838935,266,530,372
LPC_eff_mod,LPC,LP,T48+P15+Ps30,0.13316539050148657,0.016292431795303708,0.028434023857817237,266,530,372
LPC_eff_mod,LPC,LP,T48+P15+P40,0.522207334683835,0.080558470996837,-0.01232185286029619,266,530,372
LPC_eff_mod,LPC,LP,T48+P15+P50,-0.09992218963915706,0.12717681274424963,0.138534925779214,266,530,372
LPC_eff_mod,LPC,LP,T48+P21+P24,0.28126629158344607,0.20283800695275755,0.2832437908009605,266,530,372
LPC_eff_mod,LPC,LP,T48+P21+Ps30,0.13316539050174586,0.016217617262916595,0.028434023858441626,266,530,372
LPC_eff_mod,LPC,LP,T48+P21+P40,0.5222073346843208,0.08054046705422901,-0.012321852859347171,266,530,372
LPC_eff_mod,LPC,LP,T48+P21+P50,-0.09992218963807775,0.12687366635204833,0.13853492578297322,266,530,372
LPC_eff_mod,LPC,LP,T48+P24+Ps30,-0.03875280647470078,0.15846681783033456,0.1426089754686286,266,530,372
LPC_eff_mod,LPC,LP,T48+P24+P40,0.40243857166451125,-0.02323324398640514,-0.00520975936137158,266,530,372
LPC_eff_mod,LPC,LP,T48+P24+P50,0.34782345912955626,-0.02140601038436163,0.044847144983927056,266,530,372
LPC_eff_mod,LPC,LP,T48+Ps30+P40,0.5459387173451205,-0.02107249379230547,0.16486899305575387,266,530,372
LPC_eff_mod,LPC,LP,T48+Ps30+P50,0.29480965823102495,-0.021448709659504184,0.006736708099207234,266,530,372
LPC_eff_mod,LPC,LP,T48+P40+P50,0.11734099770976361,-0.052233278694492125,-0.051732977722487083,266,530,372
LPC_eff_mod,LPC,LP,T50+P15+P21,-0.06293916496944083,-0.33969467523379926,-0.43778972205945643,266,530,372
LPC_eff_mod,LPC,LP,T50+P15+P24,0.21055174838075097,-0.24314427721213416,-0.32276854054404724,266,530,372
LPC_eff_mod,LPC,LP,T50+P15+Ps30,0.309285852496088,0.05252483473761316,0.1716818041216177,266,530,372
LPC_eff_mod,LPC,LP,T50+P15+P40,0.4079909776114003,0.05350598397109163,-0.034286395909781,266,530,372
LPC_eff_mod,LPC,LP,T50+P15+P50,0.610150667653292,-0.1891763217389526,-0.21732758362358817,266,530,372
LPC_eff_mod,LPC,LP,T50+P21+P24,0.21055174838076782,-0.24370840979422814,-0.32276854053482396,266,530,372
LPC_eff_mod,LPC,LP,T50+P21+Ps30,0.3092858524963917,0.05235734487563881,0.17168180412315082,266,530,372
LPC_eff_mod,LPC,LP,T50+P21+P40,0.024378043784022654,-0.23684968303211873,-0.23937564365185637,266,530,372
LPC_eff_mod,LPC,LP,T50+P21+P50,0.6101506676538274,-0.18931760259980956,-0.21732758362022575,266,530,372
LPC_eff_mod,LPC,LP,T50+P24+Ps30,-0.1202676270909056,0.042443408864650034,0.10959430483836596,266,530,372
LPC_eff_mod,LPC,LP,T50+P24+P40,-0.13515264706285993,0.17032079211617224,0.1208714069625837,266,530,372
LPC_eff_mod,LPC,LP,T50+P24+P50,0.290591472256093,0.23728143788985623,0.2520560539513087,266,530,372
LPC_eff_mod,LPC,LP,T50+Ps30+P40,0.37767484305892796,-0.023865982716923417,-0.10839849580324468,266,530,372
LPC_eff_mod,LPC,LP,T50+Ps30+P50,0.17726851254734655,0.09577864996685725,0.140553336004133,266,530,372
LPC_eff_mod,LPC,LP,T50+P40+P50,0.3182558334250179,-0.14749362587581105,-0.20623974010967738,266,530,372
LPC_eff_mod,LPC,LP,P15+P21+P24,0.24481375521316517,-0.25061471245805444,-0.26322834368782155,266,530,372
LPC_eff_mod,LPC,LP,P15+P21+Ps30,0.06309269614371489,0.26819743696748555,0.2881175092256384,266,530,372
LPC_eff_mod,LPC,LP,P15+P21+P40,-0.06356059325410407,-0.12647862062861703,-0.3046729065207583,266,530,372
LPC_eff_mod,LPC,LP,P15+P21+P50,0.1198188578677337,-0.04443845610210739,-0.1316694627462125,266,530,372
LPC_eff_mod,LPC,LP,P15+P24+Ps30,-0.13868042594788121,0.05288466746632092,-0.04008598497721283,266,530,372
LPC_eff_mod,LPC,LP,P15+P24+P40,-0.19538599776205162,-0.0828640872776325,-0.10794030124789833,266,530,372
LPC_eff_mod,LPC,LP,P15+P24+P50,-0.17850511973968872,-0.2250705448819632,-0.1835777442893043,266,530,372
LPC_eff_mod,LPC,LP,P15+Ps30+P40,-0.1669926518610939,0.027409483839746396,-0.022436345242744737,266,530,372
LPC_eff_mod,LPC,LP,P15+Ps30+P50,0.2190672679665619,0.2446469226913418,0.2189869131658545,266,530,372
LPC_eff_mod,LPC,LP,P15+P40+P50,0.061875521109457265,0.30139220202297645,0.31992806382885464,266,530,372
LPC_eff_mod,LPC,LP,P21+P24+Ps30,-0.13868042595082025,0.05267009808240697,-0.04008598498220506,266,530,372
LPC_eff_mod,LPC,LP,P21+P24+P40,-0.19538599776302595,-0.08321092506612793,-0.10794030125545406,266,530,372
LPC_eff_mod,LPC,LP,P21+P24+P50,-0.17850511974268374,-0.2245802985161176,-0.18357774428327267,266,530,372
LPC_eff_mod,LPC,LP,P21+Ps30+P40,-0.16699265186055348,0.027587102650991513,-0.022436345240994138,266,530,372
LPC_eff_mod,LPC,LP,P21+Ps30+P50,0.2190672679676314,0.24457301611684368,0.21898691316491858,266,530,372
LPC_eff_mod,LPC,LP,P21+P40+P50,0.06187552111044507,0.30130867921094606,0.31992806382764394,266,530,372
LPC_eff_mod,LPC,LP,P24+Ps30+P40,0.31146655611301177,0.03231939245777349,-0.0510071283106277,266,530,372
LPC_eff_mod,LPC,LP,P24+Ps30+P50,0.07925172304162763,0.2579660624533624,0.23043716711037632,266,530,372
LPC_eff_mod,LPC,LP,P24+P40+P50,0.001832781100519154,0.3415902293613765,0.32927237076615024,266,530,372
LPC_eff_mod,LPC,LP,Ps30+P40+P50,0.23244442516656344,0.26270896853042547,0.2370116807842687,266,530,372
LPC_flow_mod,LPC,LP,Wf+Nf+Nc,-0.03928804347231507,-0.9968575880156896,-1.3025172729700265,264,530,372
LPC_flow_mod,LPC,LP,Wf+Nf+T24,0.3390379025319055,0.22619938962180697,0.19801737525910346,264,530,372
LPC_flow_mod,LPC,LP,Wf+Nf+T30,0.13342992266340784,-0.3726790579515633,-0.6029926798579788,264,530,372
LPC_flow_mod,LPC,LP,Wf+Nf+T48,0.018586291454424156,-0.15497788733179707,-0.29705885828859024,264,530,372
LPC_flow_mod,LPC,LP,Wf+Nf+T50,0.2829265288629877,-0.07792041554497753,-0.14344427651707403,264,530,372
LPC_flow_mod,LPC,LP,Wf+Nf+P15,0.32120249533430717,-0.5316284774137994,-0.7258681454736651,264,530,372
LPC_flow_mod,LPC,LP,Wf+Nf+P21,0.3212024953350813,-0.5314898935151862,-0.7258681454727671,264,530,372
LPC_flow_mod,LPC,LP,Wf+Nf+P24,-0.2545051032436588,-0.7230326449928368,-1.086073378106423,264,530,372
LPC_flow_mod,LPC,LP,Wf+Nf+Ps30,0.29449462340110244,-0.8389017579002396,-1.1605474983304869,264,530,372
LPC_flow_mod,LPC,LP,Wf+Nf+P40,0.3991509464077128,-0.8831490795296051,-1.2093425521579357,264,530,372
LPC_flow_mod,LPC,LP,Wf+Nf+P50,-0.20523941642462165,-0.47437088835245245,-0.5085299833411807,264,530,372
LPC_flow_mod,LPC,LP,Wf+Nc+T24,-0.023251889961106414,0.30491943038026637,0.2733871059341546,264,530,372
LPC_flow_mod,LPC,LP,Wf+Nc+T30,0.08445794740727527,0.5087534578463018,0.5014440380526739,264,530,372
LPC_flow_mod,LPC,LP,Wf+Nc+T48,0.1259086813502464,0.055991479393183385,0.033677685530214774,264,530,372
LPC_flow_mod,LPC,LP,Wf+Nc+T50,0.04919155412994981,0.12360523605349172,0.18619577999720227,264,530,372
LPC_flow_mod,LPC,LP,Wf+Nc+P15,0.13275503988350099,-0.2739403997766898,-0.47382255569352205,264,530,372
LPC_flow_mod,LPC,LP,Wf+Nc+P21,0.13275503988489912,-0.27387950226495006,-0.47382255569548004,264,530,372
LPC_flow_mod,LPC,LP,Wf+Nc+P24,0.23900020068053351,-0.3940887249950997,-0.5570491108848628,264,530,372
LPC_flow_mod,LPC,LP,Wf+Nc+Ps30,0.21334984855700195,-0.021715373128018856,-0.04083485845759083,264,530,372
LPC_flow_mod,LPC,LP,Wf+Nc+P40,-0.0679038763849397,-0.3671499667440301,-0.37452111120008214,264,530,372
LPC_flow_mod,LPC,LP,Wf+Nc+P50,-0.13098784977270272,-0.3766138145142397,-0.5082705635851201,264,530,372
LPC_flow_mod,LPC,LP,Wf+T24+T30,0.5742765290882752,-0.045347166440581566,-0.05109561876604607,264,530,372
LPC_flow_mod,LPC,LP,Wf+T24+T48,0.6357305976084885,0.1745588399987983,0.15871411322335438,264,530,372
LPC_flow_mod,LPC,LP,Wf+T24+T50,0.4346975271432034,0.17311625003293196,0.2193980698120952,264,530,372
LPC_flow_mod,LPC,LP,Wf+T24+P15,0.15947325058546685,0.07568772849246419,0.06412491411028831,264,530,372
LPC_flow_mod,LPC,LP,Wf+T24+P21,0.15947325058721998,0.07566194934064552,0.06412491410795385,264,530,372
LPC_flow_mod,LPC,LP,Wf+T24+P24,0.1221823077468141,0.19403341714475852,0.17160662040609953,264,530,372
LPC_flow_mod,LPC,LP,Wf+T24+Ps30,0.0382511504460432,0.14233315188182183,0.1719168047451859,264,530,372
LPC_flow_mod,LPC,LP,Wf+T24+P40,0.3134629658849045,0.17896346209234681,0.10985689860374526,264,530,372
LPC_flow_mod,LPC,LP,Wf+T24+P50,0.1890120874250646,-0.023042905236737132,-0.2101188394924942,264,530,372
LPC_flow_mod,LPC,LP,Wf+T30+T48,0.45637616984429896,0.09364622601721151,0.17400865689368428,264,530,372
LPC_flow_mod,LPC,LP,Wf+T30+T50,0.6598557032556293,0.12925656451376766,0.19473607436576734,264,530,372
LPC_flow_mod,LPC,LP,Wf+T30+P15,0.5872505745437027,-0.08147076721303503,-0.1874019856808875,264,530,372
LPC_flow_mod,LPC,LP,Wf+T30+P21,0.5872505745440235,-0.08149755103401413,-0.1874019856807556,264,530,372
LPC_flow_mod,LPC,LP,Wf+T30+P24,0.4351588829519839,-0.10373268365485266,-0.14224099327617612,264,530,372
LPC_flow_mod,LPC,LP,Wf+T30+Ps30,0.3440953507253417,-0.1714058960279845,-0.25305956825295595,264,530,372
LPC_flow_mod,LPC,LP,Wf+T30+P40,0.5357552874904726,0.17260764581032184,0.07833637135191585,264,530,372
LPC_flow_mod,LPC,LP,Wf+T30+P50,0.4122112773170809,-0.06613631155775668,-0.16742171979310227,264,530,372
LPC_flow_mod,LPC,LP,Wf+T48+T50,0.3021441162785103,0.1475677544541989,0.18136464061958246,264,530,372
LPC_flow_mod,LPC,LP,Wf+T48+P15,-0.06582895528702032,-0.41603611103710936,-0.6144789118071148,264,530,372
LPC_flow_mod,LPC,LP,Wf+T48+P21,0.361657925629833,-0.2462903490143622,-0.367050830244525,264,530,372
LPC_flow_mod,LPC,LP,Wf+T48+P24,-0.00165474519561018,-0.1999216099492933,-0.29852044558850266,264,530,372
LPC_flow_mod,LPC,LP,Wf+T48+Ps30,0.35530996846084395,0.28310891686177797,0.2846245537540678,264,530,372
LPC_flow_mod,LPC,LP,Wf+T48+P40,0.27121293058988805,0.13628708683402846,0.06363813108448568,264,530,372
LPC_flow_mod,LPC,LP,Wf+T48+P50,0.6107213683065416,-0.11434074757927748,-0.26507986953809404,264,530,372
LPC_flow_mod,LPC,LP,Wf+T50+P15,0.5313117395030011,0.21639810996907427,0.26984614114179906,264,530,372
LPC_flow_mod,LPC,LP,Wf+T50+P21,0.5313117395035597,0.2163094493387031,0.2698461411402685,264,530,372
LPC_flow_mod,LPC,LP,Wf+T50+P24,0.3249824210681877,0.10401291583999883,0.06148183128074203,264,530,372
LPC_flow_mod,LPC,LP,Wf+T50+Ps30,0.2844807590125129,-0.16413755554789344,-0.27586525844684573,264,530,372
LPC_flow_mod,LPC,LP,Wf+T50+P40,0.10800711046800951,-0.06670102288240387,-0.15103737543465345,264,530,372
LPC_flow_mod,LPC,LP,Wf+T50+P50,0.6282135484119966,-0.11454927945334159,-0.25612037097138973,264,530,372
LPC_flow_mod,LPC,LP,Wf+P15+P21,0.13733146415336447,0.1811458530287252,0.26009629261836553,264,530,372
LPC_flow_mod,LPC,LP,Wf+P15+P24,0.34395791047099344,-0.05055408886642265,0.026936334688899888,264,530,372
LPC_flow_mod,LPC,LP,Wf+P15+Ps30,0.21728769870503784,-0.04081512214073313,0.02576196448126733,264,530,372
LPC_flow_mod,LPC,LP,Wf+P15+P40,0.13780707185017202,0.17805367052054044,0.17809790520937674,264,530,372
LPC_flow_mod,LPC,LP,Wf+P15+P50,0.42963156475722863,-0.25904062335412825,-0.4083184821543535,264,530,372
LPC_flow_mod,LPC,LP,Wf+P21+P24,0.3439579104697632,-0.05065964288389235,0.026936334684807828,264,530,372
LPC_flow_mod,LPC,LP,Wf+P21+Ps30,0.21728769870504577,-0.040884608662528965,0.025761964478693944,264,530,372
LPC_flow_mod,LPC,LP,Wf+P21+P40,0.13780707185022292,0.17794174281736164,0.17809790520765412,264,530,372
LPC_flow_mod,LPC,LP,Wf+P21+P50,0.4296315647582774,-0.258993201803287,-0.40831848215406663,264,530,372
LPC_flow_mod,LPC,LP,Wf+P24+Ps30,-0.07028996339583574,-0.23698014105306808,-0.3560354562729877,264,530,372
LPC_flow_mod,LPC,LP,Wf+P24+P40,0.3059770436506223,-0.2990115853982718,-0.3933281297326041,264,530,372
LPC_flow_mod,LPC,LP,Wf+P24+P50,0.4339835888539036,-0.3420695332141883,-0.4374844922805492,264,530,372
LPC_flow_mod,LPC,LP,Wf+Ps30+P40,0.10858998259982466,-0.06421403782107626,-0.1335377989890867,264,530,372
LPC_flow_mod,LPC,LP,Wf+Ps30+P50,-0.016205082493971096,-0.0785876499247915,-0.06685396696012358,264,530,372
LPC_flow_mod,LPC,LP,Wf+P40+P50,0.03609720879570323,-0.07621010576074583,-0.1255331375249904,264,530,372
LPC_flow_mod,LPC,LP,Nf+Nc+T24,0.5532042166944131,-0.15100438341038513,-0.3245199835891517,264,530,372
LPC_flow_mod,LPC,LP,Nf+Nc+T30,-0.1924264486102965,0.039361625242580245,-0.1880801061479871,264,530,372
LPC_flow_mod,LPC,LP,Nf+Nc+T48,-0.009993961509536728,-0.611821507142952,-0.6007650419073307,264,530,372
LPC_flow_mod,LPC,LP,Nf+Nc+T50,0.2567261834470026,-0.5671542121920692,-0.8204798611114907,264,530,372
LPC_flow_mod,LPC,LP,Nf+Nc+P15,0.2791032936155704,-0.16309151051236914,-0.35613005603818393,264,530,372
LPC_flow_mod,LPC,LP,Nf+Nc+P21,0.23207210136157708,-0.32230194527719735,-0.6103331199062896,264,530,372
LPC_flow_mod,LPC,LP,Nf+Nc+P24,0.04418826600637751,0.00844183146543509,-0.027616679234113706,264,530,372
LPC_flow_mod,LPC,LP,Nf+Nc+Ps30,0.36910644054247016,-0.5744807133703755,-0.920166780733471,264,530,372
LPC_flow_mod,LPC,LP,Nf+Nc+P40,0.6479051253936097,-0.1564518303501281,-0.2807579011123911,264,530,372
LPC_flow_mod,LPC,LP,Nf+Nc+P50,0.3779854549678877,-0.613110347714551,-0.889002359786681,264,530,372
LPC_flow_mod,LPC,LP,Nf+T24+T30,0.474916221095397,0.047242694673414354,-0.10601589075756745,264,530,372
LPC_flow_mod,LPC,LP,Nf+T24+T48,0.3942728316974996,0.5550382956690789,0.5964315128563532,264,530,372
LPC_flow_mod,LPC,LP,Nf+T24+T50,0.34415245417030715,0.34787307743223794,0.3199612582191701,264,530,372
LPC_flow_mod,LPC,LP,Nf+T24+P15,-0.08368334650955533,-0.38030071603174687,-0.6100850732244982,264,530,372
LPC_flow_mod,LPC,LP,Nf+T24+P21,-0.0349359163624874,-0.4067972587425923,-0.6225131201600356,264,530,372
LPC_flow_mod,LPC,LP,Nf+T24+P24,0.4386134800270316,-0.03213774025029981,-0.13925877501548833,264,530,372
LPC_flow_mod,LPC,LP,Nf+T24+Ps30,0.004022523899785513,-0.08933073959047211,-0.2868822274909235,264,530,372
LPC_flow_mod,LPC,LP,Nf+T24+P40,0.18757023871664347,0.15402079288822457,0.022452681239047645,264,530,372
LPC_flow_mod,LPC,LP,Nf+T24+P50,0.33462895596339715,-0.29140406879256364,-0.547972979068996,264,530,372
LPC_flow_mod,LPC,LP,Nf+T30+T48,0.48133175564673136,0.1205113634276258,-0.00675978744366823,264,530,372
LPC_flow_mod,LPC,LP,Nf+T30+T50,0.5898037547120982,0.0010055753946266455,-0.14669181929227526,264,530,372
LPC_flow_mod,LPC,LP,Nf+T30+P15,0.5784000338628723,-0.03005408747143412,-0.19381262309392078,264,530,372
LPC_flow_mod,LPC,LP,Nf+T30+P21,0.5784000338622419,-0.03005249621147299,-0.19381262309305614,264,530,372
LPC_flow_mod,LPC,LP,Nf+T30+P24,0.178552003570448,-0.16719373254099668,-0.30873013833534557,264,530,372
LPC_flow_mod,LPC,LP,Nf+T30+Ps30,0.6815230259584689,0.2750683305322189,0.10746784323678904,264,530,372
LPC_flow_mod,LPC,LP,Nf+T30+P40,0.5297339926093725,0.25719403120737494,0.10894490643760046,264,530,372
LPC_flow_mod,LPC,LP,Nf+T30+P50,0.46845138288081845,-0.34593606967056645,-0.637167260933553,264,530,372
LPC_flow_mod,LPC,LP,Nf+T48+T50,0.4815301388840829,-0.16963110072026755,-0.3384699205042516,264,530,372
LPC_flow_mod,LPC,LP,Nf+T48+P15,0.2914073319383197,-0.5014976796117225,-0.704169163308525,264,530,372
LPC_flow_mod,LPC,LP,Nf+T48+P21,0.29140733193852353,-0.5014143940754208,-0.7041691633042144,264,530,372
LPC_flow_mod,LPC,LP,Nf+T48+P24,0.3582869572191361,-0.259859879283755,-0.44132877761989087,264,530,372
LPC_flow_mod,LPC,LP,Nf+T48+Ps30,0.3364816940296129,-0.12971661759390973,-0.2345013062546326,264,530,372
LPC_flow_mod,LPC,LP,Nf+T48+P40,0.1905619655364676,0.048725867791666766,-0.009629786544278929,264,530,372
LPC_flow_mod,LPC,LP,Nf+T48+P50,0.27908818922272416,-0.46245869216260527,-0.7477458384228641,264,530,372
LPC_flow_mod,LPC,LP,Nf+T50+P15,0.5124251756990048,-0.1579599105205307,-0.25944973325676024,264,530,372
LPC_flow_mod,LPC,LP,Nf+T50+P21,0.5124251756976382,-0.1579055624136123,-0.25944973325174914,264,530,372
LPC_flow_mod,LPC,LP,Nf+T50+P24,0.24498722443601995,-0.12661620926614892,-0.15689179418702226,264,530,372
LPC_flow_mod,LPC,LP,Nf+T50+Ps30,0.35926948945902665,0.13280482842124286,0.058593320638220425,264,530,372
LPC_flow_mod,LPC,LP,Nf+T50+P40,0.3906493096985753,-0.34829207166162535,-0.4355048537732378,264,530,372
LPC_flow_mod,LPC,LP,Nf+T50+P50,0.4154866618658101,-0.47641744111971307,-0.6744005887913147,264,530,372
LPC_flow_mod,LPC,LP,Nf+P15+P21,0.25069930998217793,-0.056033123274386254,-0.21712775373907323,264,530,372
LPC_flow_mod,LPC,LP,Nf+P15+P24,0.033240983222401696,0.17168363780691231,0.05103243322021134,264,530,372
LPC_flow_mod,LPC,LP,Nf+P15+Ps30,0.2062681141931898,-0.24904388312886772,-0.39989378365666184,264,530,372
LPC_flow_mod,LPC,LP,Nf+P15+P40,0.24465830744555633,0.2834801242992582,0.3540223530904911,264,530,372
LPC_flow_mod,LPC,LP,Nf+P15+P50,0.3442169095056179,0.2967084984790487,0.3204053108412761,264,530,372
LPC_flow_mod,LPC,LP,Nf+P21+P24,0.09738922751250645,0.38956244966888065,0.3325739020910675,264,530,372
LPC_flow_mod,LPC,LP,Nf+P21+Ps30,0.20626811419322116,-0.24897865039671818,-0.39989378365508377,264,530,372
LPC_flow_mod,LPC,LP,Nf+P21+P40,0.2446583074470155,0.28359211948314356,0.35402235308943497,264,530,372
LPC_flow_mod,LPC,LP,Nf+P21+P50,0.3442169095067692,0.2961484324519622,0.32040531084249535,264,530,372
LPC_flow_mod,LPC,LP,Nf+P24+Ps30,0.07396782471988993,0.163215079796159,0.12431117058142149,264,530,372
LPC_flow_mod,LPC,LP,Nf+P24+P40,0.36974197875748455,-0.013773682289063505,-0.19927659291940403,264,530,372
LPC_flow_mod,LPC,LP,Nf+P24+P50,0.17821518573299172,0.09075862133192636,0.08047158331248316,264,530,372
LPC_flow_mod,LPC,LP,Nf+Ps30+P40,0.09592441442754363,0.03131107994889104,-0.13700194637207264,264,530,372
LPC_flow_mod,LPC,LP,Nf+Ps30+P50,-0.14825936778073603,-0.04235561835276758,-0.11491031240720218,264,530,372
LPC_flow_mod,LPC,LP,Nf+P40+P50,-0.05603721007643741,0.0316286140824219,0.05556026368253786,264,530,372
LPC_flow_mod,LPC,LP,Nc+T24+T30,0.8200113565542316,0.34262018423021234,0.28548297201300665,264,530,372
LPC_flow_mod,LPC,LP,Nc+T24+T48,0.12902363673252198,-0.0016933600432864626,-0.1366595104694499,264,530,372
LPC_flow_mod,LPC,LP,Nc+T24+T50,-0.02528583142032101,-0.30892234416496644,-0.49616362247007717,264,530,372
LPC_flow_mod,LPC,LP,Nc+T24+P15,-0.00013887155902851667,0.06500338135704087,-0.09858643619185248,264,530,372
LPC_flow_mod,LPC,LP,Nc+T24+P21,-0.00013887155869302115,0.06517392662610921,-0.09858643619005503,264,530,372
LPC_flow_mod,LPC,LP,Nc+T24+P24,0.2880224621894649,-0.8298671459436611,-1.1262493030699545,264,530,372
LPC_flow_mod,LPC,LP,Nc+T24+Ps30,0.3554455555333041,-0.005066894410327372,0.012780127936749208,264,530,372
LPC_flow_mod,LPC,LP,Nc+T24+P40,0.3215513007221221,-0.03097779359174324,-0.05661487967019996,264,530,372
LPC_flow_mod,LPC,LP,Nc+T24+P50,0.47943743993330423,-0.39262508540617036,-0.6717284605373037,264,530,372
LPC_flow_mod,LPC,LP,Nc+T30+T48,0.45573881677431266,0.20338298381902975,0.17622043639634466,264,530,372
LPC_flow_mod,LPC,LP,Nc+T30+T50,0.47088476382365135,-0.17135572226236073,-0.2289974015048577,264,530,372
LPC_flow_mod,LPC,LP,Nc+T30+P15,0.26350277420452595,-0.07846320959629383,-0.2942260699240766,264,530,372
LPC_flow_mod,LPC,LP,Nc+T30+P21,0.26350277420491364,-0.07845924236937418,-0.2942260699212782,264,530,372
LPC_flow_mod,LPC,LP,Nc+T30+P24,0.2632179028674805,-0.17048035740319523,-0.3641526752381683,264,530,372
LPC_flow_mod,LPC,LP,Nc+T30+Ps30,0.27648942179582825,0.23700817130067775,0.18574418476499244,264,530,372
LPC_flow_mod,LPC,LP,Nc+T30+P40,0.5771531832153811,0.32317758596233437,0.3588299886082593,264,530,372
LPC_flow_mod,LPC,LP,Nc+T30+P50,0.18997851846963204,-0.02232003616075051,-0.28685566597453027,264,530,372
LPC_flow_mod,LPC,LP,Nc+T48+T50,0.04508308158624841,-0.9390270559798484,-1.0962773792565454,264,530,372
LPC_flow_mod,LPC,LP,Nc+T48+P15,-0.0433740672106373,-0.5900667152721273,-0.7399561669696499,264,530,372
LPC_flow_mod,LPC,LP,Nc+T48+P21,0.29529167677223445,-0.5627498944171117,-0.5646236630849875,264,530,372
LPC_flow_mod,LPC,LP,Nc+T48+P24,0.1641482846891839,-0.2949868881897837,-0.35082652897879796,264,530,372
LPC_flow_mod,LPC,LP,Nc+T48+Ps30,0.3796542927634755,-0.4673272522122125,-0.6595658189182305,264,530,372
LPC_flow_mod,LPC,LP,Nc+T48+P40,-0.3383557248603185,0.007251483153987381,-0.01530757110399894,264,530,372
LPC_flow_mod,LPC,LP,Nc+T48+P50,0.06016850900541337,-0.7540862103086532,-1.0661332698553472,264,530,372
LPC_flow_mod,LPC,LP,Nc+T50+P15,0.08145446564138023,-0.6306641182311181,-0.5209523087622154,264,530,372
LPC_flow_mod,LPC,LP,Nc+T50+P21,0.08145446564143752,-0.6306404186584382,-0.5209523087611116,264,530,372
LPC_flow_mod,LPC,LP,Nc+T50+P24,0.47696224290460987,-0.42491947079120607,-0.4791999740060624,264,530,372
LPC_flow_mod,LPC,LP,Nc+T50+Ps30,0.2505651218321888,-0.4174800120419111,-0.44524195794628985,264,530,372
LPC_flow_mod,LPC,LP,Nc+T50+P40,-0.1213370558687468,-0.20220043439393964,-0.17166574885334063,264,530,372
LPC_flow_mod,LPC,LP,Nc+T50+P50,0.37355178777970677,-0.20458843850423447,-0.24763298446054272,264,530,372
LPC_flow_mod,LPC,LP,Nc+P15+P21,0.11277691456270753,-0.2807531943917885,-0.4646719348025814,264,530,372
LPC_flow_mod,LPC,LP,Nc+P15+P24,0.40717779972587,-0.21947459883006082,-0.49139609418301,264,530,372
LPC_flow_mod,LPC,LP,Nc+P15+Ps30,0.05371085591987815,0.11838682193989891,0.09655429113730829,264,530,372
LPC_flow_mod,LPC,LP,Nc+P15+P40,0.3337183969614934,-0.017216131408472002,-0.11607571317380216,264,530,372
LPC_flow_mod,LPC,LP,Nc+P15+P50,0.24513080639993076,-0.40732896369757876,-0.6315059970536283,264,530,372
LPC_flow_mod,LPC,LP,Nc+P21+P24,0.40717779972612944,-0.21944816970784053,-0.49139609419195507,264,530,372
LPC_flow_mod,LPC,LP,Nc+P21+Ps30,0.05371085592022806,0.11826183411717894,0.09655429113846004,264,530,372
LPC_flow_mod,LPC,LP,Nc+P21+P40,0.33371839696168504,-0.01730786592718725,-0.11607571317311338,264,530,372
LPC_flow_mod,LPC,LP,Nc+P21+P50,0.3134159574933777,-0.8400448886555809,-1.130543337793552,264,530,372
LPC_flow_mod,LPC,LP,Nc+P24+Ps30,0.42029963657456654,0.018366067389415486,-0.012851655851958244,264,530,372
LPC_flow_mod,LPC,LP,Nc+P24+P40,0.3562799459383421,0.016195260469631045,0.033784770306623524,264,530,372
LPC_flow_mod,LPC,LP,Nc+P24+P50,0.17251500865326702,-0.566252574112297,-0.783669300098039,264,530,372
LPC_flow_mod,LPC,LP,Nc+Ps30+P40,-0.14061391201045237,-0.6333789647047146,-0.795280879979295,264,530,372
LPC_flow_mod,LPC,LP,Nc+Ps30+P50,0.0766397536915703,-0.21654502817304144,-0.4474820155355137,264,530,372
LPC_flow_mod,LPC,LP,Nc+P40+P50,0.19817513996014502,-0.26284415915710846,-0.4312790560452897,264,530,372
LPC_flow_mod,LPC,LP,T24+T30+T48,0.218868817724685,0.34226096788656946,0.44807603500904203,264,530,372
LPC_flow_mod,LPC,LP,T24+T30+T50,0.4741014872416765,0.336487680761002,0.30946132143005345,264,530,372
LPC_flow_mod,LPC,LP,T24+T30+P15,0.36732003426631993,0.16293030937529884,0.13289589732902973,264,530,372
LPC_flow_mod,LPC,LP,T24+T30+P21,0.36732003426614973,0.16299329597262724,0.1328958973316805,264,530,372
LPC_flow_mod,LPC,LP,T24+T30+P24,0.4192563746744815,0.24834341774622548,0.1931032166275286,264,530,372
LPC_flow_mod,LPC,LP,T24+T30+Ps30,0.501984736352034,0.04221398855929592,0.08401576093060281,264,530,372
LPC_flow_mod,LPC,LP,T24+T30+P40,0.6457286982468556,0.33051894938150983,0.33002853262408927,264,530,372
LPC_flow_mod,LPC,LP,T24+T30+P50,0.3731238121981986,0.011209710110818394,-0.10791423409069711,264,530,372
LPC_flow_mod,LPC,LP,T24+T48+T50,0.20619084946950555,0.3368612346527927,0.34837959609390856,264,530,372
LPC_flow_mod,LPC,LP,T24+T48+P15,0.4624491399721008,0.08684933031856812,0.03300384102160092,264,530,372
LPC_flow_mod,LPC,LP,T24+T48+P21,0.4624491399718057,0.08679694392709614,0.03300384102335707,264,530,372
LPC_flow_mod,LPC,LP,T24+T48+P24,0.013203264282951932,0.05989840791832268,0.039205665517934474,264,530,372
LPC_flow_mod,LPC,LP,T24+T48+Ps30,0.5304599113028506,0.4241435290924416,0.44413536165161593,264,530,372
LPC_flow_mod,LPC,LP,T24+T48+P40,0.5290974647618295,0.4522926727862989,0.5595183189414497,264,530,372
LPC_flow_mod,LPC,LP,T24+T48+P50,0.4573118012202501,0.1843739278204416,0.13166543254914498,264,530,372
LPC_flow_mod,LPC,LP,T24+T50+P15,0.3808406930881162,0.09939996587142708,0.05370707850313816,264,530,372
LPC_flow_mod,LPC,LP,T24+T50+P21,0.3808406930876801,0.0994892126573439,0.053707078505443984,264,530,372
LPC_flow_mod,LPC,LP,T24+T50+P24,0.21377739463398798,0.1612649044865001,0.08569173566564958,264,530,372
LPC_flow_mod,LPC,LP,T24+T50+Ps30,0.46101224151234094,0.14325038363257947,0.13275810265862775,264,530,372
LPC_flow_mod,LPC,LP,T24+T50+P40,0.2599435771225286,0.24609546992585196,0.28251424126304325,264,530,372
LPC_flow_mod,LPC,LP,T24+T50+P50,0.4300035331823977,-0.07844858388924925,-0.22558667286749046,264,530,372
LPC_flow_mod,LPC,LP,T24+P15+P21,0.27854720471879596,0.06629962207855733,0.1183327413123787,264,530,372
LPC_flow_mod,LPC,LP,T24+P15+P24,0.3616106379403491,0.0963285630524785,-0.0010648337664058705,264,530,372
LPC_flow_mod,LPC,LP,T24+P15+Ps30,0.006087478689313336,-0.21636753119262053,-0.2465939145392444,264,530,372
LPC_flow_mod,LPC,LP,T24+P15+P40,0.30381884289451094,-0.30980418663096154,-0.5306490462729054,264,530,372
LPC_flow_mod,LPC,LP,T24+P15+P50,-0.31492216810044216,0.449446666137685,0.4702076927090558,264,530,372
LPC_flow_mod,LPC,LP,T24+P21+P24,0.36161063793962206,0.09632787320719605,-0.0010648337703278443,264,530,372
LPC_flow_mod,LPC,LP,T24+P21+Ps30,0.006087478687953035,-0.21645318307873396,-0.24659391453907298,264,530,372
LPC_flow_mod,LPC,LP,T24+P21+P40,0.30381884289411726,-0.30981801760848016,-0.5306490462742288,264,530,372
LPC_flow_mod,LPC,LP,T24+P21+P50,-0.3149221681018438,0.44941550438438294,0.47020769270858886,264,530,372
LPC_flow_mod,LPC,LP,T24+P24+Ps30,-0.007373065830904163,0.025311061306362403,-0.043855638625820204,264,530,372
LPC_flow_mod,LPC,LP,T24+P24+P40,-0.08515847364321638,-0.0478391107214744,-0.15666820683131122,264,530,372
LPC_flow_mod,LPC,LP,T24+P24+P50,0.36283195321808964,-0.1580742411560525,-0.2963572433226884,264,530,372
LPC_flow_mod,LPC,LP,T24+Ps30+P40,0.49806302094130395,0.4256329862014523,0.4795350028171035,264,530,372
LPC_flow_mod,LPC,LP,T24+Ps30+P50,0.2066347618592131,-0.07584294639703826,-0.17151911932545616,264,530,372
LPC_flow_mod,LPC,LP,T24+P40+P50,0.3501848016355734,0.12826459038065152,0.12756120047710606,264,530,372
LPC_flow_mod,LPC,LP,T30+T48+T50,0.5456579376163119,0.21322047141932332,0.11684350141636901,264,530,372
LPC_flow_mod,LPC,LP,T30+T48+P15,0.3435541068654888,-0.1944277791628064,-0.2840385769315563,264,530,372
LPC_flow_mod,LPC,LP,T30+T48+P21,0.3435541068659342,-0.19431999052965354,-0.2840385769283149,264,530,372
LPC_flow_mod,LPC,LP,T30+T48+P24,0.0665387277514287,0.08287211952320095,0.09092858956254612,264,530,372
LPC_flow_mod,LPC,LP,T30+T48+Ps30,-0.08648950266362296,-0.11365404490778452,-0.08079310910205773,264,530,372
LPC_flow_mod,LPC,LP,T30+T48+P40,0.09474047968225222,-0.37809259067770706,-0.416638053200032,264,530,372
LPC_flow_mod,LPC,LP,T30+T48+P50,0.25266522946026837,-0.3098361819059463,-0.48313481919626833,264,530,372
LPC_flow_mod,LPC,LP,T30+T50+P15,0.6222683843383147,-0.06767462575624816,-0.11713011851495114,264,530,372
LPC_flow_mod,LPC,LP,T30+T50+P21,0.6222683843385701,-0.06767855558371494,-0.117130118511654,264,530,372
LPC_flow_mod,LPC,LP,T30+T50+P24,0.07496762654352411,-0.16164771045912563,-0.16220701454206754,264,530,372
LPC_flow_mod,LPC,LP,T30+T50+Ps30,0.3876500788003927,0.07370128310358581,0.040118032817773486,264,530,372
LPC_flow_mod,LPC,LP,T30+T50+P40,0.29596501767237476,-0.1524510946083717,-0.2563191406892975,264,530,372
LPC_flow_mod,LPC,LP,T30+T50+P50,0.43356622122657984,0.3960801403285966,0.34544647084108526,264,530,372
LPC_flow_mod,LPC,LP,T30+P15+P21,0.5090648872326609,-0.06545586236628886,-0.2656605240080834,264,530,372
LPC_flow_mod,LPC,LP,T30+P15+P24,0.48289050469979045,-0.07273965717352326,-0.26054479737766223,264,530,372
LPC_flow_mod,LPC,LP,T30+P15+Ps30,0.39246806610601326,0.17401855308743874,0.1581746181316548,264,530,372
LPC_flow_mod,LPC,LP,T30+P15+P40,0.10824106819913937,-0.022278211233535572,-0.130238583815808,264,530,372
LPC_flow_mod,LPC,LP,T30+P15+P50,0.5650797504152747,0.032179197301731466,-0.05582226830090509,264,530,372
LPC_flow_mod,LPC,LP,T30+P21+P24,0.48289050469961764,-0.07271487719467018,-0.26054479737978187,264,530,372
LPC_flow_mod,LPC,LP,T30+P21+Ps30,0.39246806610592955,0.17405799593646887,0.15817461813144762,264,530,372
LPC_flow_mod,LPC,LP,T30+P21+P40,0.10824106819910223,-0.022385786313795064,-0.13023858381448083,264,530,372
LPC_flow_mod,LPC,LP,T30+P21+P50,0.5650797504153198,0.03228680525555172,-0.05582226829818193,264,530,372
LPC_flow_mod,LPC,LP,T30+P24+Ps30,-0.3197769299296846,0.06725617900877323,0.06459869266477802,264,530,372
LPC_flow_mod,LPC,LP,T30+P24+P40,0.2785067662294882,0.11530596426256612,0.1023295203429162,264,530,372
LPC_flow_mod,LPC,LP,T30+P24+P50,0.5395369115197378,0.43368187998413776,0.4601249412943941,264,530,372
LPC_flow_mod,LPC,LP,T30+Ps30+P40,0.20741821972648627,0.17401102726547935,0.06530147576485434,264,530,372
LPC_flow_mod,LPC,LP,T30+Ps30+P50,0.3412508427477955,0.2780561452224033,0.2222573483961926,264,530,372
LPC_flow_mod,LPC,LP,T30+P40+P50,-0.1093305815411451,0.20924913613631746,0.10972830836662739,264,530,372
LPC_flow_mod,LPC,LP,T48+T50+P15,0.42136028095290967,-0.4145791992573218,-0.5341893498420132,264,530,372
LPC_flow_mod,LPC,LP,T48+T50+P21,0.421360280953202,-0.41431598682325044,-0.534189349839832,264,530,372
LPC_flow_mod,LPC,LP,T48+T50+P24,0.5741325629011365,-0.28373543511501764,-0.24178489574976236,264,530,372
LPC_flow_mod,LPC,LP,T48+T50+Ps30,0.3018877713603394,0.014573252535493464,-0.046863757073613455,264,530,372
LPC_flow_mod,LPC,LP,T48+T50+P40,0.22347178622811492,-0.0044488010264795985,0.04735322073261872,264,530,372
LPC_flow_mod,LPC,LP,T48+T50+P50,0.4248277220332787,-0.20960843668412465,-0.4151784092049646,264,530,372
LPC_flow_mod,LPC,LP,T48+P15+P21,0.248743473818879,-0.08035230159056583,-0.04766175236237036,264,530,372
LPC_flow_mod,LPC,LP,T48+P15+P24,0.29697932873978644,-0.21265391888870444,-0.30446347282963404,264,530,372
LPC_flow_mod,LPC,LP,T48+P15+Ps30,0.4025730409622587,-0.09563223236391405,-0.11048653402371023,264,530,372
LPC_flow_mod,LPC,LP,T48+P15+P40,0.2654954493141473,-0.21128369033181427,-0.18286297816412245,264,530,372
LPC_flow_mod,LPC,LP,T48+P15+P50,0.3700602676968209,-0.3302028105567545,-0.428224120451262,264,530,372
LPC_flow_mod,LPC,LP,T48+P21+P24,0.29697932873923405,-0.21296592062021813,-0.30446347283062836,264,530,372
LPC_flow_mod,LPC,LP,T48+P21+Ps30,0.4025730409628227,-0.0956906502370456,-0.11048653402370179,264,530,372
LPC_flow_mod,LPC,LP,T48+P21+P40,0.2654954493141919,-0.21141239306221027,-0.18286297816260144,264,530,372
LPC_flow_mod,LPC,LP,T48+P21+P50,0.3700602676979314,-0.3305807718046341,-0.4282241204468602,264,530,372
LPC_flow_mod,LPC,LP,T48+P24+Ps30,0.4358199456246033,0.20843509403812432,0.20503101664123102,264,530,372
LPC_flow_mod,LPC,LP,T48+P24+P40,0.27573638076837115,0.2139421312340284,0.16172402701651856,264,530,372
LPC_flow_mod,LPC,LP,T48+P24+P50,0.36441496976825793,0.2323931893569583,0.30091767078848886,264,530,372
LPC_flow_mod,LPC,LP,T48+Ps30+P40,0.22782159360473403,0.15975241371417392,0.23513979941608032,264,530,372
LPC_flow_mod,LPC,LP,T48+Ps30+P50,0.32307817462549204,-0.17939448247949485,-0.2468789800894311,264,530,372
LPC_flow_mod,LPC,LP,T48+P40+P50,-0.0477787268017826,-0.01033053902997283,-0.08027951298793079,264,530,372
LPC_flow_mod,LPC,LP,T50+P15+P21,0.6569588589291139,0.12991429314212255,0.16885272913162275,264,530,372
LPC_flow_mod,LPC,LP,T50+P15+P24,0.1991834074408398,0.00419860155567453,0.00564255930718649,264,530,372
LPC_flow_mod,LPC,LP,T50+P15+Ps30,-0.18513921857936436,0.12474035861126676,0.23134495868762495,264,530,372
LPC_flow_mod,LPC,LP,T50+P15+P40,0.14681336868310374,-0.24073066676520516,-0.18513625019878188,264,530,372
LPC_flow_mod,LPC,LP,T50+P15+P50,0.401649421525615,-0.10976040501640849,-0.08374669163068771,264,530,372
LPC_flow_mod,LPC,LP,T50+P21+P24,0.1991834074393969,0.0040701009616413986,0.005642559307681427,264,530,372
LPC_flow_mod,LPC,LP,T50+P21+Ps30,-0.18513921857902382,0.1245502417408334,0.23134495868928773,264,530,372
LPC_flow_mod,LPC,LP,T50+P21+P40,0.14681336868363604,-0.24103252681084775,-0.18513625019781887,264,530,372
LPC_flow_mod,LPC,LP,T50+P21+P50,0.4016494215260587,-0.10985478461264608,-0.08374669162639203,264,530,372
LPC_flow_mod,LPC,LP,T50+P24+Ps30,-0.12234774748646074,0.1731393711574607,0.20237157062556432,264,530,372
LPC_flow_mod,LPC,LP,T50+P24+P40,0.12545737710963137,0.047006225369044974,0.07286819233327801,264,530,372
LPC_flow_mod,LPC,LP,T50+P24+P50,0.05839032879939038,0.1798804698872153,0.1147422835947689,264,530,372
LPC_flow_mod,LPC,LP,T50+Ps30+P40,-0.05776508951733762,-0.14405224697516772,-0.14637179937397415,264,530,372
LPC_flow_mod,LPC,LP,T50+Ps30+P50,0.16511570580297408,-0.07572677368377168,-0.06655988034611116,264,530,372
LPC_flow_mod,LPC,LP,T50+P40+P50,0.08197621018217767,0.20297190340598315,0.21026614979773417,264,530,372
LPC_flow_mod,LPC,LP,P15+P21+P24,0.08654424277942038,-0.05280189860045126,-0.12174530382043036,264,530,372
LPC_flow_mod,LPC,LP,P15+P21+Ps30,0.19850569305316396,-0.038346483503415296,-0.10203861109505707,264,530,372
LPC_flow_mod,LPC,LP,P15+P21+P40,0.03243136228026386,-0.14683498933528072,-0.26124063694017985,264,530,372
LPC_flow_mod,LPC,LP,P15+P21+P50,0.03740691971478963,-0.26298770580170405,-0.2806670524036232,264,530,372
LPC_flow_mod,LPC,LP,P15+P24+Ps30,-0.14950929284358194,-0.04821181173297928,-0.14400813839051607,264,530,372
LPC_flow_mod,LPC,LP,P15+P24+P40,-0.0530899448780683,-0.07277358379578525,-0.2544200640582386,264,530,372
LPC_flow_mod,LPC,LP,P15+P24+P50,0.010654565621586735,0.13607987276741274,0.2149383794917018,264,530,372
LPC_flow_mod,LPC,LP,P15+Ps30+P40,0.20970320490273675,0.14477137305588272,0.05647471938679649,264,530,372
LPC_flow_mod,LPC,LP,P15+Ps30+P50,0.29391287541827466,0.18592503481058886,0.16322753180404992,264,530,372
LPC_flow_mod,LPC,LP,P15+P40+P50,0.06543077037786642,0.26563454687372434,0.3296858763698327,264,530,372
LPC_flow_mod,LPC,LP,P21+P24+Ps30,-0.14950929284645004,-0.04846479912953372,-0.144008138392679,264,530,372
LPC_flow_mod,LPC,LP,P21+P24+P40,-0.05308994488098848,-0.07300847477198591,-0.2544200640604535,264,530,372
LPC_flow_mod,LPC,LP,P21+P24+P50,0.010654565619873938,0.13617000600300944,0.21493837949029182,264,530,372
LPC_flow_mod,LPC,LP,P21+Ps30+P40,0.2097032049034973,0.14477141517381575,0.0564747193890206,264,530,372
LPC_flow_mod,LPC,LP,P21+Ps30+P50,0.29391287541937144,0.18598421177634983,0.16322753180511618,264,530,372
LPC_flow_mod,LPC,LP,P21+P40+P50,0.06543077037969341,0.26564154462284884,0.32968587636885527,264,530,372
LPC_flow_mod,LPC,LP,P24+Ps30+P40,0.20855330461222843,0.061684593618634764,0.03939983373167899,264,530,372
LPC_flow_mod,LPC,LP,P24+Ps30+P50,0.25958985063671697,0.3869046841452797,0.306353772001032,264,530,372
LPC_flow_mod,LPC,LP,P24+P40+P50,0.08242004774601144,0.31870781046964003,0.27687374168046763,264,530,372
LPC_flow_mod,LPC,LP,Ps30+P40+P50,0.025766688213749292,0.07167267657060805,0.07956146534070452,264,530,372
HPC_eff_mod,HPC,HP,Wf+Nf+Nc,0.3162027751565454,0.24951981413365798,0.18474722740376526,350,445,355
HPC_eff_mod,HPC,HP,Wf+Nf+T24,0.6503064848779887,-0.14082845581767178,-0.20425249271959323,350,445,355
HPC_eff_mod,HPC,HP,Wf+Nf+T30,0.6664527879268249,0.6129246827275601,0.5733585069141659,350,445,355
HPC_eff_mod,HPC,HP,Wf+Nf+T48,0.7173590623106015,0.04161078270802587,0.024557404014139084,350,445,355
HPC_eff_mod,HPC,HP,Wf+Nf+T50,0.794928418304605,0.15090657952279818,0.11372161066369646,350,445,355
HPC_eff_mod,HPC,HP,Wf+Nf+P15,0.2056481463534995,-0.9139931279881217,-1.1598017686560413,350,445,355
HPC_eff_mod,HPC,HP,Wf+Nf+P21,0.20564814635278417,-0.9140359408462562,-1.1598554354781498,350,445,355
HPC_eff_mod,HPC,HP,Wf+Nf+P24,0.36048248414530065,-0.09971179765790583,-0.20986909737863435,350,445,355
HPC_eff_mod,HPC,HP,Wf+Nf+Ps30,0.5907641448444436,-0.10812284302908592,-0.14729392258876506,350,445,355
HPC_eff_mod,HPC,HP,Wf+Nf+P40,0.41627029993221426,-0.20705922266052013,-0.3311375536433787,350,445,355
HPC_eff_mod,HPC,HP,Wf+Nf+P50,0.48171739571820726,-0.12663220505883488,-0.2146727332775613,350,445,355
HPC_eff_mod,HPC,HP,Wf+Nc+T24,0.746783614176503,0.23976249880739464,0.2161337997984929,350,445,355
HPC_eff_mod,HPC,HP,Wf+Nc+T30,0.8211616890768655,0.6169869393755021,0.5861035029346781,350,445,355
HPC_eff_mod,HPC,HP,Wf+Nc+T48,0.6292041425102688,0.3779063019764064,0.38500587638341033,350,445,355
HPC_eff_mod,HPC,HP,Wf+Nc+T50,0.6448729521770045,0.44365044862502767,0.4271343026670654,350,445,355
HPC_eff_mod,HPC,HP,Wf+Nc+P15,0.52216945723387,0.0714395466302461,-0.09618721022544396,350,445,355
HPC_eff_mod,HPC,HP,Wf+Nc+P21,0.5221694572337341,0.07140642985132017,-0.09622872280742323,350,445,355
HPC_eff_mod,HPC,HP,Wf+Nc+P24,0.6809411331180067,0.2909144457149201,0.23722746343342072,350,445,355
HPC_eff_mod,HPC,HP,Wf+Nc+Ps30,0.6945099331312605,0.26400382446075465,0.24685209898313087,350,445,355
HPC_eff_mod,HPC,HP,Wf+Nc+P40,0.5971161494746188,0.41532989434000334,0.4028583602618975,350,445,355
HPC_eff_mod,HPC,HP,Wf+Nc+P50,0.46536426737876757,0.4781486047091926,0.39676016743843223,350,445,355
HPC_eff_mod,HPC,HP,Wf+T24+T30,0.7122546157560283,0.710935003045225,0.7126599164239795,350,445,355
HPC_eff_mod,HPC,HP,Wf+T24+T48,0.6533872574407312,0.22193061566353256,0.22782232417197013,350,445,355
HPC_eff_mod,HPC,HP,Wf+T24+T50,0.7336890052064696,0.10753084770617338,0.11043854117353002,350,445,355
HPC_eff_mod,HPC,HP,Wf+T24+P15,0.5396493424484722,-0.18145771012480538,-0.27409418089771886,350,445,355
HPC_eff_mod,HPC,HP,Wf+T24+P21,0.6356775193064256,-0.3616497929177285,-0.4833282858844521,350,445,355
HPC_eff_mod,HPC,HP,Wf+T24+P24,0.6767581193201322,0.09886395499456713,0.07018482897354239,350,445,355
HPC_eff_mod,HPC,HP,Wf+T24+Ps30,0.7801919128485315,0.00043177926734239147,-0.01174299219644892,350,445,355
HPC_eff_mod,HPC,HP,Wf+T24+P40,0.7240376634415793,-0.06940051056410446,-0.13210145160887032,350,445,355
HPC_eff_mod,HPC,HP,Wf+T24+P50,0.42844416353582176,-0.0780797762524954,-0.0924330301203713,350,445,355
HPC_eff_mod,HPC,HP,Wf+T30+T48,0.8785649408850617,0.6195455432812376,0.6072266627125982,350,445,355
HPC_eff_mod,HPC,HP,Wf+T30+T50,0.9027416400214451,0.6135558609816586,0.5876979749064588,350,445,355
HPC_eff_mod,HPC,HP,Wf+T30+P15,0.6778946171446788,0.6322839720480828,0.6295015290465666,350,445,355
HPC_eff_mod,HPC,HP,Wf+T30+P21,0.6778946171448406,0.6322944751712537,0.6295146949333883,350,445,355
HPC_eff_mod,HPC,HP,Wf+T30+P24,0.6466999404819418,0.5472853956195571,0.5106544150675335,350,445,355
HPC_eff_mod,HPC,HP,Wf+T30+Ps30,0.5863860092104216,0.6432039859180647,0.6123126893620585,350,445,355
HPC_eff_mod,HPC,HP,Wf+T30+P40,0.6305912041360701,0.5514747704768503,0.49980491670945437,350,445,355
HPC_eff_mod,HPC,HP,Wf+T30+P50,0.6327995570409761,0.49801921986250675,0.43682523066295975,350,445,355
HPC_eff_mod,HPC,HP,Wf+T48+T50,0.928343057357184,0.09131967124781615,0.08806940044703648,350,445,355
HPC_eff_mod,HPC,HP,Wf+T48+P15,0.8016583930849521,-0.15408781716857312,-0.25100914696767274,350,445,355
HPC_eff_mod,HPC,HP,Wf+T48+P21,0.8016583930853084,-0.15409177037052024,-0.2510141023896433,350,445,355
HPC_eff_mod,HPC,HP,Wf+T48+P24,0.7160565971761257,-0.048451195511195255,-0.10433660845262449,350,445,355
HPC_eff_mod,HPC,HP,Wf+T48+Ps30,0.6929303580269476,-0.15328153138360112,-0.13474376761318796,350,445,355
HPC_eff_mod,HPC,HP,Wf+T48+P40,0.7905247907844661,0.026265452710594328,0.051965837696956174,350,445,355
HPC_eff_mod,HPC,HP,Wf+T48+P50,0.7517518005490682,-0.2157464455733964,-0.2987542659791387,350,445,355
HPC_eff_mod,HPC,HP,Wf+T50+P15,0.7373853780959273,-0.025103105039349094,-0.09700486622611892,350,445,355
HPC_eff_mod,HPC,HP,Wf+T50+P21,0.7373853780961613,-0.025160823499848828,-0.09707721753580656,350,445,355
HPC_eff_mod,HPC,HP,Wf+T50+P24,0.8944312668057901,-0.04570621959350252,-0.10530068589929886,350,445,355
HPC_eff_mod,HPC,HP,Wf+T50+Ps30,0.6842533315918266,-0.11236684696662325,-0.05626819235771974,350,445,355
HPC_eff_mod,HPC,HP,Wf+T50+P40,0.8349888256038016,-0.12786685367645734,-0.16030541109168617,350,445,355
HPC_eff_mod,HPC,HP,Wf+T50+P50,0.7827851159461104,0.09016706265028807,0.06844609189676143,350,445,355
HPC_eff_mod,HPC,HP,Wf+P15+P21,0.5370077904628191,-0.1927616865297468,-0.2232175871781119,350,445,355
HPC_eff_mod,HPC,HP,Wf+P15+P24,0.6414845825543554,-0.17016388629775436,-0.2161473747207021,350,445,355
HPC_eff_mod,HPC,HP,Wf+P15+Ps30,0.5774059368440754,-0.17913334627091082,-0.2160221409237415,350,445,355
HPC_eff_mod,HPC,HP,Wf+P15+P40,0.5913552305019283,-0.26654806149354404,-0.3225380175702046,350,445,355
HPC_eff_mod,HPC,HP,Wf+P15+P50,0.5783093897772285,-0.4590759428522755,-0.6172211056321477,350,445,355
HPC_eff_mod,HPC,HP,Wf+P21+P24,0.6414845825544898,-0.17036892398832704,-0.21640439379702148,350,445,355
HPC_eff_mod,HPC,HP,Wf+P21+Ps30,0.5774059368445058,-0.17917769304754083,-0.2160777305449164,350,445,355
HPC_eff_mod,HPC,HP,Wf+P21+P40,0.5913552305023028,-0.2666767048582539,-0.3226992747456152,350,445,355
HPC_eff_mod,HPC,HP,Wf+P21+P50,0.5582203354176445,-0.17831865178698392,-0.2819149769694562,350,445,355
HPC_eff_mod,HPC,HP,Wf+P24+Ps30,0.6189620310533488,-0.32434115083054427,-0.43821372474858045,350,445,355
HPC_eff_mod,HPC,HP,Wf+P24+P40,0.6180615347864666,-0.37568278419482737,-0.49830157686972143,350,445,355
HPC_eff_mod,HPC,HP,Wf+P24+P50,0.3915395034543004,-0.26333363626837736,-0.32541351225007875,350,445,355
HPC_eff_mod,HPC,HP,Wf+Ps30+P40,0.7078090607951391,-0.1770412803942023,-0.1982238382726056,350,445,355
HPC_eff_mod,HPC,HP,Wf+Ps30+P50,0.3743565854971543,-0.07369137993431996,-0.07081796499902304,350,445,355
HPC_eff_mod,HPC,HP,Wf+P40+P50,0.3624234427832334,-0.04916485699416007,-0.005662006029415467,350,445,355
HPC_eff_mod,HPC,HP,Nf+Nc+T24,0.5944681021700295,0.4846625377542879,0.47346601549080947,350,445,355
HPC_eff_mod,HPC,HP,Nf+Nc+T30,0.5854304740737558,0.6226230079669948,0.5984690361750304,350,445,355
HPC_eff_mod,HPC,HP,Nf+Nc+T48,0.7435718382760268,0.3795923172344573,0.3099299259511682,350,445,355
HPC_eff_mod,HPC,HP,Nf+Nc+T50,0.6778205705500422,0.18071642503529017,0.11836237938195904,350,445,355
HPC_eff_mod,HPC,HP,Nf+Nc+P15,0.3263882383221532,0.3616897759193216,0.3450906771372426,350,445,355
HPC_eff_mod,HPC,HP,Nf+Nc+P21,0.26370610080907725,0.4783584688897262,0.480003224301204,350,445,355
HPC_eff_mod,HPC,HP,Nf+Nc+P24,0.31808172842828325,0.29757990952503777,0.24500709134168608,350,445,355
HPC_eff_mod,HPC,HP,Nf+Nc+Ps30,0.7120126923170508,0.42933440451230964,0.4013718264786461,350,445,355
HPC_eff_mod,HPC,HP,Nf+Nc+P40,0.6021099458281505,0.3771119175035723,0.34344233779415567,350,445,355
HPC_eff_mod,HPC,HP,Nf+Nc+P50,0.3732601454700394,0.2661950120191072,0.24779859926890513,350,445,355
HPC_eff_mod,HPC,HP,Nf+T24+T30,0.7894839419710166,0.6620952652211718,0.625163109047904,350,445,355
HPC_eff_mod,HPC,HP,Nf+T24+T48,0.7356281599748263,-0.01884951962177217,-0.019426082053088045,350,445,355
HPC_eff_mod,HPC,HP,Nf+T24+T50,0.8147321724786696,0.2490812465370863,0.25864868662064,350,445,355
HPC_eff_mod,HPC,HP,Nf+T24+P15,0.6035428801046155,0.11901908609789946,0.144453650452411,350,445,355
HPC_eff_mod,HPC,HP,Nf+T24+P21,0.6035428801052042,0.1190759364811762,0.1445249136085761,350,445,355
HPC_eff_mod,HPC,HP,Nf+T24+P24,0.5500602481173328,0.06438141710212641,0.035314077111540665,350,445,355
HPC_eff_mod,HPC,HP,Nf+T24+Ps30,0.39615439105002337,0.020806158432308486,0.011134827044311901,350,445,355
HPC_eff_mod,HPC,HP,Nf+T24+P40,0.3461919457115469,0.24240308284716572,0.25209887366829065,350,445,355
HPC_eff_mod,HPC,HP,Nf+T24+P50,0.5128989520317182,-0.04173901686157144,-0.05396086316596649,350,445,355
HPC_eff_mod,HPC,HP,Nf+T30+T48,0.7787979398546631,0.6557256365398416,0.62869421268575,350,445,355
HPC_eff_mod,HPC,HP,Nf+T30+T50,0.7504701036520234,0.6750666009604207,0.6499083002069588,350,445,355
HPC_eff_mod,HPC,HP,Nf+T30+P15,0.6819723741592485,0.5613083713507733,0.5333143206110584,350,445,355
HPC_eff_mod,HPC,HP,Nf+T30+P21,0.68197237415914,0.561361651788727,0.5333811087656863,350,445,355
HPC_eff_mod,HPC,HP,Nf+T30+P24,0.6232435638023833,0.6737403007702711,0.6546809577086896,350,445,355
HPC_eff_mod,HPC,HP,Nf+T30+Ps30,0.7871553850002845,0.5938096110255244,0.5514276040385339,350,445,355
HPC_eff_mod,HPC,HP,Nf+T30+P40,0.8421121420815822,0.6775632934503213,0.6577759423926149,350,445,355
HPC_eff_mod,HPC,HP,Nf+T30+P50,0.75988659337378,0.5962303145886532,0.5833230239217393,350,445,355
HPC_eff_mod,HPC,HP,Nf+T48+T50,0.8965803929520015,-0.027150113441649415,-0.014172404099112024,350,445,355
HPC_eff_mod,HPC,HP,Nf+T48+P15,0.6852233861586338,0.05852046499152597,0.019145615222246337,350,445,355
HPC_eff_mod,HPC,HP,Nf+T48+P21,0.6852233861578984,0.05852121711146452,0.019146558020482707,350,445,355
HPC_eff_mod,HPC,HP,Nf+T48+P24,0.6532816657894726,0.17167303304038617,0.16234040033108355,350,445,355
HPC_eff_mod,HPC,HP,Nf+T48+Ps30,0.8471887273209188,0.12796770464458262,0.14102953108309502,350,445,355
HPC_eff_mod,HPC,HP,Nf+T48+P40,0.7690005024696648,0.17467982845520813,0.15118163726765999,350,445,355
HPC_eff_mod,HPC,HP,Nf+T48+P50,0.7220601223149467,-0.03215905361325322,-0.030585479807113902,350,445,355
HPC_eff_mod,HPC,HP,Nf+T50+P15,0.643976821893368,-0.1401067486311054,-0.20845403076471292,350,445,355
HPC_eff_mod,HPC,HP,Nf+T50+P21,0.6439768218926195,-0.1399923772855456,-0.20831066386682529,350,445,355
HPC_eff_mod,HPC,HP,Nf+T50+P24,0.4741239775313225,0.13188123716978972,0.17771528946674509,350,445,355
HPC_eff_mod,HPC,HP,Nf+T50+Ps30,0.7702010818577312,0.0034308354295631283,-0.02000446131633704,350,445,355
HPC_eff_mod,HPC,HP,Nf+T50+P40,0.7445185054457423,-0.0692873586432412,-0.10087921386416743,350,445,355
HPC_eff_mod,HPC,HP,Nf+T50+P50,0.7247827324808579,0.0929584036175507,0.04357177011462421,350,445,355
HPC_eff_mod,HPC,HP,Nf+P15+P21,0.2386060795545261,0.10033875531584213,0.04897401454378647,350,445,355
HPC_eff_mod,HPC,HP,Nf+P15+P24,0.30302955265692794,0.11463599077239894,0.08159434199665072,350,445,355
HPC_eff_mod,HPC,HP,Nf+P15+Ps30,0.18746036501949626,-0.15705181088990394,-0.1382159416959945,350,445,355
HPC_eff_mod,HPC,HP,Nf+P15+P40,0.25957948642537865,-0.040975124675612484,-0.018438280858675826,350,445,355
HPC_eff_mod,HPC,HP,Nf+P15+P50,0.10171162248073833,-0.20373170338025215,-0.20220847972733247,350,445,355
HPC_eff_mod,HPC,HP,Nf+P21+P24,0.35401631198551653,0.2469962541763293,0.18969427994129429,350,445,355
HPC_eff_mod,HPC,HP,Nf+P21+Ps30,0.18746036502011224,-0.15717039513254005,-0.13836458954961284,350,445,355
HPC_eff_mod,HPC,HP,Nf+P21+P40,0.13860613859588783,0.12812657180750808,0.2151735003942189,350,445,355
HPC_eff_mod,HPC,HP,Nf+P21+P50,0.10171162248027285,-0.20400868007011397,-0.20255567585950462,350,445,355
HPC_eff_mod,HPC,HP,Nf+P24+Ps30,0.2130069565780633,0.19070848383305194,0.18616021748967038,350,445,355
HPC_eff_mod,HPC,HP,Nf+P24+P40,0.2533904977264348,-0.01611026250476666,0.08072256748204165,350,445,355
HPC_eff_mod,HPC,HP,Nf+P24+P50,0.232904407011169,-0.06117714410609554,-0.043221747445493675,350,445,355
HPC_eff_mod,HPC,HP,Nf+Ps30+P40,0.2698258168823079,0.0917219471724584,0.09449004103317304,350,445,355
HPC_eff_mod,HPC,HP,Nf+Ps30+P50,0.20769445606065423,-0.24669435307449694,-0.21815014350420525,350,445,355
HPC_eff_mod,HPC,HP,Nf+P40+P50,0.17565304527331924,-0.1363826543821478,-0.1439277805516217,350,445,355
HPC_eff_mod,HPC,HP,Nc+T24+T30,0.8676481741658526,0.7535956950101816,0.7269464228688121,350,445,355
HPC_eff_mod,HPC,HP,Nc+T24+T48,0.8905774559750622,0.41362445227572087,0.3708603648041501,350,445,355
HPC_eff_mod,HPC,HP,Nc+T24+T50,0.7503464565122767,0.29525736731891405,0.2221722852277992,350,445,355
HPC_eff_mod,HPC,HP,Nc+T24+P15,0.6587865160411178,0.42634875057336075,0.3793173526811484,350,445,355
HPC_eff_mod,HPC,HP,Nc+T24+P21,0.6587865160405377,0.42637428359400276,0.37934935886199117,350,445,355
HPC_eff_mod,HPC,HP,Nc+T24+P24,0.7187619845382238,0.467440335301297,0.45242079254012235,350,445,355
HPC_eff_mod,HPC,HP,Nc+T24+Ps30,0.6305207557310076,0.27285414728506674,0.23121023607695146,350,445,355
HPC_eff_mod,HPC,HP,Nc+T24+P40,0.514605028557154,0.561284068140611,0.5607974824548576,350,445,355
HPC_eff_mod,HPC,HP,Nc+T24+P50,0.5621984636870848,0.5395178181849505,0.4882961865899026,350,445,355
HPC_eff_mod,HPC,HP,Nc+T30+T48,0.9186937031604069,0.712330793103014,0.7014906934604841,350,445,355
HPC_eff_mod,HPC,HP,Nc+T30+T50,0.8681613586839125,0.6784919821264299,0.6601550689411528,350,445,355
HPC_eff_mod,HPC,HP,Nc+T30+P15,0.8706185438700693,0.7263981113779481,0.7103550514134732,350,445,355
HPC_eff_mod,HPC,HP,Nc+T30+P21,0.8706185438702028,0.7264159168184805,0.7103773709093366,350,445,355
HPC_eff_mod,HPC,HP,Nc+T30+P24,0.8974824986403991,0.5842437876202511,0.5308230721165649,350,445,355
HPC_eff_mod,HPC,HP,Nc+T30+Ps30,0.909159380088344,0.7247088386126613,0.7010994005477672,350,445,355
HPC_eff_mod,HPC,HP,Nc+T30+P40,0.9008824141337328,0.6526362573333129,0.628376148858843,350,445,355
HPC_eff_mod,HPC,HP,Nc+T30+P50,0.8614054837358556,0.5972102092893283,0.5304768119324532,350,445,355
HPC_eff_mod,HPC,HP,Nc+T48+T50,0.8764802363178358,0.29713681778116297,0.23566094585940212,350,445,355
HPC_eff_mod,HPC,HP,Nc+T48+P15,0.6801712985419026,0.09968046064283331,0.02697141191838337,350,445,355
HPC_eff_mod,HPC,HP,Nc+T48+P21,0.6801712985422225,0.09964347073207036,0.026925044283752197,350,445,355
HPC_eff_mod,HPC,HP,Nc+T48+P24,0.7720095629303676,0.2565155003420767,0.2126563976738164,350,445,355
HPC_eff_mod,HPC,HP,Nc+T48+Ps30,0.7347478828453117,0.287994606047002,0.25411999378769135,350,445,355
HPC_eff_mod,HPC,HP,Nc+T48+P40,0.7693751766409161,0.24367663356486402,0.19455423431649188,350,445,355
HPC_eff_mod,HPC,HP,Nc+T48+P50,0.6408482002410454,0.0826153663804221,-0.007395897653173611,350,445,355
HPC_eff_mod,HPC,HP,Nc+T50+P15,0.77434052381142,0.16870359374053356,0.1365254276141764,350,445,355
HPC_eff_mod,HPC,HP,Nc+T50+P21,0.7743405238115907,0.16867956936618667,0.13649531255336433,350,445,355
HPC_eff_mod,HPC,HP,Nc+T50+P24,0.7290968200514234,0.39611737571136907,0.30990758262447715,350,445,355
HPC_eff_mod,HPC,HP,Nc+T50+Ps30,0.7939521507204839,0.3058400152425421,0.29144532533048806,350,445,355
HPC_eff_mod,HPC,HP,Nc+T50+P40,0.6191816755369445,0.4670568449435889,0.41306731737591484,350,445,355
HPC_eff_mod,HPC,HP,Nc+T50+P50,0.6925743227778197,0.23479638190595653,0.17344526526981063,350,445,355
HPC_eff_mod,HPC,HP,Nc+P15+P21,0.2570974462486107,0.45502780282429145,0.4275987207846891,350,445,355
HPC_eff_mod,HPC,HP,Nc+P15+P24,0.28953057535807786,0.45852175506783555,0.4279784881200125,350,445,355
HPC_eff_mod,HPC,HP,Nc+P15+Ps30,0.48841864421757153,0.27320223604650073,0.22007550988456814,350,445,355
HPC_eff_mod,HPC,HP,Nc+P15+P40,0.5126682726533176,0.24109025324766276,0.23306144284750185,350,445,355
HPC_eff_mod,HPC,HP,Nc+P15+P50,0.27155863277075964,0.5257135453567023,0.5074493635338615,350,445,355
HPC_eff_mod,HPC,HP,Nc+P21+P24,0.28953057535818055,0.45859138235476093,0.4280657673952203,350,445,355
HPC_eff_mod,HPC,HP,Nc+P21+Ps30,0.47911144429708574,0.3785924275431325,0.3693905829132198,350,445,355
HPC_eff_mod,HPC,HP,Nc+P21+P40,0.5126682726532993,0.24108097475526113,0.23304981206125674,350,445,355
HPC_eff_mod,HPC,HP,Nc+P21+P50,0.27155863277134623,0.5258174265134815,0.5075795807584861,350,445,355
HPC_eff_mod,HPC,HP,Nc+P24+Ps30,0.5855798968158883,0.2934193888405602,0.24060769817415217,350,445,355
HPC_eff_mod,HPC,HP,Nc+P24+P40,0.4874860382847528,0.2834347189426537,0.2517450088631902,350,445,355
HPC_eff_mod,HPC,HP,Nc+P24+P50,-0.1135453446553154,0.1458261251822386,0.05881633274946341,350,445,355
HPC_eff_mod,HPC,HP,Nc+Ps30+P40,0.21165355913712855,0.5028728156115787,0.4681719427459774,350,445,355
HPC_eff_mod,HPC,HP,Nc+Ps30+P50,0.3457753229556791,0.07634313752279753,-0.03781994334164529,350,445,355
HPC_eff_mod,HPC,HP,Nc+P40+P50,0.3918824875365254,-0.19592811674081445,-0.31131128823186227,350,445,355
HPC_eff_mod,HPC,HP,T24+T30+T48,0.8129837166798277,0.5411527463035282,0.47814363756886635,350,445,355
HPC_eff_mod,HPC,HP,T24+T30+T50,0.6593411256157455,0.6435332081309366,0.6097437758138741,350,445,355
HPC_eff_mod,HPC,HP,T24+T30+P15,0.7581246364919163,0.5068724777265639,0.4659130111131574,350,445,355
HPC_eff_mod,HPC,HP,T24+T30+P21,0.7387653070208156,0.49423348476651796,0.45055956210057513,350,445,355
HPC_eff_mod,HPC,HP,T24+T30+P24,0.4663818131991819,0.6427168039667573,0.6012068343595987,350,445,355
HPC_eff_mod,HPC,HP,T24+T30+Ps30,0.8388861788801426,0.6344812293018627,0.5939957258905186,350,445,355
HPC_eff_mod,HPC,HP,T24+T30+P40,0.547572510559145,0.6239720077129594,0.5776611922685582,350,445,355
HPC_eff_mod,HPC,HP,T24+T30+P50,0.711327459084814,0.5984733293499941,0.5855301144252747,350,445,355
HPC_eff_mod,HPC,HP,T24+T48+T50,0.9255966890936633,0.1431899298481314,0.13803482346283025,350,445,355
HPC_eff_mod,HPC,HP,T24+T48+P15,0.7410924529678422,0.146518261039142,0.14323057392664573,350,445,355
HPC_eff_mod,HPC,HP,T24+T48+P21,0.741092452967158,0.14649713066166958,0.14320408655200367,350,445,355
HPC_eff_mod,HPC,HP,T24+T48+P24,0.8416093872072498,0.2409516843045213,0.2410428702041406,350,445,355
HPC_eff_mod,HPC,HP,T24+T48+Ps30,0.8124445644580227,0.29552961076091744,0.2446191894317482,350,445,355
HPC_eff_mod,HPC,HP,T24+T48+P40,0.7840713299805291,0.2596108168644383,0.2485433748233501,350,445,355
HPC_eff_mod,HPC,HP,T24+T48+P50,0.6839834070197471,0.1944979432027707,0.18728878854062458,350,445,355
HPC_eff_mod,HPC,HP,T24+T50+P15,0.4914339277633936,-0.024156237060754426,-0.030326389850615865,350,445,355
HPC_eff_mod,HPC,HP,T24+T50+P21,0.49143392776244177,-0.024089503501901532,-0.0302427379247725,350,445,355
HPC_eff_mod,HPC,HP,T24+T50+P24,0.815175276871185,-0.0928284200518259,-0.198681401210814,350,445,355
HPC_eff_mod,HPC,HP,T24+T50+Ps30,0.5895482099592193,0.26343639320802104,0.23297616790873488,350,445,355
HPC_eff_mod,HPC,HP,T24+T50+P40,0.4876987737283088,0.17660338517808993,0.1547544037525752,350,445,355
HPC_eff_mod,HPC,HP,T24+T50+P50,0.5892943336858897,0.09750208630334878,0.08691454149163624,350,445,355
HPC_eff_mod,HPC,HP,T24+P15+P21,0.7063918481017575,0.07420184430726418,0.04084623455292735,350,445,355
HPC_eff_mod,HPC,HP,T24+P15+P24,0.6702589902203964,0.09914469408350457,0.06219874109897772,350,445,355
HPC_eff_mod,HPC,HP,T24+P15+Ps30,0.6462870801192339,0.070476060262886,0.07213684326010927,350,445,355
HPC_eff_mod,HPC,HP,T24+P15+P40,0.5891351288886055,-0.05757908729444483,-0.13154980233929048,350,445,355
HPC_eff_mod,HPC,HP,T24+P15+P50,0.6516607579656531,0.06081073916460278,0.024144507161450224,350,445,355
HPC_eff_mod,HPC,HP,T24+P21+P24,0.6702589902191158,0.09919239790289602,0.06225853884506727,350,445,355
HPC_eff_mod,HPC,HP,T24+P21+Ps30,0.6462870801192172,0.07047357066413384,0.07213372249567551,350,445,355
HPC_eff_mod,HPC,HP,T24+P21+P40,0.5891351288878767,-0.05747998143144306,-0.13142557104615493,350,445,355
HPC_eff_mod,HPC,HP,T24+P21+P50,0.6516607579664638,0.060679451777922666,0.023979935648667405,350,445,355
HPC_eff_mod,HPC,HP,T24+P24+Ps30,0.5558331362977208,-0.11314494082797077,-0.2591464710821274,350,445,355
HPC_eff_mod,HPC,HP,T24+P24+P40,0.3839332306737704,-0.13372036301155066,-0.20902080631618003,350,445,355
HPC_eff_mod,HPC,HP,T24+P24+P50,0.49684692719329504,0.20324145177587272,0.18219789695012223,350,445,355
HPC_eff_mod,HPC,HP,T24+Ps30+P40,0.8027722580124413,0.10076388445433038,0.046082211904684534,350,445,355
HPC_eff_mod,HPC,HP,T24+Ps30+P50,0.7504002463076687,0.12352070425251771,0.10322629236469616,350,445,355
HPC_eff_mod,HPC,HP,T24+P40+P50,0.7130046901909772,0.020471153478234805,-0.03269384401009856,350,445,355
HPC_eff_mod,HPC,HP,T30+T48+T50,0.7214014971655363,0.7429035709510102,0.7271989712457111,350,445,355
HPC_eff_mod,HPC,HP,T30+T48+P15,0.5819062877572636,0.6719218013640599,0.6399151148085201,350,445,355
HPC_eff_mod,HPC,HP,T30+T48+P21,0.5819062877573059,0.6720046167369016,0.6400189256280153,350,445,355
HPC_eff_mod,HPC,HP,T30+T48+P24,0.6978823424714953,0.5887458543864073,0.5628315157942922,350,445,355
HPC_eff_mod,HPC,HP,T30+T48+Ps30,0.8468649301735212,0.484722524150197,0.4816623836951591,350,445,355
HPC_eff_mod,HPC,HP,T30+T48+P40,0.6179730546402463,0.6384157349533295,0.634719617743744,350,445,355
HPC_eff_mod,HPC,HP,T30+T48+P50,0.6754568801392694,0.5773068827269991,0.5113827590764326,350,445,355
HPC_eff_mod,HPC,HP,T30+T50+P15,0.6322054217725144,0.5055908396666438,0.47531790850025124,350,445,355
HPC_eff_mod,HPC,HP,T30+T50+P21,0.6322054217724871,0.5055918774421116,0.47531920937372674,350,445,355
HPC_eff_mod,HPC,HP,T30+T50+P24,0.6806076805111383,0.6534496725518271,0.6383985793369695,350,445,355
HPC_eff_mod,HPC,HP,T30+T50+Ps30,0.8800801644923565,0.6042187861246076,0.5651962015732436,350,445,355
HPC_eff_mod,HPC,HP,T30+T50+P40,0.6204666340242314,0.6267857328763446,0.6256539005436523,350,445,355
HPC_eff_mod,HPC,HP,T30+T50+P50,0.737893203381128,0.6020940430598888,0.597816582978463,350,445,355
HPC_eff_mod,HPC,HP,T30+P15+P21,0.7194418924384114,0.7503354973950491,0.7085774586784841,350,445,355
HPC_eff_mod,HPC,HP,T30+P15+P24,0.7898931260128129,0.7370005313604432,0.7259725370072955,350,445,355
HPC_eff_mod,HPC,HP,T30+P15+Ps30,0.6155626516993876,0.6542911803465321,0.6128835782771083,350,445,355
HPC_eff_mod,HPC,HP,T30+P15+P40,0.596161419449413,0.7766136875814682,0.7505547946296974,350,445,355
HPC_eff_mod,HPC,HP,T30+P15+P50,0.6883967229137392,0.749785493449628,0.7227695714247966,350,445,355
HPC_eff_mod,HPC,HP,T30+P21+P24,0.7898931260140398,0.7370147911623278,0.7259904119702161,350,445,355
HPC_eff_mod,HPC,HP,T30+P21+Ps30,0.6155626516995288,0.6542962297470261,0.6128899078072931,350,445,355
HPC_eff_mod,HPC,HP,T30+P21+P40,0.5961614194494056,0.7766077132943382,0.750547305734577,350,445,355
HPC_eff_mod,HPC,HP,T30+P21+P50,0.688396722913717,0.7498155708001584,0.7228072740191271,350,445,355
HPC_eff_mod,HPC,HP,T30+P24+Ps30,0.8678957262877155,0.7010000893749633,0.6780245873405936,350,445,355
HPC_eff_mod,HPC,HP,T30+P24+P40,0.7849194560651608,0.7539791752060429,0.7238480588899916,350,445,355
HPC_eff_mod,HPC,HP,T30+P24+P50,0.6792474393096521,0.7576086448417332,0.7297492489588131,350,445,355
HPC_eff_mod,HPC,HP,T30+Ps30+P40,0.580799033177328,0.7597504084574644,0.7118984023392649,350,445,355
HPC_eff_mod,HPC,HP,T30+Ps30+P50,0.8166889764562185,0.4262300717089055,0.36476308622731457,350,445,355
HPC_eff_mod,HPC,HP,T30+P40+P50,0.6371526158702391,0.6715842604552131,0.6182904589794821,350,445,355
HPC_eff_mod,HPC,HP,T48+T50+P15,0.8299749009420839,0.006049912661737933,-0.023048646155765518,350,445,355
HPC_eff_mod,HPC,HP,T48+T50+P21,0.8299749009420427,0.006151253221396424,-0.022921613623291925,350,445,355
HPC_eff_mod,HPC,HP,T48+T50+P24,0.8342120633399526,0.021110801892338715,-0.006782488512328655,350,445,355
HPC_eff_mod,HPC,HP,T48+T50+Ps30,0.8002314412161906,-0.04156539765627931,-0.043617980723376526,350,445,355
HPC_eff_mod,HPC,HP,T48+T50+P40,0.8905950929968582,-0.010678344027761577,0.0015677389687561716,350,445,355
HPC_eff_mod,HPC,HP,T48+T50+P50,0.7757506404866916,-0.2673674382264082,-0.2987698067568587,350,445,355
HPC_eff_mod,HPC,HP,T48+P15+P21,0.91308231663039,0.0005643115386395614,-0.0398506025463623,350,445,355
HPC_eff_mod,HPC,HP,T48+P15+P24,0.8090939898183886,-0.004452279252508351,-0.03180025399035458,350,445,355
HPC_eff_mod,HPC,HP,T48+P15+Ps30,0.8175414687698863,0.0855985631022943,0.06500825471257388,350,445,355
HPC_eff_mod,HPC,HP,T48+P15+P40,0.6004120396004285,-0.0658489265837483,-0.16905874697105694,350,445,355
HPC_eff_mod,HPC,HP,T48+P15+P50,0.8357498504227049,0.08171338405366335,0.03366322672391964,350,445,355
HPC_eff_mod,HPC,HP,T48+P21+P24,0.8090939898173479,-0.004740161275550658,-0.03216112018809025,350,445,355
HPC_eff_mod,HPC,HP,T48+P21+Ps30,0.7228339242035627,-0.1053188370230993,-0.22406835030213457,350,445,355
HPC_eff_mod,HPC,HP,T48+P21+P40,0.5369971877504306,-0.04583788684319123,-0.10543186140163274,350,445,355
HPC_eff_mod,HPC,HP,T48+P21+P50,0.8357498504229305,0.08167368530840913,0.0336134635079246,350,445,355
HPC_eff_mod,HPC,HP,T48+P24+Ps30,0.48649821891552464,-0.007435956980327729,-0.11151992270695077,350,445,355
HPC_eff_mod,HPC,HP,T48+P24+P40,0.7694375506828204,-0.041761283814509165,-0.1017537014531471,350,445,355
HPC_eff_mod,HPC,HP,T48+P24+P50,0.8710072146681928,-0.006743143663217044,-0.048378745199142204,350,445,355
HPC_eff_mod,HPC,HP,T48+Ps30+P40,0.7450864528651995,0.0364635515514814,0.001823975865242522,350,445,355
HPC_eff_mod,HPC,HP,T48+Ps30+P50,0.5922163323724912,0.036295874167981856,0.02903621284767466,350,445,355
HPC_eff_mod,HPC,HP,T48+P40+P50,0.6825692437892268,-0.012216371035567608,-0.0008488974703846353,350,445,355
HPC_eff_mod,HPC,HP,T50+P15+P21,0.94921446579298,0.06982305860465321,0.06520948071867971,350,445,355
HPC_eff_mod,HPC,HP,T50+P15+P24,0.8969873047311813,0.014297347714274156,-0.006541124322185565,350,445,355
HPC_eff_mod,HPC,HP,T50+P15+Ps30,0.7571900056487307,0.03345093810129651,-0.02661526324292529,350,445,355
HPC_eff_mod,HPC,HP,T50+P15+P40,0.5489501625587891,0.15693954626080042,0.09301938739339943,350,445,355
HPC_eff_mod,HPC,HP,T50+P15+P50,0.7671902114132495,-0.0034261559544233045,-0.03205700309331205,350,445,355
HPC_eff_mod,HPC,HP,T50+P21+P24,0.896987304731128,0.014041159224205457,-0.006862262006920528,350,445,355
HPC_eff_mod,HPC,HP,T50+P21+Ps30,0.6786136953489954,0.07177505520482241,-0.005559539975756644,350,445,355
HPC_eff_mod,HPC,HP,T50+P21+P40,0.5489501625580807,0.1568120450645989,0.09285956195038791,350,445,355
HPC_eff_mod,HPC,HP,T50+P21+P50,0.7671902114128397,-0.0034337016318797264,-0.032066461759397535,350,445,355
HPC_eff_mod,HPC,HP,T50+P24+Ps30,0.6871903728560633,-0.022803378288721587,-0.13389026511430235,350,445,355
HPC_eff_mod,HPC,HP,T50+P24+P40,0.5907952730237899,0.024045214692755446,-0.1166703619321563,350,445,355
HPC_eff_mod,HPC,HP,T50+P24+P50,0.7836870393844665,-0.12536565260616706,-0.20489554930577336,350,445,355
HPC_eff_mod,HPC,HP,T50+Ps30+P40,0.8196117874079271,0.0433630596388932,0.039812134088162976,350,445,355
HPC_eff_mod,HPC,HP,T50+Ps30+P50,0.545377788564061,0.15175730403782683,0.1602808526788051,350,445,355
HPC_eff_mod,HPC,HP,T50+P40+P50,0.6571371704537701,0.05663565152328198,0.053889327035374746,350,445,355
HPC_eff_mod,HPC,HP,P15+P21+P24,0.331647231018925,0.043241674807149466,0.010374669988144958,350,445,355
HPC_eff_mod,HPC,HP,P15+P21+Ps30,0.2669374550855805,0.11459404660225514,0.20047198444384862,350,445,355
HPC_eff_mod,HPC,HP,P15+P21+P40,0.31984402285334024,0.05401152789769814,0.13043473605635747,350,445,355
HPC_eff_mod,HPC,HP,P15+P21+P50,0.024802353399570154,0.09481703726961366,0.09083461079202904,350,445,355
HPC_eff_mod,HPC,HP,P15+P24+Ps30,0.3626282006083029,0.10998824859782474,0.1757277407022444,350,445,355
HPC_eff_mod,HPC,HP,P15+P24+P40,0.405814897782468,0.29030555157184523,0.3450835222999955,350,445,355
HPC_eff_mod,HPC,HP,P15+P24+P50,0.27190561814411396,-0.03570293526583801,-0.07259081291402003,350,445,355
HPC_eff_mod,HPC,HP,P15+Ps30+P40,0.41760582779638317,0.13000763668114956,0.2023652049614354,350,445,355
HPC_eff_mod,HPC,HP,P15+Ps30+P50,0.34169536409285634,0.2685605706362534,0.3030733127063103,350,445,355
HPC_eff_mod,HPC,HP,P15+P40+P50,0.37611696139774353,0.08989947712450974,0.10919481685006838,350,445,355
HPC_eff_mod,HPC,HP,P21+P24+Ps30,0.36262820060590883,0.109755583987732,0.17543609069876576,350,445,355
HPC_eff_mod,HPC,HP,P21+P24+P40,0.3218095015675896,0.19278123859078056,0.19307030288529536,350,445,355
HPC_eff_mod,HPC,HP,P21+P24+P50,0.271905618143178,-0.03573314122739513,-0.07262867672486051,350,445,355
HPC_eff_mod,HPC,HP,P21+Ps30+P40,0.4176058277966012,0.12991129610047347,0.20224444000831687,350,445,355
HPC_eff_mod,HPC,HP,P21+Ps30+P50,0.3416953640936639,0.2686235585065637,0.3031522693323463,350,445,355
HPC_eff_mod,HPC,HP,P21+P40+P50,0.37611696139764206,0.08991817738275065,0.10921825801872298,350,445,355
HPC_eff_mod,HPC,HP,P24+Ps30+P40,0.5941283688177195,0.016442026723901604,-0.019996908237938982,350,445,355
HPC_eff_mod,HPC,HP,P24+Ps30+P50,0.2857522431919405,0.1361627348002541,0.051919117837297746,350,445,355
HPC_eff_mod,HPC,HP,P24+P40+P50,0.32889138777432186,0.13627138688590823,0.14058158602512727,350,445,355
HPC_eff_mod,HPC,HP,Ps30+P40+P50,0.3459354268852227,0.17056501809944957,0.2118411115283353,350,445,355
HPC_flow_mod,HPC,HP,Wf+Nf+Nc,0.38465085928719034,0.221130241945371,0.15970170845642884,352,445,355
HPC_flow_mod,HPC,HP,Wf+Nf+T24,0.44495675317569977,-0.025784440350436588,-0.13882752496990358,352,445,355
HPC_flow_mod,HPC,HP,Wf+Nf+T30,0.6025755185178212,0.41197252909956605,0.35236149172901066,352,445,355
HPC_flow_mod,HPC,HP,Wf+Nf+T48,0.779072571861775,-0.058966892107089164,-0.09275028182771394,352,445,355
HPC_flow_mod,HPC,HP,Wf+Nf+T50,0.6939787812052423,-0.055508196003947186,-0.1544565912652618,352,445,355
HPC_flow_mod,HPC,HP,Wf+Nf+P15,0.08747617632845381,-0.3560233105335966,-0.5087290001213769,352,445,355
HPC_flow_mod,HPC,HP,Wf+Nf+P21,0.08747617632918726,-0.35578216088977843,-0.5084267139481919,352,445,355
HPC_flow_mod,HPC,HP,Wf+Nf+P24,0.39589976429593104,-0.3423632057389492,-0.5459070083490023,352,445,355
HPC_flow_mod,HPC,HP,Wf+Nf+Ps30,0.3090089725087396,-0.02203786116042683,-0.10152283725105837,352,445,355
HPC_flow_mod,HPC,HP,Wf+Nf+P40,0.3958957594695004,0.08299003570893149,0.012103733940729278,352,445,355
HPC_flow_mod,HPC,HP,Wf+Nf+P50,0.3730104648356659,-0.39287657522683284,-0.5506477264728842,352,445,355
HPC_flow_mod,HPC,HP,Wf+Nc+T24,0.3200163416430944,0.24892138142705944,0.21091870571185878,352,445,355
HPC_flow_mod,HPC,HP,Wf+Nc+T30,0.6947881854381935,0.5105482599938089,0.48309209904289596,352,445,355
HPC_flow_mod,HPC,HP,Wf+Nc+T48,0.30341806860235315,0.24396327161381226,0.2756579684125763,352,445,355
HPC_flow_mod,HPC,HP,Wf+Nc+T50,0.44228230973987853,0.3271280790629608,0.31990065157156355,352,445,355
HPC_flow_mod,HPC,HP,Wf+Nc+P15,0.23030336953190983,0.1964414744164945,0.17119069450381919,352,445,355
HPC_flow_mod,HPC,HP,Wf+Nc+P21,0.23030336953192837,0.19645929926305972,0.171213038325703,352,445,355
HPC_flow_mod,HPC,HP,Wf+Nc+P24,0.02721551121067295,0.05033248744131702,-0.07329388552311245,352,445,355
HPC_flow_mod,HPC,HP,Wf+Nc+Ps30,0.11561423008956832,0.32429507336611085,0.2713986283738724,352,445,355
HPC_flow_mod,HPC,HP,Wf+Nc+P40,0.6867056484853523,0.35501547379379994,0.35042222349420693,352,445,355
HPC_flow_mod,HPC,HP,Wf+Nc+P50,0.16740915342456436,0.41749060831868856,0.3244595907559359,352,445,355
HPC_flow_mod,HPC,HP,Wf+T24+T30,0.7513400897744946,0.4831042884068798,0.43772672421439784,352,445,355
HPC_flow_mod,HPC,HP,Wf+T24+T48,0.45584450233769064,0.27503258296072053,0.24149381556859517,352,445,355
HPC_flow_mod,HPC,HP,Wf+T24+T50,0.6202231226960356,0.09283755420855411,0.04535563343086757,352,445,355
HPC_flow_mod,HPC,HP,Wf+T24+P15,0.4397909126781488,-0.3275342251466513,-0.46162817251291255,352,445,355
HPC_flow_mod,HPC,HP,Wf+T24+P21,0.439790912677765,-0.327575910138707,-0.46168042553107447,352,445,355
HPC_flow_mod,HPC,HP,Wf+T24+P24,0.5441358690667973,-0.06592024447479194,-0.16671388845423984,352,445,355
HPC_flow_mod,HPC,HP,Wf+T24+Ps30,0.6151761458601893,-0.14225449792232303,-0.07666882597984848,352,445,355
HPC_flow_mod,HPC,HP,Wf+T24+P40,0.6310245474801871,-0.1442521493714377,-0.1640337909851297,352,445,355
HPC_flow_mod,HPC,HP,Wf+T24+P50,0.30651668523939607,-0.0279981883485223,-0.07947573152030718,352,445,355
HPC_flow_mod,HPC,HP,Wf+T30+T48,0.9360452991118564,0.5642296015520444,0.5632341410903793,352,445,355
HPC_flow_mod,HPC,HP,Wf+T30+T50,0.7470937499800429,0.3951025086986729,0.37598500829218484,352,445,355
HPC_flow_mod,HPC,HP,Wf+T30+P15,0.6007024766317731,0.3195646249792653,0.23846348796705052,352,445,355
HPC_flow_mod,HPC,HP,Wf+T30+P21,0.6007024766323087,0.3195838891884556,0.23848763606032586,352,445,355
HPC_flow_mod,HPC,HP,Wf+T30+P24,0.6063212966611371,0.6129942777946971,0.5771780788332747,352,445,355
HPC_flow_mod,HPC,HP,Wf+T30+Ps30,0.21595548201471346,0.14748172627180323,0.07891996209842422,352,445,355
HPC_flow_mod,HPC,HP,Wf+T30+P40,0.6078024414623083,0.6433289292383532,0.5994781093480012,352,445,355
HPC_flow_mod,HPC,HP,Wf+T30+P50,0.6735905845623813,0.3828412130563328,0.2851862995271187,352,445,355
HPC_flow_mod,HPC,HP,Wf+T48+T50,0.7038685471132733,0.07814029460427507,0.07158818024803437,352,445,355
HPC_flow_mod,HPC,HP,Wf+T48+P15,0.5683655348660321,0.02331227600547736,-0.01680814924969387,352,445,355
HPC_flow_mod,HPC,HP,Wf+T48+P21,0.5683655348653273,0.023321888625171927,-0.016796099627535366,352,445,355
HPC_flow_mod,HPC,HP,Wf+T48+P24,0.40599047326092236,-0.357429327788104,-0.4985430788450482,352,445,355
HPC_flow_mod,HPC,HP,Wf+T48+Ps30,0.4062323039928778,0.11314196673432986,0.16042162877131294,352,445,355
HPC_flow_mod,HPC,HP,Wf+T48+P40,0.41424929047300585,-0.0822572716101253,0.0017347942989716092,352,445,355
HPC_flow_mod,HPC,HP,Wf+T48+P50,0.5421556757103898,-0.40191851305069237,-0.4947239524577449,352,445,355
HPC_flow_mod,HPC,HP,Wf+T50+P15,0.5590747379845823,-0.0903956234610026,-0.21783900964948355,352,445,355
HPC_flow_mod,HPC,HP,Wf+T50+P21,0.5590747379850851,-0.09040342695531156,-0.21784879149428726,352,445,355
HPC_flow_mod,HPC,HP,Wf+T50+P24,0.3383117377457284,-0.30789142929351265,-0.4642032841191073,352,445,355
HPC_flow_mod,HPC,HP,Wf+T50+Ps30,0.6668546338336974,0.008468933568763437,0.053602460891014725,352,445,355
HPC_flow_mod,HPC,HP,Wf+T50+P40,0.42409024028052345,-0.0069625999159736995,0.023877073809588922,352,445,355
HPC_flow_mod,HPC,HP,Wf+T50+P50,0.7491942288891431,-0.45719697511804913,-0.6094848767219396,352,445,355
HPC_flow_mod,HPC,HP,Wf+P15+P21,0.4759100012435784,0.0193878630258415,0.0462329431513232,352,445,355
HPC_flow_mod,HPC,HP,Wf+P15+P24,0.47277538119657975,0.13852251747097222,0.10151366990654176,352,445,355
HPC_flow_mod,HPC,HP,Wf+P15+Ps30,0.36758870023483786,0.03076399388911244,-0.007318488523704092,352,445,355
HPC_flow_mod,HPC,HP,Wf+P15+P40,0.0977062339215056,-0.1063409490240883,-0.22352504907061466,352,445,355
HPC_flow_mod,HPC,HP,Wf+P15+P50,0.23240211801578242,0.04541512159109928,0.017206918926037096,352,445,355
HPC_flow_mod,HPC,HP,Wf+P21+P24,0.47277538119564727,0.13840047040801284,0.10136068133510268,352,445,355
HPC_flow_mod,HPC,HP,Wf+P21+Ps30,0.36758870023524526,0.030703054320721845,-0.007394877559911528,352,445,355
HPC_flow_mod,HPC,HP,Wf+P21+P40,0.09770623392170241,-0.10633478310651534,-0.22351731996248692,352,445,355
HPC_flow_mod,HPC,HP,Wf+P21+P50,0.2324021180163934,0.04544914688460244,0.017249570350063137,352,445,355
HPC_flow_mod,HPC,HP,Wf+P24+Ps30,0.21578215348221863,-0.2531133435039703,-0.41777481429576424,352,445,355
HPC_flow_mod,HPC,HP,Wf+P24+P40,0.21284277250565592,-0.23715398290937295,-0.4059505124271392,352,445,355
HPC_flow_mod,HPC,HP,Wf+P24+P50,0.48514243043687777,-0.7246971560060254,-0.9297394458296919,352,445,355
HPC_flow_mod,HPC,HP,Wf+Ps30+P40,0.18335036322570678,-0.03742712335419918,-0.08227119221415902,352,445,355
HPC_flow_mod,HPC,HP,Wf+Ps30+P50,0.30478836054279557,0.05716688100163514,0.06285875537814478,352,445,355
HPC_flow_mod,HPC,HP,Wf+P40+P50,0.22115504551422846,0.053363998497860776,0.031759417600939255,352,445,355
HPC_flow_mod,HPC,HP,Nf+Nc+T24,0.5861176983392358,0.4854175122436585,0.4564517969913825,352,445,355
HPC_flow_mod,HPC,HP,Nf+Nc+T30,0.5376315859203519,0.40047395911180916,0.33707612232756967,352,445,355
HPC_flow_mod,HPC,HP,Nf+Nc+T48,0.8397606081632993,0.29248718026941,0.25149650020322656,352,445,355
HPC_flow_mod,HPC,HP,Nf+Nc+T50,0.5964341136618823,-0.0009582756851922447,-0.058155499458968585,352,445,355
HPC_flow_mod,HPC,HP,Nf+Nc+P15,0.30067075726688164,0.15959360042688375,0.11605993854555996,352,445,355
HPC_flow_mod,HPC,HP,Nf+Nc+P21,0.3006707572672049,0.1597920198827535,0.11630866152519026,352,445,355
HPC_flow_mod,HPC,HP,Nf+Nc+P24,0.15928454618833407,0.2455097163100589,0.22783148565384703,352,445,355
HPC_flow_mod,HPC,HP,Nf+Nc+Ps30,0.6009621554754745,0.15520759655150917,0.08141335539306704,352,445,355
HPC_flow_mod,HPC,HP,Nf+Nc+P40,0.6327444671655532,0.2764434626646093,0.18234146940462947,352,445,355
HPC_flow_mod,HPC,HP,Nf+Nc+P50,0.3555752971858438,0.22580846954676292,0.15048055952973705,352,445,355
HPC_flow_mod,HPC,HP,Nf+T24+T30,0.6609242857382612,0.5953791611545702,0.5570837085633,352,445,355
HPC_flow_mod,HPC,HP,Nf+T24+T48,0.5056567240595482,0.22683857304128696,0.17847939653186784,352,445,355
HPC_flow_mod,HPC,HP,Nf+T24+T50,0.6725710620422369,0.18169346831329158,0.1722762320155583,352,445,355
HPC_flow_mod,HPC,HP,Nf+T24+P15,0.47394855648479994,-0.031318871552633576,-0.09889718700692396,352,445,355
HPC_flow_mod,HPC,HP,Nf+T24+P21,0.4739485564857985,-0.03127949354622417,-0.09884782584421958,352,445,355
HPC_flow_mod,HPC,HP,Nf+T24+P24,0.5195540557446174,0.08955453393247625,0.0049480709104535725,352,445,355
HPC_flow_mod,HPC,HP,Nf+T24+Ps30,0.4106884829284878,0.02529502836317188,0.03294994004329754,352,445,355
HPC_flow_mod,HPC,HP,Nf+T24+P40,0.3812855474700107,0.2808365986948096,0.31458314340160765,352,445,355
HPC_flow_mod,HPC,HP,Nf+T24+P50,0.5330226888079477,0.06068766740047593,0.057581142923460615,352,445,355
HPC_flow_mod,HPC,HP,Nf+T30+T48,0.7787425582262228,0.21895636173543132,0.17140035085846583,352,445,355
HPC_flow_mod,HPC,HP,Nf+T30+T50,0.7856824424879926,0.17219172462716392,0.14127925850579015,352,445,355
HPC_flow_mod,HPC,HP,Nf+T30+P15,0.6005705933213485,0.5350819129623823,0.5090593671515593,352,445,355
HPC_flow_mod,HPC,HP,Nf+T30+P21,0.6005705933213468,0.5351684965084049,0.5091679014558206,352,445,355
HPC_flow_mod,HPC,HP,Nf+T30+P24,0.609008271191324,0.45838676542422496,0.44909755565561726,352,445,355
HPC_flow_mod,HPC,HP,Nf+T30+Ps30,0.8405165552600364,0.44586609999168614,0.3749958319188893,352,445,355
HPC_flow_mod,HPC,HP,Nf+T30+P40,0.8363200131747919,0.42721015938633133,0.3323378981849189,352,445,355
HPC_flow_mod,HPC,HP,Nf+T30+P50,0.6847387208267823,0.3728907923225929,0.3608249474367935,352,445,355
HPC_flow_mod,HPC,HP,Nf+T48+T50,0.8085550300774802,-0.15886283926451905,-0.2013017362106304,352,445,355
HPC_flow_mod,HPC,HP,Nf+T48+P15,0.7061008915624079,0.07702534862820687,0.04444946756757295,352,445,355
HPC_flow_mod,HPC,HP,Nf+T48+P21,0.706100891562017,0.07703473520353088,0.044461233837969516,352,445,355
HPC_flow_mod,HPC,HP,Nf+T48+P24,0.5757031099838257,0.004698496630570981,-0.06579432347350433,352,445,355
HPC_flow_mod,HPC,HP,Nf+T48+Ps30,0.5304370977730197,0.26012116087393033,0.2063930676111264,352,445,355
HPC_flow_mod,HPC,HP,Nf+T48+P40,0.588957291197415,0.01748624393282705,-0.03209009502760041,352,445,355
HPC_flow_mod,HPC,HP,Nf+T48+P50,0.725531622881687,-0.06779985696985835,-0.15715851235534162,352,445,355
HPC_flow_mod,HPC,HP,Nf+T50+P15,0.5492265230734275,0.18043142710832294,0.09081430555883097,352,445,355
HPC_flow_mod,HPC,HP,Nf+T50+P21,0.549226523072883,0.18051615291196477,0.09092051114362121,352,445,355
HPC_flow_mod,HPC,HP,Nf+T50+P24,0.5395635527619493,-0.24947879608898105,-0.31973846155168806,352,445,355
HPC_flow_mod,HPC,HP,Nf+T50+Ps30,0.5865103028139124,-0.2070203181799688,-0.2708622356397894,352,445,355
HPC_flow_mod,HPC,HP,Nf+T50+P40,0.6396236397836317,0.2310324817102446,0.2368398874697436,352,445,355
HPC_flow_mod,HPC,HP,Nf+T50+P50,0.5471788454530133,-0.06263297569853266,-0.0971090672602426,352,445,355
HPC_flow_mod,HPC,HP,Nf+P15+P21,0.34160600913742706,0.36019180914008675,0.3263658685889389,352,445,355
HPC_flow_mod,HPC,HP,Nf+P15+P24,0.31466392221240025,0.21701445046075707,0.2204497057874144,352,445,355
HPC_flow_mod,HPC,HP,Nf+P15+Ps30,0.22232071637917467,-0.04528936308567921,0.045080168094663864,352,445,355
HPC_flow_mod,HPC,HP,Nf+P15+P40,0.26771662429601506,0.20956740086845005,0.23130978449912554,352,445,355
HPC_flow_mod,HPC,HP,Nf+P15+P50,0.20943549146292512,-0.09947943765479228,-0.08628559079748399,352,445,355
HPC_flow_mod,HPC,HP,Nf+P21+P24,0.31466392221179584,0.21711573000397544,0.2205766618347521,352,445,355
HPC_flow_mod,HPC,HP,Nf+P21+Ps30,0.22232071637949574,-0.04533577678956413,0.04502198753589004,352,445,355
HPC_flow_mod,HPC,HP,Nf+P21+P40,0.26771662429553506,0.20949290020221378,0.23121639634021984,352,445,355
HPC_flow_mod,HPC,HP,Nf+P21+P50,0.20943549146348683,-0.09989441228017126,-0.08680577025774272,352,445,355
HPC_flow_mod,HPC,HP,Nf+P24+Ps30,0.15466118557182185,0.10132583785518712,0.09936255276649975,352,445,355
HPC_flow_mod,HPC,HP,Nf+P24+P40,0.3179257655729814,-0.11341910413412926,-0.07172175106146539,352,445,355
HPC_flow_mod,HPC,HP,Nf+P24+P50,0.2490702646410819,-0.25828564477585414,-0.2527884360926973,352,445,355
HPC_flow_mod,HPC,HP,Nf+Ps30+P40,0.413623140544739,0.14632612155636715,0.13697108225763588,352,445,355
HPC_flow_mod,HPC,HP,Nf+Ps30+P50,0.09462696189056577,0.036269701207328864,0.0018236314379617147,352,445,355
HPC_flow_mod,HPC,HP,Nf+P40+P50,0.10109439341505859,-0.27145714472258997,-0.31909269084094194,352,445,355
HPC_flow_mod,HPC,HP,Nc+T24+T30,0.5549332568328651,0.4717417522160877,0.42327755679351153,352,445,355
HPC_flow_mod,HPC,HP,Nc+T24+T48,0.26234955993550746,0.31910879311506646,0.33921700429142776,352,445,355
HPC_flow_mod,HPC,HP,Nc+T24+T50,0.7287795805776319,0.08328224104243154,0.030231841748956212,352,445,355
HPC_flow_mod,HPC,HP,Nc+T24+P15,0.3739413579540144,0.2597885108113994,0.2436264790085555,352,445,355
HPC_flow_mod,HPC,HP,Nc+T24+P21,0.37394135795410477,0.2599135761027118,0.2437832509933,352,445,355
HPC_flow_mod,HPC,HP,Nc+T24+P24,0.09686655833406484,0.1968080997715379,0.07370047061200447,352,445,355
HPC_flow_mod,HPC,HP,Nc+T24+Ps30,0.4540794061006258,0.35895607634615534,0.3444146361913949,352,445,355
HPC_flow_mod,HPC,HP,Nc+T24+P40,0.16839756001487147,0.5153748678160996,0.4918834258302276,352,445,355
HPC_flow_mod,HPC,HP,Nc+T24+P50,0.49733125746178086,0.4225176601537185,0.3907915313966134,352,445,355
HPC_flow_mod,HPC,HP,Nc+T30+T48,0.4894844705745734,0.5852055953861333,0.5341718428683411,352,445,355
HPC_flow_mod,HPC,HP,Nc+T30+T50,0.4502822623535499,0.29576220515272944,0.2801003313054391,352,445,355
HPC_flow_mod,HPC,HP,Nc+T30+P15,0.6914234024845033,0.3641331634713929,0.2912293607767569,352,445,355
HPC_flow_mod,HPC,HP,Nc+T30+P21,0.6914234024849678,0.36412865663213434,0.2912237113584414,352,445,355
HPC_flow_mod,HPC,HP,Nc+T30+P24,0.596075150330222,0.4719705125738404,0.4153864565061498,352,445,355
HPC_flow_mod,HPC,HP,Nc+T30+Ps30,0.8454321564952506,0.605365792582681,0.5732440001736767,352,445,355
HPC_flow_mod,HPC,HP,Nc+T30+P40,0.8812553592777309,0.5526963909643117,0.506330575424351,352,445,355
HPC_flow_mod,HPC,HP,Nc+T30+P50,0.803062537637121,0.2610039622909309,0.1644950126619108,352,445,355
HPC_flow_mod,HPC,HP,Nc+T48+T50,0.5840360758142578,0.22417957695260438,0.17175605639428915,352,445,355
HPC_flow_mod,HPC,HP,Nc+T48+P15,0.1331904894119847,0.009068524268620815,-0.05038910142089881,352,445,355
HPC_flow_mod,HPC,HP,Nc+T48+P21,0.13319048941266812,0.009160702560334633,-0.05027355398479205,352,445,355
HPC_flow_mod,HPC,HP,Nc+T48+P24,0.3618936549867479,0.08739563980065157,-0.027857855972979184,352,445,355
HPC_flow_mod,HPC,HP,Nc+T48+Ps30,0.42806984312795276,0.3926061286739355,0.3467470029793237,352,445,355
HPC_flow_mod,HPC,HP,Nc+T48+P40,0.5709775027828259,0.25551206269473614,0.24410207202623813,352,445,355
HPC_flow_mod,HPC,HP,Nc+T48+P50,0.4706176249852617,0.2382056133845255,0.18181013171340976,352,445,355
HPC_flow_mod,HPC,HP,Nc+T50+P15,0.5177150764813649,-0.11423376184326561,-0.1582133934006933,352,445,355
HPC_flow_mod,HPC,HP,Nc+T50+P21,0.5177150764817626,-0.1141547328639756,-0.15811432890554067,352,445,355
HPC_flow_mod,HPC,HP,Nc+T50+P24,0.5673768090266768,0.2585952826671649,0.2179757351285877,352,445,355
HPC_flow_mod,HPC,HP,Nc+T50+Ps30,0.1690355789901846,0.4020014703234084,0.35187632815863235,352,445,355
HPC_flow_mod,HPC,HP,Nc+T50+P40,0.4049559984244898,0.4571987877615564,0.4056372350548363,352,445,355
HPC_flow_mod,HPC,HP,Nc+T50+P50,0.19862903552308578,0.31537565961428815,0.2877107424006614,352,445,355
HPC_flow_mod,HPC,HP,Nc+P15+P21,0.23217963615299678,0.43065199615260297,0.3866386240434726,352,445,355
HPC_flow_mod,HPC,HP,Nc+P15+P24,0.38253423642938095,0.486647205152246,0.4758766153448275,352,445,355
HPC_flow_mod,HPC,HP,Nc+P15+Ps30,0.4448736064651432,0.184227218093462,0.13709341885559545,352,445,355
HPC_flow_mod,HPC,HP,Nc+P15+P40,0.5146688430788398,0.23231042972472327,0.19617579992823975,352,445,355
HPC_flow_mod,HPC,HP,Nc+P15+P50,0.28312241667821575,0.39229932320406735,0.3370928609392172,352,445,355
HPC_flow_mod,HPC,HP,Nc+P21+P24,0.38253423642936385,0.4867326508239703,0.4759837232997265,352,445,355
HPC_flow_mod,HPC,HP,Nc+P21+Ps30,0.4448736064656161,0.18433122509501354,0.13722379382936356,352,445,355
HPC_flow_mod,HPC,HP,Nc+P21+P40,0.5146688430790486,0.23233915228199165,0.196211804260643,352,445,355
HPC_flow_mod,HPC,HP,Nc+P21+P50,0.2831224166787674,0.39245495958319154,0.3372879544284909,352,445,355
HPC_flow_mod,HPC,HP,Nc+P24+Ps30,0.5162080773268694,0.5105074627938893,0.5221336114202176,352,445,355
HPC_flow_mod,HPC,HP,Nc+P24+P40,0.5668417200373004,0.2355350928077965,0.17966344587705185,352,445,355
HPC_flow_mod,HPC,HP,Nc+P24+P50,0.3958012132006439,0.4010015485375136,0.386933140235722,352,445,355
HPC_flow_mod,HPC,HP,Nc+Ps30+P40,0.057168551897139396,0.3996229431719417,0.3391212712104298,352,445,355
HPC_flow_mod,HPC,HP,Nc+Ps30+P50,0.46224488981912926,0.22219609277260943,0.10428856754502269,352,445,355
HPC_flow_mod,HPC,HP,Nc+P40+P50,0.4869716896847353,0.09783874241925761,0.025128439038148653,352,445,355
HPC_flow_mod,HPC,HP,T24+T30+T48,0.7096368592734636,0.5285265898656863,0.5078260653148917,352,445,355
HPC_flow_mod,HPC,HP,T24+T30+T50,0.8329679168683741,0.2912273235364736,0.28375762839267904,352,445,355
HPC_flow_mod,HPC,HP,T24+T30+P15,0.7228727127628918,0.46171590537761587,0.3753230987100198,352,445,355
HPC_flow_mod,HPC,HP,T24+T30+P21,0.7228727127622121,0.46181283122115924,0.3754445973026066,352,445,355
HPC_flow_mod,HPC,HP,T24+T30+P24,0.6504034113688815,0.4094984559499055,0.35512988080298047,352,445,355
HPC_flow_mod,HPC,HP,T24+T30+Ps30,0.6556574800420183,0.3869808993430567,0.3564963599336348,352,445,355
HPC_flow_mod,HPC,HP,T24+T30+P40,0.451891869218522,0.43244113647087756,0.3658449593195837,352,445,355
HPC_flow_mod,HPC,HP,T24+T30+P50,0.4349867745172613,0.4092667291762092,0.3236020660668296,352,445,355
HPC_flow_mod,HPC,HP,T24+T48+T50,0.9039843748335892,0.26607876989089463,0.2537838112848947,352,445,355
HPC_flow_mod,HPC,HP,T24+T48+P15,0.4359775898009824,-0.06772390362165481,-0.15166224245366422,352,445,355
HPC_flow_mod,HPC,HP,T24+T48+P21,0.43597758980034007,-0.06777197369671151,-0.15172249930825932,352,445,355
HPC_flow_mod,HPC,HP,T24+T48+P24,0.49433738822318585,-0.008878879358338754,-0.07155256461419568,352,445,355
HPC_flow_mod,HPC,HP,T24+T48+Ps30,0.8151083769314518,0.2981138522986514,0.2959677160382508,352,445,355
HPC_flow_mod,HPC,HP,T24+T48+P40,0.8021827415727948,0.25384241950383635,0.23081452996872154,352,445,355
HPC_flow_mod,HPC,HP,T24+T48+P50,0.5496782887910007,0.19413567493694817,0.1658770090791153,352,445,355
HPC_flow_mod,HPC,HP,T24+T50+P15,0.4661260323251605,0.14405200891306325,0.08651504949492139,352,445,355
HPC_flow_mod,HPC,HP,T24+T50+P21,0.46612603232511696,0.1440831974138964,0.08655414493954317,352,445,355
HPC_flow_mod,HPC,HP,T24+T50+P24,0.5782271555532121,-0.05819944783865716,-0.2075549559845995,352,445,355
HPC_flow_mod,HPC,HP,T24+T50+Ps30,0.727433173067007,0.07950676475201868,0.0380697407823164,352,445,355
HPC_flow_mod,HPC,HP,T24+T50+P40,0.731429531076792,0.12030404450891696,0.09275343680872672,352,445,355
HPC_flow_mod,HPC,HP,T24+T50+P50,0.3851630321591876,-0.09918427267453067,-0.151058473460842,352,445,355
HPC_flow_mod,HPC,HP,T24+P15+P21,0.5782010654528577,0.2680641311550497,0.314145117829002,352,445,355
HPC_flow_mod,HPC,HP,T24+P15+P24,0.6768277851729791,0.3118242942838957,0.3466309950919736,352,445,355
HPC_flow_mod,HPC,HP,T24+P15+Ps30,0.5128210700396189,-0.12778473337358798,-0.2484956436433403,352,445,355
HPC_flow_mod,HPC,HP,T24+P15+P40,0.5624011968244323,-0.0014427922227080447,-0.12267890069441911,352,445,355
HPC_flow_mod,HPC,HP,T24+P15+P50,0.4777271938013977,0.040600704369290974,0.027094680525694192,352,445,355
HPC_flow_mod,HPC,HP,T24+P21+P24,0.6768277851721918,0.31169923888692297,0.34647423551060597,352,445,355
HPC_flow_mod,HPC,HP,T24+P21+Ps30,0.3426945032283376,0.10383894937092142,0.040383125574252166,352,445,355
HPC_flow_mod,HPC,HP,T24+P21+P40,0.5624011968249689,-0.001366232842844095,-0.1225829318942846,352,445,355
HPC_flow_mod,HPC,HP,T24+P21+P50,0.47772719380154866,0.04054581209611052,0.027025871901687704,352,445,355
HPC_flow_mod,HPC,HP,T24+P24+Ps30,0.3529585606855262,-0.09233809849540875,-0.16340989155167174,352,445,355
HPC_flow_mod,HPC,HP,T24+P24+P40,0.04501555819387713,-0.07641229595910604,-0.12770099361391485,352,445,355
HPC_flow_mod,HPC,HP,T24+P24+P50,0.5979670463283793,0.0657357874638217,-0.00803532599309631,352,445,355
HPC_flow_mod,HPC,HP,T24+Ps30+P40,0.8200396364172395,0.27086421057581134,0.22390035057298552,352,445,355
HPC_flow_mod,HPC,HP,T24+Ps30+P50,0.4469346487764775,0.18346210616099046,0.20674602329094538,352,445,355
HPC_flow_mod,HPC,HP,T24+P40+P50,0.5748925828607647,0.08119769595400295,0.005989720679779764,352,445,355
HPC_flow_mod,HPC,HP,T30+T48+T50,0.5947164976282749,0.6028202521774386,0.5759387525810316,352,445,355
HPC_flow_mod,HPC,HP,T30+T48+P15,0.6219677314384937,0.4586984751627502,0.42195115546196493,352,445,355
HPC_flow_mod,HPC,HP,T30+T48+P21,0.6219677314386143,0.4588518476044783,0.4221434110579222,352,445,355
HPC_flow_mod,HPC,HP,T30+T48+P24,0.7605926762347734,0.46650745586348996,0.423244718348992,352,445,355
HPC_flow_mod,HPC,HP,T30+T48+Ps30,0.7478331609587728,0.4474193830666814,0.4443093396223431,352,445,355
HPC_flow_mod,HPC,HP,T30+T48+P40,0.451279342715808,0.343980317706053,0.3230755561572468,352,445,355
HPC_flow_mod,HPC,HP,T30+T48+P50,0.4853762317023659,0.3130977499464934,0.28247730145313676,352,445,355
HPC_flow_mod,HPC,HP,T30+T50+P15,0.6867544787254027,0.24678911769986422,0.1757795097460837,352,445,355
HPC_flow_mod,HPC,HP,T30+T50+P21,0.6867544787255866,0.24685337867055657,0.1758600622304064,352,445,355
HPC_flow_mod,HPC,HP,T30+T50+P24,0.5993012854795994,0.47467944016362773,0.4370872503453088,352,445,355
HPC_flow_mod,HPC,HP,T30+T50+Ps30,0.8479187673211996,0.3665225568117121,0.3759865331025114,352,445,355
HPC_flow_mod,HPC,HP,T30+T50+P40,0.6341777372062857,0.419973163348453,0.4033829349077622,352,445,355
HPC_flow_mod,HPC,HP,T30+T50+P50,0.5676789516890055,0.3365633818212861,0.30717309084510136,352,445,355
HPC_flow_mod,HPC,HP,T30+P15+P21,0.743346795492878,0.714777795640265,0.7295192271141373,352,445,355
HPC_flow_mod,HPC,HP,T30+P15+P24,0.7473040579195336,0.634127138378515,0.6033084680151095,352,445,355
HPC_flow_mod,HPC,HP,T30+P15+Ps30,0.4745407411441769,0.42710132128251077,0.3902820877844545,352,445,355
HPC_flow_mod,HPC,HP,T30+P15+P40,0.49113924748166726,0.662373555433482,0.6460413419938555,352,445,355
HPC_flow_mod,HPC,HP,T30+P15+P50,0.6465661413125349,0.5464145528299013,0.5710633723508789,352,445,355
HPC_flow_mod,HPC,HP,T30+P21+P24,0.7473040579201856,0.6341142612606775,0.6032923262759226,352,445,355
HPC_flow_mod,HPC,HP,T30+P21+Ps30,0.47454074114439493,0.42706490611443404,0.3902364406018962,352,445,355
HPC_flow_mod,HPC,HP,T30+P21+P40,0.49113924748211507,0.6622908185630063,0.6459376295787892,352,445,355
HPC_flow_mod,HPC,HP,T30+P21+P50,0.6465661413118211,0.5464567530805036,0.5711162712565052,352,445,355
HPC_flow_mod,HPC,HP,T30+P24+Ps30,0.8022746714027175,0.5751227829018384,0.5283258610068553,352,445,355
HPC_flow_mod,HPC,HP,T30+P24+P40,0.5144304211633253,0.4235310876134235,0.4033296359906956,352,445,355
HPC_flow_mod,HPC,HP,T30+P24+P50,0.7058579675798208,0.4957887565420488,0.47842518919447596,352,445,355
HPC_flow_mod,HPC,HP,T30+Ps30+P40,0.5242847066681702,0.44333343761300203,0.3808435590922574,352,445,355
HPC_flow_mod,HPC,HP,T30+Ps30+P50,0.6072212319605713,0.28254923399087883,0.22202348505176694,352,445,355
HPC_flow_mod,HPC,HP,T30+P40+P50,0.8247842014805185,0.4155882398010484,0.38976653930660465,352,445,355
HPC_flow_mod,HPC,HP,T48+T50+P15,0.678028295289696,-0.2506389569944556,-0.33424125544199024,352,445,355
HPC_flow_mod,HPC,HP,T48+T50+P21,0.678028295289847,-0.2503899141571322,-0.33392907498408,352,445,355
HPC_flow_mod,HPC,HP,T48+T50+P24,0.4915944526787758,-0.17947566609198562,-0.23561570572046242,352,445,355
HPC_flow_mod,HPC,HP,T48+T50+Ps30,0.7211496582372344,-0.1502704221296387,-0.15599038015627653,352,445,355
HPC_flow_mod,HPC,HP,T48+T50+P40,0.5477636164295526,-0.23610948441524116,-0.23699665735690179,352,445,355
HPC_flow_mod,HPC,HP,T48+T50+P50,0.7866305381801566,-0.14114865532250254,-0.1822571787797722,352,445,355
HPC_flow_mod,HPC,HP,T48+P15+P21,0.7512350502978831,-0.012799879426792948,0.07884063745025927,352,445,355
HPC_flow_mod,HPC,HP,T48+P15+P24,0.7238353189543363,0.011532856840182126,-0.020572057324411253,352,445,355
HPC_flow_mod,HPC,HP,T48+P15+Ps30,0.6458497480926884,0.037175034471870094,-0.0005824306392210321,352,445,355
HPC_flow_mod,HPC,HP,T48+P15+P40,0.6796654367902567,-0.026216961333507482,-0.13261636239498653,352,445,355
HPC_flow_mod,HPC,HP,T48+P15+P50,0.5578581845060773,0.06145509572124552,0.06362439492868932,352,445,355
HPC_flow_mod,HPC,HP,T48+P21+P24,0.7238353189529482,0.011214301525646397,-0.020971373140723726,352,445,355
HPC_flow_mod,HPC,HP,T48+P21+Ps30,0.6458497480928207,0.03714886434331166,-0.0006152354482864553,352,445,355
HPC_flow_mod,HPC,HP,T48+P21+P40,0.6796654367903716,-0.02634587150498846,-0.13277795401845216,352,445,355
HPC_flow_mod,HPC,HP,T48+P21+P50,0.5578581845063193,0.06133622629438862,0.06347538959042243,352,445,355
HPC_flow_mod,HPC,HP,T48+P24+Ps30,0.4177814706614128,-0.09109317667712835,-0.17845608999776785,352,445,355
HPC_flow_mod,HPC,HP,T48+P24+P40,0.6776288142483622,-0.06926037223096171,-0.22066274518540796,352,445,355
HPC_flow_mod,HPC,HP,T48+P24+P50,0.21382645725018778,-0.021949229828486017,-0.13058079281982726,352,445,355
HPC_flow_mod,HPC,HP,T48+Ps30+P40,0.5714030296919885,0.013370655686073651,-0.04518439283000908,352,445,355
HPC_flow_mod,HPC,HP,T48+Ps30+P50,0.5804231881852417,0.13039400267625068,0.1585613457102384,352,445,355
HPC_flow_mod,HPC,HP,T48+P40+P50,0.7584555972009503,-0.0522343193909538,-0.14015578130009,352,445,355
HPC_flow_mod,HPC,HP,T50+P15+P21,0.9137185349417992,0.04581711835043256,0.0297302992940659,352,445,355
HPC_flow_mod,HPC,HP,T50+P15+P24,0.917177492849995,0.028415879858928128,0.007577374334715503,352,445,355
HPC_flow_mod,HPC,HP,T50+P15+Ps30,0.6084603317113546,0.01926276850234132,-0.05332827572842991,352,445,355
HPC_flow_mod,HPC,HP,T50+P15+P40,0.39751893686247575,0.016635985908205808,-0.07045262273431918,352,445,355
HPC_flow_mod,HPC,HP,T50+P15+P50,0.7600437490303145,-0.02023528619735493,-0.022087929250681704,352,445,355
HPC_flow_mod,HPC,HP,T50+P21+P24,0.9171774928503098,0.028449769378536716,0.007619855563846811,352,445,355
HPC_flow_mod,HPC,HP,T50+P21+Ps30,0.6084603317117793,0.01916749416633401,-0.05344770412132549,352,445,355
HPC_flow_mod,HPC,HP,T50+P21+P40,0.397518936862458,0.016470014651759124,-0.07066067121073538,352,445,355
HPC_flow_mod,HPC,HP,T50+P21+P50,0.7600437490297575,-0.02013962651112844,-0.021968017813294605,352,445,355
HPC_flow_mod,HPC,HP,T50+P24+Ps30,0.35766719273203107,-0.12643936840532866,-0.22965757504626727,352,445,355
HPC_flow_mod,HPC,HP,T50+P24+P40,0.26533351509088754,-0.15499745445094115,-0.29117865560937917,352,445,355
HPC_flow_mod,HPC,HP,T50+P24+P50,0.30757343684413635,0.02883465475366087,-0.07490833766934268,352,445,355
HPC_flow_mod,HPC,HP,T50+Ps30+P40,0.7708642271936117,0.040015510244983066,0.0279328149226844,352,445,355
HPC_flow_mod,HPC,HP,T50+Ps30+P50,0.3827552529496469,-0.21148974630190742,-0.29063888510563185,352,445,355
HPC_flow_mod,HPC,HP,T50+P40+P50,0.5560458859902886,0.13487663202498423,0.05056978962218439,352,445,355
HPC_flow_mod,HPC,HP,P15+P21+P24,0.1609983359371888,-0.10713680577488205,-0.14697954296641846,352,445,355
HPC_flow_mod,HPC,HP,P15+P21+Ps30,0.1963856357430724,0.33667021637512784,0.37409950736871456,352,445,355
HPC_flow_mod,HPC,HP,P15+P21+P40,0.3447680875846202,0.1133592989970621,0.17434367494112357,352,445,355
HPC_flow_mod,HPC,HP,P15+P21+P50,0.13420868557784216,0.10958532354192985,0.08993169193985362,352,445,355
HPC_flow_mod,HPC,HP,P15+P24+Ps30,0.18811816198060308,0.23684942118376628,0.27523086483872006,352,445,355
HPC_flow_mod,HPC,HP,P15+P24+P40,0.2954619322220333,0.07662744110649156,0.08417125650353041,352,445,355
HPC_flow_mod,HPC,HP,P15+P24+P50,0.2560029119026667,-0.2799489990271202,-0.45615319467255677,352,445,355
HPC_flow_mod,HPC,HP,P15+Ps30+P40,0.5165430521985402,0.044188974913239254,0.13202272956110006,352,445,355
HPC_flow_mod,HPC,HP,P15+Ps30+P50,0.33811251571310164,0.2031451541249104,0.20638234592944726,352,445,355
HPC_flow_mod,HPC,HP,P15+P40+P50,0.21402242308997996,0.3197761507519289,0.3190521422843571,352,445,355
HPC_flow_mod,HPC,HP,P21+P24+Ps30,0.1881181619773197,0.23661792583396601,0.2749406805273803,352,445,355
HPC_flow_mod,HPC,HP,P21+P24+P40,0.2002902933748695,0.07619385227629427,0.050005471795541934,352,445,355
HPC_flow_mod,HPC,HP,P21+P24+P50,0.2560029119006543,-0.2800276821356684,-0.4562518256111179,352,445,355
HPC_flow_mod,HPC,HP,P21+Ps30+P40,0.5165430521990468,0.04416958975774876,0.1319984298590422,352,445,355
HPC_flow_mod,HPC,HP,P21+Ps30+P50,0.3381125157138872,0.2031906000848761,0.2064393134003123,352,445,355
HPC_flow_mod,HPC,HP,P21+P40+P50,0.2140224230907363,0.31967769256628165,0.31892872286853213,352,445,355
HPC_flow_mod,HPC,HP,P24+Ps30+P40,0.3941295093997491,-0.13390333491003203,-0.16668000239762515,352,445,355
HPC_flow_mod,HPC,HP,P24+Ps30+P50,0.29682125766396805,0.23088065778235267,0.2310893251592282,352,445,355
HPC_flow_mod,HPC,HP,P24+P40+P50,0.3926642544647415,0.27115413988791104,0.266721774494621,352,445,355
HPC_flow_mod,HPC,HP,Ps30+P40+P50,0.21273654398506694,0.1456526078148399,0.1818930824055005,352,445,355
HPT_eff_mod,HPT,HP,Wf+Nf+Nc,0.7989745849662934,0.4962103579201894,0.5029974576999854,476,321,236
HPT_eff_mod,HPT,HP,Wf+Nf+T24,0.6881495496230235,0.12263002981363857,0.12589889538344368,476,321,236
HPT_eff_mod,HPT,HP,Wf+Nf+T30,0.6297611031707421,0.31370615716886996,0.21481298584928654,476,321,236
HPT_eff_mod,HPT,HP,Wf+Nf+T48,0.8319753365976535,0.039792706777836306,0.03230058714895501,476,321,236
HPT_eff_mod,HPT,HP,Wf+Nf+T50,0.8530194867068844,0.1425583177490911,0.15476867086086843,476,321,236
HPT_eff_mod,HPT,HP,Wf+Nf+P15,0.6452847163967037,0.2011870863786469,0.23936758425991,476,321,236
HPT_eff_mod,HPT,HP,Wf+Nf+P21,0.645284716396867,0.20120853365424984,0.23939675619000755,476,321,236
HPT_eff_mod,HPT,HP,Wf+Nf+P24,0.7011720607769424,0.1429313125353131,0.13769113043035242,476,321,236
HPT_eff_mod,HPT,HP,Wf+Nf+Ps30,0.7561098340538221,0.1776589613654469,0.19220390872649618,476,321,236
HPT_eff_mod,HPT,HP,Wf+Nf+P40,0.7817688941788941,0.1876149215304157,0.2293411304983496,476,321,236
HPT_eff_mod,HPT,HP,Wf+Nf+P50,0.697761051646957,0.2042629220635488,0.2739953809433141,476,321,236
HPT_eff_mod,HPT,HP,Wf+Nc+T24,0.8378748260808788,0.5435357155541919,0.48048057752918294,476,321,236
HPT_eff_mod,HPT,HP,Wf+Nc+T30,0.9122034275519048,0.5353327992494977,0.5011312510887167,476,321,236
HPT_eff_mod,HPT,HP,Wf+Nc+T48,0.9432483747335745,0.6253071685118142,0.5800864677916044,476,321,236
HPT_eff_mod,HPT,HP,Wf+Nc+T50,0.9654848264777272,0.6038921610679052,0.5753862994621799,476,321,236
HPT_eff_mod,HPT,HP,Wf+Nc+P15,0.5438060494209539,0.257104810901866,0.34919623870771477,476,321,236
HPT_eff_mod,HPT,HP,Wf+Nc+P21,0.5305096429739002,0.2628002881221718,0.46594343548989015,476,321,236
HPT_eff_mod,HPT,HP,Wf+Nc+P24,0.9046797725202277,0.5757551792317954,0.6068428320452839,476,321,236
HPT_eff_mod,HPT,HP,Wf+Nc+Ps30,0.8313764966693853,0.582403180422602,0.614585051359431,476,321,236
HPT_eff_mod,HPT,HP,Wf+Nc+P40,0.8903022543827184,0.5656751284384585,0.5375375939659464,476,321,236
HPT_eff_mod,HPT,HP,Wf+Nc+P50,0.7846405948376435,0.4196268144698776,0.431523479196126,476,321,236
HPT_eff_mod,HPT,HP,Wf+T24+T30,0.8545210446623903,0.4052829474208316,0.4148147250453148,476,321,236
HPT_eff_mod,HPT,HP,Wf+T24+T48,0.7142890499937252,0.1588872710637017,0.21206419278015343,476,321,236
HPT_eff_mod,HPT,HP,Wf+T24+T50,0.7870318100023959,0.13988831093355425,0.20329753170004627,476,321,236
HPT_eff_mod,HPT,HP,Wf+T24+P15,0.8024787441800426,0.17425704966876543,0.26432683762505604,476,321,236
HPT_eff_mod,HPT,HP,Wf+T24+P21,0.8024787441807122,0.17424068944160365,0.2643045849431943,476,321,236
HPT_eff_mod,HPT,HP,Wf+T24+P24,0.6076407571573303,0.11345757087749986,0.17232324345194394,476,321,236
HPT_eff_mod,HPT,HP,Wf+T24+Ps30,0.7756552671493779,0.23489362159513827,0.3682723250778268,476,321,236
HPT_eff_mod,HPT,HP,Wf+T24+P40,0.7500802361011055,0.2886030549097506,0.3972961251304564,476,321,236
HPT_eff_mod,HPT,HP,Wf+T24+P50,0.818665049755011,0.16898414938456474,0.31075952930950757,476,321,236
HPT_eff_mod,HPT,HP,Wf+T30+T48,0.8942161768012634,0.5569358589475093,0.5012348088653025,476,321,236
HPT_eff_mod,HPT,HP,Wf+T30+T50,0.7979039210520601,0.6187782291988815,0.5525893451709099,476,321,236
HPT_eff_mod,HPT,HP,Wf+T30+P15,0.6919687952629969,0.3604261851525241,0.42367788370483084,476,321,236
HPT_eff_mod,HPT,HP,Wf+T30+P21,0.6919687952636925,0.36042282603831255,0.42367331474017245,476,321,236
HPT_eff_mod,HPT,HP,Wf+T30+P24,0.5978850373055874,0.40182723702171896,0.39865056917203856,476,321,236
HPT_eff_mod,HPT,HP,Wf+T30+Ps30,0.7232579038210953,0.47991020843250276,0.474067015656241,476,321,236
HPT_eff_mod,HPT,HP,Wf+T30+P40,0.7507812478154285,0.5532360762281396,0.6005203004333879,476,321,236
HPT_eff_mod,HPT,HP,Wf+T30+P50,0.18401382687001014,0.27759846550346723,0.29867655769475887,476,321,236
HPT_eff_mod,HPT,HP,Wf+T48+T50,0.9699939250962374,0.15922924957034268,0.19868642977557605,476,321,236
HPT_eff_mod,HPT,HP,Wf+T48+P15,0.8870898350541759,0.29774568389604217,0.40250161962278075,476,321,236
HPT_eff_mod,HPT,HP,Wf+T48+P21,0.8870898350542548,0.29776023246516936,0.402521408142707,476,321,236
HPT_eff_mod,HPT,HP,Wf+T48+P24,0.831510594487809,0.08256788355905598,0.03959781447260169,476,321,236
HPT_eff_mod,HPT,HP,Wf+T48+Ps30,0.8589175769674083,0.22896232329810917,0.35419737544381447,476,321,236
HPT_eff_mod,HPT,HP,Wf+T48+P40,0.942642979727238,0.30503952341927865,0.3826431737980538,476,321,236
HPT_eff_mod,HPT,HP,Wf+T48+P50,0.8586630310487184,0.12905150521866848,0.19722398197457192,476,321,236
HPT_eff_mod,HPT,HP,Wf+T50+P15,0.8929645068656863,0.22498168660536955,0.2778438145355908,476,321,236
HPT_eff_mod,HPT,HP,Wf+T50+P21,0.8929645068656997,0.22499396561422524,0.2778605160687223,476,321,236
HPT_eff_mod,HPT,HP,Wf+T50+P24,0.8091774784228268,0.09975918849185195,0.062107901008849886,476,321,236
HPT_eff_mod,HPT,HP,Wf+T50+Ps30,0.8015467911639671,0.23266176980271203,0.3075965327459569,476,321,236
HPT_eff_mod,HPT,HP,Wf+T50+P40,0.7455342363388652,0.21859174288771044,0.24259414732162632,476,321,236
HPT_eff_mod,HPT,HP,Wf+T50+P50,0.9251381415939235,0.23222063294977335,0.2904049674016599,476,321,236
HPT_eff_mod,HPT,HP,Wf+P15+P21,0.7387347871086787,-0.01315128306391733,0.00522889037852492,476,321,236
HPT_eff_mod,HPT,HP,Wf+P15+P24,0.6198639522456111,0.04365206353718454,0.1276637414641858,476,321,236
HPT_eff_mod,HPT,HP,Wf+P15+Ps30,0.7111636621378166,0.10533574559931869,0.14324698050909768,476,321,236
HPT_eff_mod,HPT,HP,Wf+P15+P40,0.863190399245534,0.2596054151030155,0.29587711165795294,476,321,236
HPT_eff_mod,HPT,HP,Wf+P15+P50,0.7369296932360644,0.05153328578850469,0.05537323547366224,476,321,236
HPT_eff_mod,HPT,HP,Wf+P21+P24,0.619863952246539,0.04353789827684995,0.12750845736053473,476,321,236
HPT_eff_mod,HPT,HP,Wf+P21+Ps30,0.711163662138225,0.10525917448451227,0.14314283081505275,476,321,236
HPT_eff_mod,HPT,HP,Wf+P21+P40,0.863190399245552,0.2595780306686253,0.29583986418582986,476,321,236
HPT_eff_mod,HPT,HP,Wf+P21+P50,0.736929693236891,0.05147654914177524,0.0552960640175727,476,321,236
HPT_eff_mod,HPT,HP,Wf+P24+Ps30,0.7004472489646719,0.22644560473884556,0.20912430414924554,476,321,236
HPT_eff_mod,HPT,HP,Wf+P24+P40,0.7216737879023878,0.24327813370180795,0.2816043210379906,476,321,236
HPT_eff_mod,HPT,HP,Wf+P24+P50,0.6893018364127671,0.18128697427814788,0.2938508192259426,476,321,236
HPT_eff_mod,HPT,HP,Wf+Ps30+P40,0.7278242316978398,0.17010403144333075,0.26364450605936995,476,321,236
HPT_eff_mod,HPT,HP,Wf+Ps30+P50,0.7414893726447253,0.1943650313409918,0.24196521713328323,476,321,236
HPT_eff_mod,HPT,HP,Wf+P40+P50,0.7682490593165748,0.19385129341387242,0.23792374086452495,476,321,236
HPT_eff_mod,HPT,HP,Nf+Nc+T24,0.7711466332560007,0.5603722419525783,0.5516807497870182,476,321,236
HPT_eff_mod,HPT,HP,Nf+Nc+T30,0.8307918852631101,0.4937640348952421,0.45383775966990914,476,321,236
HPT_eff_mod,HPT,HP,Nf+Nc+T48,0.8906374586483012,0.46407953089964293,0.41598153469904864,476,321,236
HPT_eff_mod,HPT,HP,Nf+Nc+T50,0.9144280242608173,0.37104984014192377,0.2815391333561553,476,321,236
HPT_eff_mod,HPT,HP,Nf+Nc+P15,0.7539720334602922,0.4198850891482936,0.47431211024816977,476,321,236
HPT_eff_mod,HPT,HP,Nf+Nc+P21,0.7539720334608111,0.41997102239843886,0.4744289940331978,476,321,236
HPT_eff_mod,HPT,HP,Nf+Nc+P24,0.671999641665754,0.5956028621044149,0.571538612449981,476,321,236
HPT_eff_mod,HPT,HP,Nf+Nc+Ps30,0.7377484025192695,0.6060470578386912,0.6151150442214217,476,321,236
HPT_eff_mod,HPT,HP,Nf+Nc+P40,0.745790627215826,0.5540426813081762,0.5492524529614151,476,321,236
HPT_eff_mod,HPT,HP,Nf+Nc+P50,0.6792559594941859,0.4740682649715877,0.4947531697093145,476,321,236
HPT_eff_mod,HPT,HP,Nf+T24+T30,0.8456433817948736,0.4734002781329889,0.5090205792615865,476,321,236
HPT_eff_mod,HPT,HP,Nf+T24+T48,0.9168671142086132,0.04065473005449838,0.06993110357211951,476,321,236
HPT_eff_mod,HPT,HP,Nf+T24+T50,0.7913232390514516,-0.06493353732375029,-0.09453428088688143,476,321,236
HPT_eff_mod,HPT,HP,Nf+T24+P15,0.6400633198180474,-0.004767707536381893,-0.01920115189866256,476,321,236
HPT_eff_mod,HPT,HP,Nf+T24+P21,0.6400633198185207,-0.004790862862825707,-0.019232647067286113,476,321,236
HPT_eff_mod,HPT,HP,Nf+T24+P24,0.6722531991581384,0.039653813978422825,0.1304106337234714,476,321,236
HPT_eff_mod,HPT,HP,Nf+T24+Ps30,0.5058476672689378,0.18726477766951866,0.32214043678185,476,321,236
HPT_eff_mod,HPT,HP,Nf+T24+P40,0.5011760972646833,0.144483596471507,0.2353024857506556,476,321,236
HPT_eff_mod,HPT,HP,Nf+T24+P50,0.6851575658778676,0.13844611014084407,0.26053175929443007,476,321,236
HPT_eff_mod,HPT,HP,Nf+T30+T48,0.8992880400420514,0.5525734130121804,0.5139953721618475,476,321,236
HPT_eff_mod,HPT,HP,Nf+T30+T50,0.7701743182806384,0.27208707523706177,0.33161902891228634,476,321,236
HPT_eff_mod,HPT,HP,Nf+T30+P15,0.40032559097516257,0.1181305608498685,0.137058569430472,476,321,236
HPT_eff_mod,HPT,HP,Nf+T30+P21,0.4003255909754785,0.11819943015937473,0.1371522433640121,476,321,236
HPT_eff_mod,HPT,HP,Nf+T30+P24,0.37127432722705195,0.34113131611228475,0.4267585136618969,476,321,236
HPT_eff_mod,HPT,HP,Nf+T30+Ps30,0.6291584657031037,0.29222572595048135,0.3290202112951587,476,321,236
HPT_eff_mod,HPT,HP,Nf+T30+P40,0.6491939678435166,0.3142849605250375,0.3145299582584776,476,321,236
HPT_eff_mod,HPT,HP,Nf+T30+P50,0.3915083566088448,0.07378411100417226,0.204094303225966,476,321,236
HPT_eff_mod,HPT,HP,Nf+T48+T50,0.9102863704953934,0.1239544257988685,0.05801553122114622,476,321,236
HPT_eff_mod,HPT,HP,Nf+T48+P15,0.8430224370185522,0.077393829471192,0.132770143842314,476,321,236
HPT_eff_mod,HPT,HP,Nf+T48+P21,0.8430224370182504,0.0775091498047994,0.13292699904181415,476,321,236
HPT_eff_mod,HPT,HP,Nf+T48+P24,0.8530076452935499,0.00403759557479022,0.03998952863400196,476,321,236
HPT_eff_mod,HPT,HP,Nf+T48+Ps30,0.8619645990371524,0.10578837871707636,0.13461550718393844,476,321,236
HPT_eff_mod,HPT,HP,Nf+T48+P40,0.8386596145806664,0.19136132083074553,0.1592509284972229,476,321,236
HPT_eff_mod,HPT,HP,Nf+T48+P50,0.8720887166922208,0.08056165451633168,0.08293179956065122,476,321,236
HPT_eff_mod,HPT,HP,Nf+T50+P15,0.8205437220002443,0.06302419437362561,0.06555757060017631,476,321,236
HPT_eff_mod,HPT,HP,Nf+T50+P21,0.8205437220001877,0.06326548953532929,0.06588577291776354,476,321,236
HPT_eff_mod,HPT,HP,Nf+T50+P24,0.7243591690810973,0.03556039328997451,0.030734141456125186,476,321,236
HPT_eff_mod,HPT,HP,Nf+T50+Ps30,0.8193125919218832,0.08803998481784847,0.12945796847651936,476,321,236
HPT_eff_mod,HPT,HP,Nf+T50+P40,0.8290785989547647,0.1579391705372194,0.09338121494954577,476,321,236
HPT_eff_mod,HPT,HP,Nf+T50+P50,0.8443813309964477,0.03343481206450105,0.08009576598900037,476,321,236
HPT_eff_mod,HPT,HP,Nf+P15+P21,0.14139927117941978,0.03334111745513657,0.024252711942473693,476,321,236
HPT_eff_mod,HPT,HP,Nf+P15+P24,0.36767347563015684,0.07682444970667712,0.18688059854962458,476,321,236
HPT_eff_mod,HPT,HP,Nf+P15+Ps30,0.43217703413625813,0.12568351824988466,0.19579037443324288,476,321,236
HPT_eff_mod,HPT,HP,Nf+P15+P40,0.5577314238508261,0.23880195156500428,0.25139728080718904,476,321,236
HPT_eff_mod,HPT,HP,Nf+P15+P50,0.03897909414915085,0.03048907866219852,0.00558032804019859,476,321,236
HPT_eff_mod,HPT,HP,Nf+P21+P24,0.42121704545437344,0.07076643924263992,0.09757844346768607,476,321,236
HPT_eff_mod,HPT,HP,Nf+P21+Ps30,0.4321770341362212,0.12547808993970377,0.19551095711344824,476,321,236
HPT_eff_mod,HPT,HP,Nf+P21+P40,0.5577314238528708,0.238512785874459,0.25100396645746503,476,321,236
HPT_eff_mod,HPT,HP,Nf+P21+P50,0.03897909414817944,0.030194348301966656,0.00517944479625343,476,321,236
HPT_eff_mod,HPT,HP,Nf+P24+Ps30,0.40329601466551274,0.20194683742374153,0.18622534340350794,476,321,236
HPT_eff_mod,HPT,HP,Nf+P24+P40,0.47653362155124707,0.24687319872990732,0.2679816078809829,476,321,236
HPT_eff_mod,HPT,HP,Nf+P24+P50,0.30931792254745405,0.1609484806800029,0.09321114419359655,476,321,236
HPT_eff_mod,HPT,HP,Nf+Ps30+P40,0.46103628230560295,0.20070066281796006,0.2504022592769326,476,321,236
HPT_eff_mod,HPT,HP,Nf+Ps30+P50,0.3253129124666407,0.063313674725191,0.005693844061843922,476,321,236
HPT_eff_mod,HPT,HP,Nf+P40+P50,0.3686075657788287,0.14530033145317178,0.1457529958499505,476,321,236
HPT_eff_mod,HPT,HP,Nc+T24+T30,0.9121524956602209,0.6350562007440392,0.5790535715677918,476,321,236
HPT_eff_mod,HPT,HP,Nc+T24+T48,0.9020779471912227,0.5591492492208907,0.4985007937835486,476,321,236
HPT_eff_mod,HPT,HP,Nc+T24+T50,0.9305944194897514,0.6087245331418556,0.6007076485832195,476,321,236
HPT_eff_mod,HPT,HP,Nc+T24+P15,0.5878342851334387,0.4139890485949468,0.48864073294518906,476,321,236
HPT_eff_mod,HPT,HP,Nc+T24+P21,0.587834285133857,0.414035344648934,0.4887037034254045,476,321,236
HPT_eff_mod,HPT,HP,Nc+T24+P24,0.5580814912626361,0.4571370944738502,0.38243735355615416,476,321,236
HPT_eff_mod,HPT,HP,Nc+T24+Ps30,0.7421950871021129,0.5397892545490481,0.5085832879792541,476,321,236
HPT_eff_mod,HPT,HP,Nc+T24+P40,0.8010899378827914,0.48685756401564206,0.5943961274775115,476,321,236
HPT_eff_mod,HPT,HP,Nc+T24+P50,0.5592431012448993,0.46851475945541665,0.5634580527081745,476,321,236
HPT_eff_mod,HPT,HP,Nc+T30+T48,0.9040072934601628,0.6645262941134176,0.6232473996853971,476,321,236
HPT_eff_mod,HPT,HP,Nc+T30+T50,0.9265200167580552,0.5910918392213382,0.538235940382066,476,321,236
HPT_eff_mod,HPT,HP,Nc+T30+P15,0.6610736809948948,0.3990821305350716,0.46594525591308233,476,321,236
HPT_eff_mod,HPT,HP,Nc+T30+P21,0.661073680995126,0.3990554404979689,0.46590895293864343,476,321,236
HPT_eff_mod,HPT,HP,Nc+T30+P24,0.7689696791019832,0.5819643531357586,0.5880297693571475,476,321,236
HPT_eff_mod,HPT,HP,Nc+T30+Ps30,0.8208060558503636,0.6800030635797454,0.6777544508390697,476,321,236
HPT_eff_mod,HPT,HP,Nc+T30+P40,0.9193388352847421,0.5344572007396138,0.49038386392568745,476,321,236
HPT_eff_mod,HPT,HP,Nc+T30+P50,0.7333983353736626,0.46899708789046657,0.5953950134905805,476,321,236
HPT_eff_mod,HPT,HP,Nc+T48+T50,0.9497560136868088,0.5623052124945926,0.5230898735404368,476,321,236
HPT_eff_mod,HPT,HP,Nc+T48+P15,0.8237100737657317,0.35871523331312993,0.37788199504153086,476,321,236
HPT_eff_mod,HPT,HP,Nc+T48+P21,0.8237100737659659,0.35876216815978534,0.37794583438806095,476,321,236
HPT_eff_mod,HPT,HP,Nc+T48+P24,0.8468032064533509,0.4662232505514171,0.5007248738295877,476,321,236
HPT_eff_mod,HPT,HP,Nc+T48+Ps30,0.8149213191709698,0.453619549311023,0.5514263887860689,476,321,236
HPT_eff_mod,HPT,HP,Nc+T48+P40,0.9096862582952846,0.4644702387670637,0.4497823754487993,476,321,236
HPT_eff_mod,HPT,HP,Nc+T48+P50,0.7502675436330243,0.5538262285183562,0.49809079448337745,476,321,236
HPT_eff_mod,HPT,HP,Nc+T50+P15,0.6912312921342726,0.4093666154446344,0.42138559910219797,476,321,236
HPT_eff_mod,HPT,HP,Nc+T50+P21,0.6912312921344563,0.4094036571193347,0.421435982058177,476,321,236
HPT_eff_mod,HPT,HP,Nc+T50+P24,0.8723736859017431,0.5443018248665629,0.5669681697845546,476,321,236
HPT_eff_mod,HPT,HP,Nc+T50+Ps30,0.7648828915203454,0.4950315493303611,0.5228762402753018,476,321,236
HPT_eff_mod,HPT,HP,Nc+T50+P40,0.871489987110575,0.5499144942929366,0.5503432874033717,476,321,236
HPT_eff_mod,HPT,HP,Nc+T50+P50,0.7931663448662896,0.382666752868807,0.41473570511219815,476,321,236
HPT_eff_mod,HPT,HP,Nc+P15+P21,0.7374456915161207,0.5969378997424574,0.6506059481971384,476,321,236
HPT_eff_mod,HPT,HP,Nc+P15+P24,0.5481699262731796,0.3540819672726011,0.5365205494763992,476,321,236
HPT_eff_mod,HPT,HP,Nc+P15+Ps30,0.6515787757954679,0.45956000471023906,0.4653852491383178,476,321,236
HPT_eff_mod,HPT,HP,Nc+P15+P40,0.5959952266246754,0.49884598961480975,0.46678443586700824,476,321,236
HPT_eff_mod,HPT,HP,Nc+P15+P50,0.815183624371947,0.4645792803776352,0.43657119308698533,476,321,236
HPT_eff_mod,HPT,HP,Nc+P21+P24,0.548169926273045,0.35419953314125396,0.5366804589838974,476,321,236
HPT_eff_mod,HPT,HP,Nc+P21+Ps30,0.8134522305471593,0.5571797232115931,0.554741262808519,476,321,236
HPT_eff_mod,HPT,HP,Nc+P21+P40,0.6832468075261504,0.5536323423472019,0.5509031715556997,476,321,236
HPT_eff_mod,HPT,HP,Nc+P21+P50,0.8151836243719935,0.4647267184717323,0.43677173388434976,476,321,236
HPT_eff_mod,HPT,HP,Nc+P24+Ps30,0.7795291362678048,0.6141822928825342,0.6135699277681856,476,321,236
HPT_eff_mod,HPT,HP,Nc+P24+P40,0.7232481157440841,0.5301424768124062,0.5479782233389465,476,321,236
HPT_eff_mod,HPT,HP,Nc+P24+P50,0.7322992568807185,0.6322089130243536,0.6420267295167973,476,321,236
HPT_eff_mod,HPT,HP,Nc+Ps30+P40,0.7366470689531964,0.6210950851253452,0.615322889287149,476,321,236
HPT_eff_mod,HPT,HP,Nc+Ps30+P50,0.7114784557008325,0.7068383376280256,0.7463176469402062,476,321,236
HPT_eff_mod,HPT,HP,Nc+P40+P50,0.7580077684921634,0.6846994417415502,0.6770613481529276,476,321,236
HPT_eff_mod,HPT,HP,T24+T30+T48,0.7440579344164994,0.5595479899779041,0.4944346886607185,476,321,236
HPT_eff_mod,HPT,HP,T24+T30+T50,0.8612227084628434,0.5016195499102956,0.45486836203296477,476,321,236
HPT_eff_mod,HPT,HP,T24+T30+P15,0.6045493186772763,0.5022457032762175,0.4808415945284611,476,321,236
HPT_eff_mod,HPT,HP,T24+T30+P21,0.6045493186765984,0.5022901290317079,0.4809020210857611,476,321,236
HPT_eff_mod,HPT,HP,T24+T30+P24,0.6501387778396747,0.4793822538311079,0.4361734161308768,476,321,236
HPT_eff_mod,HPT,HP,T24+T30+Ps30,0.8556409275477123,0.49045405081095694,0.45846865579026586,476,321,236
HPT_eff_mod,HPT,HP,T24+T30+P40,0.7939094283633342,0.5873993625648093,0.6081368560418245,476,321,236
HPT_eff_mod,HPT,HP,T24+T30+P50,0.7687457411792702,0.4150309262910057,0.459042790246306,476,321,236
HPT_eff_mod,HPT,HP,T24+T48+T50,0.8524083588162462,0.126572127879095,0.13408068719444255,476,321,236
HPT_eff_mod,HPT,HP,T24+T48+P15,0.7197798372686183,-0.035932417783070214,-0.02249630416745707,476,321,236
HPT_eff_mod,HPT,HP,T24+T48+P21,0.719779837269006,-0.03599126866841895,-0.02257635134623781,476,321,236
HPT_eff_mod,HPT,HP,T24+T48+P24,0.7393293283746338,-0.001744710369485425,-0.025222099926297092,476,321,236
HPT_eff_mod,HPT,HP,T24+T48+Ps30,0.8909439230529737,0.18936742405869356,0.2430004889164593,476,321,236
HPT_eff_mod,HPT,HP,T24+T48+P40,0.9026918955779795,0.14820178181474208,0.1903151009385543,476,321,236
HPT_eff_mod,HPT,HP,T24+T48+P50,0.8459905373131505,0.0021750275564696997,0.04612566974299792,476,321,236
HPT_eff_mod,HPT,HP,T24+T50+P15,0.7642543177939218,0.05656426840028406,0.10325534457772856,476,321,236
HPT_eff_mod,HPT,HP,T24+T50+P21,0.764254317793106,0.05660844678228938,0.10331543466519866,476,321,236
HPT_eff_mod,HPT,HP,T24+T50+P24,0.76894730623196,0.039143391963533,-0.010141959084446706,476,321,236
HPT_eff_mod,HPT,HP,T24+T50+Ps30,0.9091724718383244,0.1070560145523487,0.13848324476450058,476,321,236
HPT_eff_mod,HPT,HP,T24+T50+P40,0.8729858768325716,0.14831836218046057,0.21457741083590143,476,321,236
HPT_eff_mod,HPT,HP,T24+T50+P50,0.840188608826183,0.1707772401926514,0.24127300010718467,476,321,236
HPT_eff_mod,HPT,HP,T24+P15+P21,0.5026872715703655,-0.02030624952718707,0.08427999516744,476,321,236
HPT_eff_mod,HPT,HP,T24+P15+P24,0.78823454022628,0.06559432156651601,0.1953113402636265,476,321,236
HPT_eff_mod,HPT,HP,T24+P15+Ps30,0.5110851275701439,0.1258407539660067,0.20006317945169938,476,321,236
HPT_eff_mod,HPT,HP,T24+P15+P40,0.5782177680580874,0.19672415387877917,0.30283936365466924,476,321,236
HPT_eff_mod,HPT,HP,T24+P15+P50,0.634819874105144,-0.023798197812861854,-0.042498778590748465,476,321,236
HPT_eff_mod,HPT,HP,T24+P21+P24,0.7882345402256471,0.06552039750725192,0.19521079101371508,476,321,236
HPT_eff_mod,HPT,HP,T24+P21+Ps30,0.5110851275694547,0.12576409441879133,0.19995890947458705,476,321,236
HPT_eff_mod,HPT,HP,T24+P21+P40,0.5782177680575663,0.19666356478519176,0.30275695221829024,476,321,236
HPT_eff_mod,HPT,HP,T24+P21+P50,0.6376068116539997,0.0173652779574357,0.02371129121661908,476,321,236
HPT_eff_mod,HPT,HP,T24+P24+Ps30,0.7395312648154863,0.07552148289897076,0.12741146465129527,476,321,236
HPT_eff_mod,HPT,HP,T24+P24+P40,0.509929894290665,0.19127671333428586,0.27273959202036324,476,321,236
HPT_eff_mod,HPT,HP,T24+P24+P50,0.746716787022857,0.10310542080226837,0.11963166206463194,476,321,236
HPT_eff_mod,HPT,HP,T24+Ps30+P40,0.7626467577875088,0.33570254525556,0.4581753988055759,476,321,236
HPT_eff_mod,HPT,HP,T24+Ps30+P50,0.6549278612876045,0.17481115782646506,0.2389753977331156,476,321,236
HPT_eff_mod,HPT,HP,T24+P40+P50,0.6611118789563226,0.12744845579200603,0.18962760793926825,476,321,236
HPT_eff_mod,HPT,HP,T30+T48+T50,0.9467316997253921,0.6233607207879226,0.5842766696781146,476,321,236
HPT_eff_mod,HPT,HP,T30+T48+P15,0.6162248438387385,0.4424955950409801,0.434643057017306,476,321,236
HPT_eff_mod,HPT,HP,T30+T48+P21,0.6162248438391693,0.4425518981699358,0.43471963881554665,476,321,236
HPT_eff_mod,HPT,HP,T30+T48+P24,0.8197490010841363,0.5637537265574266,0.5242060441408227,476,321,236
HPT_eff_mod,HPT,HP,T30+T48+Ps30,0.7413204666452492,0.43987588865461336,0.4093591100848334,476,321,236
HPT_eff_mod,HPT,HP,T30+T48+P40,0.8233410595271763,0.5517207554108576,0.5444175322326068,476,321,236
HPT_eff_mod,HPT,HP,T30+T48+P50,0.7777593674642406,0.4703329677197583,0.5573109864977606,476,321,236
HPT_eff_mod,HPT,HP,T30+T50+P15,0.8813653643315531,0.4701432546534382,0.4568373180488987,476,321,236
HPT_eff_mod,HPT,HP,T30+T50+P21,0.8813653643319671,0.4701785120059262,0.4568852740240523,476,321,236
HPT_eff_mod,HPT,HP,T30+T50+P24,0.7866724174557758,0.3965637214746702,0.33425260359098785,476,321,236
HPT_eff_mod,HPT,HP,T30+T50+Ps30,0.9225494758093402,0.5364098543188878,0.5275408114435076,476,321,236
HPT_eff_mod,HPT,HP,T30+T50+P40,0.8277995977633786,0.41437787476742305,0.4215391468513764,476,321,236
HPT_eff_mod,HPT,HP,T30+T50+P50,0.8213985644008327,0.42821203702405675,0.4490487260848288,476,321,236
HPT_eff_mod,HPT,HP,T30+P15+P21,0.4255536150990395,0.21173160649477152,0.31011913126591506,476,321,236
HPT_eff_mod,HPT,HP,T30+P15+P24,0.28928727709401564,0.013426182741986259,0.35840531555747335,476,321,236
HPT_eff_mod,HPT,HP,T30+P15+Ps30,0.45050089119126074,0.3555805839508338,0.37194980858113214,476,321,236
HPT_eff_mod,HPT,HP,T30+P15+P40,0.24586521199741554,0.13657667349469815,0.2753846973199102,476,321,236
HPT_eff_mod,HPT,HP,T30+P15+P50,0.4616816186330162,0.15733408606264587,0.06957736085365562,476,321,236
HPT_eff_mod,HPT,HP,T30+P21+P24,0.2892872770947951,0.013539962709814835,0.3585600755975704,476,321,236
HPT_eff_mod,HPT,HP,T30+P21+Ps30,0.4505008911914433,0.3555175202479941,0.3718640312562761,476,321,236
HPT_eff_mod,HPT,HP,T30+P21+P40,0.24586521199776898,0.13654550732148196,0.27534230604135945,476,321,236
HPT_eff_mod,HPT,HP,T30+P21+P50,0.4616816186333887,0.1574566762841435,0.0697441043320648,476,321,236
HPT_eff_mod,HPT,HP,T30+P24+Ps30,0.4409673273430753,0.3095009831747978,0.29510064671402503,476,321,236
HPT_eff_mod,HPT,HP,T30+P24+P40,0.4407252678863772,0.43051333838785666,0.4116868373867645,476,321,236
HPT_eff_mod,HPT,HP,T30+P24+P50,0.41322537006199217,0.45579760651351664,0.5620056238068672,476,321,236
HPT_eff_mod,HPT,HP,T30+Ps30+P40,0.47652479092248246,0.35441001628889235,0.3089926164946908,476,321,236
HPT_eff_mod,HPT,HP,T30+Ps30+P50,0.5613077844804333,0.4591277248436809,0.4499331378113339,476,321,236
HPT_eff_mod,HPT,HP,T30+P40+P50,0.6943865060959027,0.48631483249237073,0.46616560036787036,476,321,236
HPT_eff_mod,HPT,HP,T48+T50+P15,0.9385927275251262,0.1637883681769473,0.23416325994243992,476,321,236
HPT_eff_mod,HPT,HP,T48+T50+P21,0.9385927275251588,0.16381797357392014,0.23420352830026925,476,321,236
HPT_eff_mod,HPT,HP,T48+T50+P24,0.9344870817599816,0.08155096407328644,0.07237303182022592,476,321,236
HPT_eff_mod,HPT,HP,T48+T50+Ps30,0.9312332562225212,0.15733945657064008,0.21240090073425566,476,321,236
HPT_eff_mod,HPT,HP,T48+T50+P40,0.9511188533189097,0.22470215734941723,0.29692583241634074,476,321,236
HPT_eff_mod,HPT,HP,T48+T50+P50,0.9309292125869452,0.09090431582758518,0.13960501519424384,476,321,236
HPT_eff_mod,HPT,HP,T48+P15+P21,0.9475016425176435,0.137863718823805,0.19260665556328793,476,321,236
HPT_eff_mod,HPT,HP,T48+P15+P24,0.9234864986312502,0.09589387841908781,0.1480417878658562,476,321,236
HPT_eff_mod,HPT,HP,T48+P15+Ps30,0.8451374710947865,0.09671839660419701,0.1540255409491229,476,321,236
HPT_eff_mod,HPT,HP,T48+P15+P40,0.8864651351373701,0.17404136233614875,0.18538313455467414,476,321,236
HPT_eff_mod,HPT,HP,T48+P15+P50,0.9258204820471546,0.09897717217145774,0.12089137055712074,476,321,236
HPT_eff_mod,HPT,HP,T48+P21+P24,0.9234864986321726,0.09586902937089525,0.14800798894873834,476,321,236
HPT_eff_mod,HPT,HP,T48+P21+Ps30,0.8451374710950608,0.09671461890360833,0.15402040263614203,476,321,236
HPT_eff_mod,HPT,HP,T48+P21+P40,0.8864651351377708,0.17405795227852094,0.18540569968837473,476,321,236
HPT_eff_mod,HPT,HP,T48+P21+P50,0.9258204820473014,0.09884148487577116,0.1207068128369807,476,321,236
HPT_eff_mod,HPT,HP,T48+P24+Ps30,0.8903453280911047,0.3107085304421354,0.3874484959467386,476,321,236
HPT_eff_mod,HPT,HP,T48+P24+P40,0.8223648973416671,0.11737623933795882,0.15505144933173143,476,321,236
HPT_eff_mod,HPT,HP,T48+P24+P50,0.8716891185316452,0.044836629283079965,0.07898703770017068,476,321,236
HPT_eff_mod,HPT,HP,T48+Ps30+P40,0.9509188565997876,0.20713385380179994,0.25808010612024057,476,321,236
HPT_eff_mod,HPT,HP,T48+Ps30+P50,0.8054309967589017,0.2427521009412278,0.27892457315478403,476,321,236
HPT_eff_mod,HPT,HP,T48+P40+P50,0.8113299871964452,0.3063930946263447,0.3883744497099304,476,321,236
HPT_eff_mod,HPT,HP,T50+P15+P21,0.9498685557490749,0.1306372856190796,0.16285358160432784,476,321,236
HPT_eff_mod,HPT,HP,T50+P15+P24,0.8700976286979388,0.08375571238000779,0.18428891116606405,476,321,236
HPT_eff_mod,HPT,HP,T50+P15+Ps30,0.8916809207150119,0.3343630240215565,0.4145349845141817,476,321,236
HPT_eff_mod,HPT,HP,T50+P15+P40,0.912540629259814,0.21172306051421164,0.24800412488501522,476,321,236
HPT_eff_mod,HPT,HP,T50+P15+P50,0.9274470975051078,0.11094125449405001,0.11705957367724651,476,321,236
HPT_eff_mod,HPT,HP,T50+P21+P24,0.8700976286983898,0.08366868202228439,0.18417053512842418,476,321,236
HPT_eff_mod,HPT,HP,T50+P21+Ps30,0.891680920715064,0.3343176534086918,0.4144732727907149,476,321,236
HPT_eff_mod,HPT,HP,T50+P21+P40,0.9125406292598136,0.2116786250952818,0.2479436851837974,476,321,236
HPT_eff_mod,HPT,HP,T50+P21+P50,0.9274470975049308,0.11088246172161842,0.116979605541639,476,321,236
HPT_eff_mod,HPT,HP,T50+P24+Ps30,0.8604058662798015,0.13513448654342164,0.1049485215761582,476,321,236
HPT_eff_mod,HPT,HP,T50+P24+P40,0.8710666431252202,0.10939395296331755,0.09754080691972256,476,321,236
HPT_eff_mod,HPT,HP,T50+P24+P50,0.8614728142974493,0.1595258515535497,0.2950748734354429,476,321,236
HPT_eff_mod,HPT,HP,T50+Ps30+P40,0.933787752817615,0.22869109557081757,0.3249511469119387,476,321,236
HPT_eff_mod,HPT,HP,T50+Ps30+P50,0.9115758347430376,0.23831691009329914,0.28427988716174624,476,321,236
HPT_eff_mod,HPT,HP,T50+P40+P50,0.8854295044766687,0.1937582098679519,0.23392885866577118,476,321,236
HPT_eff_mod,HPT,HP,P15+P21+P24,0.3928944779108865,0.020331137386859766,0.03093675499611004,476,321,236
HPT_eff_mod,HPT,HP,P15+P21+Ps30,0.3310198066893598,0.04379774259986624,0.06107020465932511,476,321,236
HPT_eff_mod,HPT,HP,P15+P21+P40,0.36242232500678806,0.08986097085751099,0.0890393747938304,476,321,236
HPT_eff_mod,HPT,HP,P15+P21+P50,0.11521961158107312,0.008411129408758433,0.06649597839949362,476,321,236
HPT_eff_mod,HPT,HP,P15+P24+Ps30,0.4274358932615861,0.06271552544509074,0.19219884562042044,476,321,236
HPT_eff_mod,HPT,HP,P15+P24+P40,0.43921148279309197,0.16198985011799905,0.30871150448865725,476,321,236
HPT_eff_mod,HPT,HP,P15+P24+P50,0.38068855341210023,-0.0060629474965248065,0.07711463884181069,476,321,236
HPT_eff_mod,HPT,HP,P15+Ps30+P40,0.6048980314849501,0.17252136717218047,0.2045686690521752,476,321,236
HPT_eff_mod,HPT,HP,P15+Ps30+P50,0.48166711498850684,0.1213232919988374,0.12704945140896395,476,321,236
HPT_eff_mod,HPT,HP,P15+P40+P50,0.4518070634998859,0.16792556940868864,0.21405943482344703,476,321,236
HPT_eff_mod,HPT,HP,P21+P24+Ps30,0.40836978995800877,0.04773785358629545,0.1745678160540588,476,321,236
HPT_eff_mod,HPT,HP,P21+P24+P40,0.43921148279320427,0.16199283495625783,0.30871556437508185,476,321,236
HPT_eff_mod,HPT,HP,P21+P24+P50,0.38068855341347163,-0.005730948706367478,0.07756621346706305,476,321,236
HPT_eff_mod,HPT,HP,P21+Ps30+P40,0.6048980314856821,0.17241839084432065,0.20442860379311334,476,321,236
HPT_eff_mod,HPT,HP,P21+Ps30+P50,0.49279953608591925,0.1892900029985829,0.2824769264348539,476,321,236
HPT_eff_mod,HPT,HP,P21+P40+P50,0.5642226425491197,0.21838184406723093,0.2462414453988424,476,321,236
HPT_eff_mod,HPT,HP,P24+Ps30+P40,0.6806177997130446,0.25813254182137524,0.3273077956561298,476,321,236
HPT_eff_mod,HPT,HP,P24+Ps30+P50,0.5853484634815894,0.22227825071919005,0.2955779927557959,476,321,236
HPT_eff_mod,HPT,HP,P24+P40+P50,0.5602569905918869,0.15793360311553173,0.19354343619234082,476,321,236
HPT_eff_mod,HPT,HP,Ps30+P40+P50,0.3419431994958443,0.0827749816790273,0.11893581233049266,476,321,236
HPT_flow_mod,HPT,HP,Wf+Nf+Nc,-0.07949146481130172,-0.11290039656689976,-0.20061833539077822,187,608,433
HPT_flow_mod,HPT,HP,Wf+Nf+T24,0.33431704213237706,-1.1685684338272533,-1.2359777537561545,187,608,433
HPT_flow_mod,HPT,HP,Wf+Nf+T30,0.4484333614047855,-0.021084612524965296,-0.06392879831009446,187,608,433
HPT_flow_mod,HPT,HP,Wf+Nf+T48,-0.02645015976280878,-0.11537940973898997,-0.19576694133527917,187,608,433
HPT_flow_mod,HPT,HP,Wf+Nf+T50,0.700954049801274,0.3051652952809649,0.2528634065189881,187,608,433
HPT_flow_mod,HPT,HP,Wf+Nf+P15,0.10458888448166571,-0.16315350705741904,-0.2498155478450994,187,608,433
HPT_flow_mod,HPT,HP,Wf+Nf+P21,0.10458888448349363,-0.16317163094235587,-0.24984099662592674,187,608,433
HPT_flow_mod,HPT,HP,Wf+Nf+P24,0.11791284552502952,-0.22837348619307463,-0.2989934293340797,187,608,433
HPT_flow_mod,HPT,HP,Wf+Nf+Ps30,0.23673813474736582,-0.345422219629836,-0.35740119593581055,187,608,433
HPT_flow_mod,HPT,HP,Wf+Nf+P40,0.44089156889118297,0.023793256970639942,0.049130905546168835,187,608,433
HPT_flow_mod,HPT,HP,Wf+Nf+P50,0.155423373272388,-0.3947415573448614,-0.45730696383986347,187,608,433
HPT_flow_mod,HPT,HP,Wf+Nc+T24,0.10873156901069721,-0.04664562050584453,-0.04630306199365242,187,608,433
HPT_flow_mod,HPT,HP,Wf+Nc+T30,0.7209313433021914,0.4916864422997227,0.5425948285498085,187,608,433
HPT_flow_mod,HPT,HP,Wf+Nc+T48,0.44881710760287596,-0.15551620064518135,-0.12228676498563562,187,608,433
HPT_flow_mod,HPT,HP,Wf+Nc+T50,0.6312265706031541,0.3444708713624939,0.32877723663890224,187,608,433
HPT_flow_mod,HPT,HP,Wf+Nc+P15,-0.17026597402471189,0.14599197481098913,0.24406390099368902,187,608,433
HPT_flow_mod,HPT,HP,Wf+Nc+P21,-0.17026597402510912,0.14585051747701416,0.2438652726839553,187,608,433
HPT_flow_mod,HPT,HP,Wf+Nc+P24,0.16959813567188056,-0.056794704979304056,-0.09592100018231231,187,608,433
HPT_flow_mod,HPT,HP,Wf+Nc+Ps30,0.1492021634521866,-0.07570549704523355,0.05736349074136515,187,608,433
HPT_flow_mod,HPT,HP,Wf+Nc+P40,0.3489677064507319,-0.34485801987456655,-0.14259162061318809,187,608,433
HPT_flow_mod,HPT,HP,Wf+Nc+P50,-0.04008243963189556,-0.24513484952292153,-0.021433326231343308,187,608,433
HPT_flow_mod,HPT,HP,Wf+T24+T30,0.47698242115767986,0.11454472173291586,0.13112489707042696,187,608,433
HPT_flow_mod,HPT,HP,Wf+T24+T48,-0.12217743283798692,0.10525685589185307,0.11203420969980549,187,608,433
HPT_flow_mod,HPT,HP,Wf+T24+T50,0.7432233774133566,0.4504081667625959,0.43285381479818374,187,608,433
HPT_flow_mod,HPT,HP,Wf+T24+P15,-0.06851959342597276,-0.019740597522853953,-0.06876226082240056,187,608,433
HPT_flow_mod,HPT,HP,Wf+T24+P21,-0.06851959342358699,-0.019758864724051195,-0.06878791084087976,187,608,433
HPT_flow_mod,HPT,HP,Wf+T24+P24,-0.03936170340934183,-0.20198586475539426,-0.2569198612446908,187,608,433
HPT_flow_mod,HPT,HP,Wf+T24+Ps30,0.4309286590445159,-0.2293151007775971,-0.157302867790577,187,608,433
HPT_flow_mod,HPT,HP,Wf+T24+P40,0.47439240531363486,0.06137347185713782,0.02477635153134572,187,608,433
HPT_flow_mod,HPT,HP,Wf+T24+P50,0.040638614443685155,-0.7094708927332145,-0.8042683579063572,187,608,433
HPT_flow_mod,HPT,HP,Wf+T30+T48,0.8129716291398291,0.18990068096143464,0.18056058678638298,187,608,433
HPT_flow_mod,HPT,HP,Wf+T30+T50,0.8321303418233406,0.33350642695921817,0.2969920672913694,187,608,433
HPT_flow_mod,HPT,HP,Wf+T30+P15,0.4386456497750371,-0.1493250831275874,-0.029400625652393764,187,608,433
HPT_flow_mod,HPT,HP,Wf+T30+P21,0.43864564977487336,-0.14930629501054238,-0.02937424418463208,187,608,433
HPT_flow_mod,HPT,HP,Wf+T30+P24,0.06286987520481992,-0.10251605768655492,-0.19096278955277257,187,608,433
HPT_flow_mod,HPT,HP,Wf+T30+Ps30,0.045533273625268746,-0.08826876107618364,-0.037440256012839734,187,608,433
HPT_flow_mod,HPT,HP,Wf+T30+P40,0.8021373429222504,0.21508896130237365,0.2579193066893457,187,608,433
HPT_flow_mod,HPT,HP,Wf+T30+P50,0.14250517282372363,-0.15067279377919296,-0.09764800349704039,187,608,433
HPT_flow_mod,HPT,HP,Wf+T48+T50,0.6992817396056396,0.47107650977462623,0.49416324479420026,187,608,433
HPT_flow_mod,HPT,HP,Wf+T48+P15,0.3715749527681886,-0.12196032200020923,-0.22883035758319847,187,608,433
HPT_flow_mod,HPT,HP,Wf+T48+P21,0.3715749527696925,-0.12199252798438875,-0.2288755798416331,187,608,433
HPT_flow_mod,HPT,HP,Wf+T48+P24,0.2925098747432086,0.10338323230879176,0.004529723165955901,187,608,433
HPT_flow_mod,HPT,HP,Wf+T48+Ps30,-0.12773772885146714,-0.27987178130768586,-0.3330940104511195,187,608,433
HPT_flow_mod,HPT,HP,Wf+T48+P40,0.1935648851580968,-0.06407455147410102,-0.10480522618750032,187,608,433
HPT_flow_mod,HPT,HP,Wf+T48+P50,0.4008549848316527,0.08490458714728022,-0.009724751111980234,187,608,433
HPT_flow_mod,HPT,HP,Wf+T50+P15,0.2818269553162838,-0.25727715518879557,-0.4572755346081141,187,608,433
HPT_flow_mod,HPT,HP,Wf+T50+P21,0.28182695531592256,-0.2572498662956302,-0.45723721671559736,187,608,433
HPT_flow_mod,HPT,HP,Wf+T50+P24,0.5537262858176467,0.20236166814969858,0.1708862175961956,187,608,433
HPT_flow_mod,HPT,HP,Wf+T50+Ps30,0.46443846212999823,-0.21855879414390533,-0.213630550854506,187,608,433
HPT_flow_mod,HPT,HP,Wf+T50+P40,0.5349671058513592,0.0320483112240636,-0.022126721850895814,187,608,433
HPT_flow_mod,HPT,HP,Wf+T50+P50,0.5578771331225759,0.13935349988320056,0.06040255931254401,187,608,433
HPT_flow_mod,HPT,HP,Wf+P15+P21,-0.08940253302109541,0.08462960889085469,0.0771243018330745,187,608,433
HPT_flow_mod,HPT,HP,Wf+P15+P24,0.07824546226117331,-0.1366696839916952,-0.11897187481112392,187,608,433
HPT_flow_mod,HPT,HP,Wf+P15+Ps30,-0.10641501749281862,0.2259857473163378,0.20491964027877518,187,608,433
HPT_flow_mod,HPT,HP,Wf+P15+P40,0.20376508728480477,0.020464911599062052,-0.10802496418573848,187,608,433
HPT_flow_mod,HPT,HP,Wf+P15+P50,0.22185099974680958,0.1598412496417565,0.12233574249280821,187,608,433
HPT_flow_mod,HPT,HP,Wf+P21+P24,0.07824546225855179,-0.1368540794808315,-0.11923079503370948,187,608,433
HPT_flow_mod,HPT,HP,Wf+P21+Ps30,-0.10641501749260042,0.22589829266425943,0.2047968402136957,187,608,433
HPT_flow_mod,HPT,HP,Wf+P21+P40,0.2037650872861585,0.020427374998604142,-0.10807767146696667,187,608,433
HPT_flow_mod,HPT,HP,Wf+P21+P50,0.2218509997488499,0.15978836036194055,0.12226147763824058,187,608,433
HPT_flow_mod,HPT,HP,Wf+P24+Ps30,0.29749007574722747,0.2025790942738116,0.13918840849258152,187,608,433
HPT_flow_mod,HPT,HP,Wf+P24+P40,0.39535163739463136,0.09513080747032165,0.09014408131856066,187,608,433
HPT_flow_mod,HPT,HP,Wf+P24+P50,0.01709258972207217,0.15968516564870217,0.06041319646274301,187,608,433
HPT_flow_mod,HPT,HP,Wf+Ps30+P40,-0.24722096645377492,0.10723787256493944,0.07761197943124942,187,608,433
HPT_flow_mod,HPT,HP,Wf+Ps30+P50,0.06775495427375126,0.11230059837313955,0.09035770977061541,187,608,433
HPT_flow_mod,HPT,HP,Wf+P40+P50,0.2893906997205595,-0.2234142434184001,-0.2811643228760998,187,608,433
HPT_flow_mod,HPT,HP,Nf+Nc+T24,0.16015977561946396,-0.49344211480840716,-0.3779695044293938,187,608,433
HPT_flow_mod,HPT,HP,Nf+Nc+T30,0.35787884345457227,0.330947352744008,0.3464936233143985,187,608,433
HPT_flow_mod,HPT,HP,Nf+Nc+T48,0.6629342188333981,0.06434797792643676,0.21877822350692588,187,608,433
HPT_flow_mod,HPT,HP,Nf+Nc+T50,0.37660249516775246,-0.25524745477274413,-0.27004525306361793,187,608,433
HPT_flow_mod,HPT,HP,Nf+Nc+P15,0.3088137231537647,-0.07314717840540075,-0.03186866033783753,187,608,433
HPT_flow_mod,HPT,HP,Nf+Nc+P21,0.30881372315439454,-0.07299571008331118,-0.03165597502850104,187,608,433
HPT_flow_mod,HPT,HP,Nf+Nc+P24,0.3947359976064329,0.10789664632203211,0.11982957117976145,187,608,433
HPT_flow_mod,HPT,HP,Nf+Nc+Ps30,0.49854307724837943,-0.08058100262619283,-0.19555188761537878,187,608,433
HPT_flow_mod,HPT,HP,Nf+Nc+P40,0.6554284634415891,0.20175293193000376,0.22727841195425824,187,608,433
HPT_flow_mod,HPT,HP,Nf+Nc+P50,0.1381964396511044,-0.4140210397717825,-0.21703102351818382,187,608,433
HPT_flow_mod,HPT,HP,Nf+T24+T30,0.5505633546782135,0.02548361260351939,-0.0906126717406106,187,608,433
HPT_flow_mod,HPT,HP,Nf+T24+T48,0.678538417267439,0.3987379195861407,0.31158804171488996,187,608,433
HPT_flow_mod,HPT,HP,Nf+T24+T50,0.3443845990257201,0.11326235161163023,0.04002664171539916,187,608,433
HPT_flow_mod,HPT,HP,Nf+T24+P15,0.18894767872731233,0.05544514839321635,0.055159848145968415,187,608,433
HPT_flow_mod,HPT,HP,Nf+T24+P21,0.18894767872931276,0.05553263894284477,0.055282698616814785,187,608,433
HPT_flow_mod,HPT,HP,Nf+T24+P24,0.47774777748277847,-0.06854878428699296,-0.20943540047499853,187,608,433
HPT_flow_mod,HPT,HP,Nf+T24+Ps30,-0.24601869167000912,-0.1603758497919403,-0.22145961701196648,187,608,433
HPT_flow_mod,HPT,HP,Nf+T24+P40,0.24624845510255558,-0.6465784747201382,-0.7283538822386528,187,608,433
HPT_flow_mod,HPT,HP,Nf+T24+P50,0.41513579826551794,-0.3894943096468937,-0.38278740137436373,187,608,433
HPT_flow_mod,HPT,HP,Nf+T30+T48,0.720006711017405,0.024985796892597834,-0.03179552623827764,187,608,433
HPT_flow_mod,HPT,HP,Nf+T30+T50,0.6866446806137171,-0.23866008869005495,-0.17183570507919677,187,608,433
HPT_flow_mod,HPT,HP,Nf+T30+P15,0.6189950279588373,0.16980282125837753,0.22488999162258705,187,608,433
HPT_flow_mod,HPT,HP,Nf+T30+P21,0.6189950279592082,0.16981509364817793,0.2249072239843134,187,608,433
HPT_flow_mod,HPT,HP,Nf+T30+P24,0.1514380396189925,0.12086312900449092,0.1755142500554523,187,608,433
HPT_flow_mod,HPT,HP,Nf+T30+Ps30,0.6530561021300209,0.2638348870157031,0.15942459144059995,187,608,433
HPT_flow_mod,HPT,HP,Nf+T30+P40,0.5677461921227437,0.07926827528515556,0.049132478281715075,187,608,433
HPT_flow_mod,HPT,HP,Nf+T30+P50,0.48669940103275094,-0.13882513655855244,-0.05609336241295182,187,608,433
HPT_flow_mod,HPT,HP,Nf+T48+T50,0.18802453724457802,-0.16321233126715207,-0.17892786037376984,187,608,433
HPT_flow_mod,HPT,HP,Nf+T48+P15,0.529357533536164,-0.23001122947769614,-0.2529957405052421,187,608,433
HPT_flow_mod,HPT,HP,Nf+T48+P21,0.6206432828572618,0.14341615252339224,0.0957928396955019,187,608,433
HPT_flow_mod,HPT,HP,Nf+T48+P24,0.6057055450366634,0.3858413126683472,0.3860274636892387,187,608,433
HPT_flow_mod,HPT,HP,Nf+T48+Ps30,0.3418967917703249,0.03629826371826306,0.050474020285152466,187,608,433
HPT_flow_mod,HPT,HP,Nf+T48+P40,0.45411452546258174,0.15675677592298143,0.15552268049406448,187,608,433
HPT_flow_mod,HPT,HP,Nf+T48+P50,0.53561939556249,0.002219573051847945,0.045496856684893006,187,608,433
HPT_flow_mod,HPT,HP,Nf+T50+P15,0.5216951785218603,-0.16442992874422702,-0.23357608787646633,187,608,433
HPT_flow_mod,HPT,HP,Nf+T50+P21,0.5545342718669911,-0.16150118406919778,-0.23048659495425916,187,608,433
HPT_flow_mod,HPT,HP,Nf+T50+P24,0.25796364232409447,-0.056157263020018,-0.062871024073623,187,608,433
HPT_flow_mod,HPT,HP,Nf+T50+Ps30,0.5815470967871715,0.2048380681641334,0.18642185846794435,187,608,433
HPT_flow_mod,HPT,HP,Nf+T50+P40,0.430560888256779,0.24155606295571852,0.23814417085896644,187,608,433
HPT_flow_mod,HPT,HP,Nf+T50+P50,0.6220200175077304,0.25658461723932857,0.25584540620691876,187,608,433
HPT_flow_mod,HPT,HP,Nf+P15+P21,0.34463770382567543,0.18585087752976093,0.19601232677030866,187,608,433
HPT_flow_mod,HPT,HP,Nf+P15+P24,0.28165808141077453,0.24301068428940698,0.24883168748671458,187,608,433
HPT_flow_mod,HPT,HP,Nf+P15+Ps30,0.2743566547114673,0.2266679338876012,0.1652496920925416,187,608,433
HPT_flow_mod,HPT,HP,Nf+P15+P40,0.1544956378335648,0.33939445293620585,0.3426219309561528,187,608,433
HPT_flow_mod,HPT,HP,Nf+P15+P50,0.2152426718203151,0.021611070690037093,-0.05716468492937432,187,608,433
HPT_flow_mod,HPT,HP,Nf+P21+P24,0.2816580814098307,0.24309694030470785,0.24895280447976176,187,608,433
HPT_flow_mod,HPT,HP,Nf+P21+Ps30,0.2743566547119107,0.22668127861892184,0.1652684301913835,187,608,433
HPT_flow_mod,HPT,HP,Nf+P21+P40,0.15449563783349438,0.3393884149170572,0.34261345262966236,187,608,433
HPT_flow_mod,HPT,HP,Nf+P21+P50,0.21524267181927936,0.02129993921328066,-0.05760156238332814,187,608,433
HPT_flow_mod,HPT,HP,Nf+P24+Ps30,0.4922009338990154,0.3077979002368353,0.31232395881116803,187,608,433
HPT_flow_mod,HPT,HP,Nf+P24+P40,-0.008452583045068796,0.23463701232525225,0.23652828481105626,187,608,433
HPT_flow_mod,HPT,HP,Nf+P24+P50,0.42201661363343906,0.19388584168085543,0.18388964879619074,187,608,433
HPT_flow_mod,HPT,HP,Nf+Ps30+P40,0.20286327755639144,0.4032081279814198,0.37045558599153916,187,608,433
HPT_flow_mod,HPT,HP,Nf+Ps30+P50,0.027688939751966457,-0.07768208463771709,-0.1407089522781375,187,608,433
HPT_flow_mod,HPT,HP,Nf+P40+P50,0.06582570163067004,-0.10845512181500339,-0.18338737741409616,187,608,433
HPT_flow_mod,HPT,HP,Nc+T24+T30,0.8829526881872957,0.46741808277225116,0.42178505544342926,187,608,433
HPT_flow_mod,HPT,HP,Nc+T24+T48,0.7469393335904991,0.28178284876714665,0.3022032195296678,187,608,433
HPT_flow_mod,HPT,HP,Nc+T24+T50,0.5000218955243693,0.09399399596656177,-0.00368835601666051,187,608,433
HPT_flow_mod,HPT,HP,Nc+T24+P15,0.6104519046862898,-0.10197960010905693,-0.16351535388705685,187,608,433
HPT_flow_mod,HPT,HP,Nc+T24+P21,0.6104519046870995,-0.10188792269776581,-0.16338662440531038,187,608,433
HPT_flow_mod,HPT,HP,Nc+T24+P24,0.5152502737729351,-0.26846969409945043,-0.504631625023624,187,608,433
HPT_flow_mod,HPT,HP,Nc+T24+Ps30,0.3076862399122348,0.07169055744035635,0.1408828849241779,187,608,433
HPT_flow_mod,HPT,HP,Nc+T24+P40,0.23246578408881993,0.14736290279950326,0.15540600796827175,187,608,433
HPT_flow_mod,HPT,HP,Nc+T24+P50,0.2923778077118543,-0.2156207686118201,-0.30939596965791316,187,608,433
HPT_flow_mod,HPT,HP,Nc+T30+T48,0.8155931187641375,0.4025004071764362,0.37822113049920514,187,608,433
HPT_flow_mod,HPT,HP,Nc+T30+T50,0.7818309942692702,0.4644446465398666,0.44132515521787796,187,608,433
HPT_flow_mod,HPT,HP,Nc+T30+P15,0.7127226905745854,-0.06962767157714023,-0.12292216791471744,187,608,433
HPT_flow_mod,HPT,HP,Nc+T30+P21,0.7127226905743793,-0.06960880353740828,-0.12289567422455838,187,608,433
HPT_flow_mod,HPT,HP,Nc+T30+P24,0.4843677055267482,0.07837187988363914,-0.0583209110144296,187,608,433
HPT_flow_mod,HPT,HP,Nc+T30+Ps30,0.6291333375930437,0.5347800566089366,0.5085405976692183,187,608,433
HPT_flow_mod,HPT,HP,Nc+T30+P40,0.7443718365422095,0.4119762730304537,0.38331099021914283,187,608,433
HPT_flow_mod,HPT,HP,Nc+T30+P50,0.49323056343572264,-0.21358907341139322,-0.19459007782484417,187,608,433
HPT_flow_mod,HPT,HP,Nc+T48+T50,0.805817200880778,-0.11897018816000449,-0.18709248110909016,187,608,433
HPT_flow_mod,HPT,HP,Nc+T48+P15,0.271515277951992,-0.5894288812251904,-0.5942110928845716,187,608,433
HPT_flow_mod,HPT,HP,Nc+T48+P21,0.2715152779522133,-0.5891420790041806,-0.5938083775248237,187,608,433
HPT_flow_mod,HPT,HP,Nc+T48+P24,0.5292166152018488,0.10453339449730159,-0.01884360467474644,187,608,433
HPT_flow_mod,HPT,HP,Nc+T48+Ps30,0.2779167163801625,-0.28153287832503726,-0.26457126007421383,187,608,433
HPT_flow_mod,HPT,HP,Nc+T48+P40,0.3296271520719622,-0.0809496618198291,-0.07997006396744988,187,608,433
HPT_flow_mod,HPT,HP,Nc+T48+P50,0.2735677805435586,-0.17737107917493256,-0.07003267120429957,187,608,433
HPT_flow_mod,HPT,HP,Nc+T50+P15,0.3012585377758331,-0.47583341027992354,-0.5214386767501857,187,608,433
HPT_flow_mod,HPT,HP,Nc+T50+P21,0.3012585377743809,-0.47581259516230245,-0.5214094490558248,187,608,433
HPT_flow_mod,HPT,HP,Nc+T50+P24,0.5782208190186343,-0.6003582862674477,-0.4880062697019165,187,608,433
HPT_flow_mod,HPT,HP,Nc+T50+Ps30,-0.05587612830373782,0.1150555075644919,0.10881197353813399,187,608,433
HPT_flow_mod,HPT,HP,Nc+T50+P40,0.7474972133699235,0.07914136794971094,0.10283525137356486,187,608,433
HPT_flow_mod,HPT,HP,Nc+T50+P50,0.06693581264971106,-0.4625469199258305,-0.2660684603409682,187,608,433
HPT_flow_mod,HPT,HP,Nc+P15+P21,0.6253890495121571,-0.04764812923896122,0.05128806333905278,187,608,433
HPT_flow_mod,HPT,HP,Nc+P15+P24,0.5163027736533442,0.21790969038655117,0.5033329517176293,187,608,433
HPT_flow_mod,HPT,HP,Nc+P15+Ps30,0.3166008061838081,-0.001783189241783667,-0.08900690466102379,187,608,433
HPT_flow_mod,HPT,HP,Nc+P15+P40,0.4925162738855445,0.3270146583969934,0.3591861974873787,187,608,433
HPT_flow_mod,HPT,HP,Nc+P15+P50,0.3231827258513127,-0.018177940173959906,0.060459611793014845,187,608,433
HPT_flow_mod,HPT,HP,Nc+P21+P24,0.5163027736528143,0.21791052608651995,0.5033341251762268,187,608,433
HPT_flow_mod,HPT,HP,Nc+P21+Ps30,0.31660080618435943,-0.0019215675778712082,-0.08920120957637678,187,608,433
HPT_flow_mod,HPT,HP,Nc+P21+P40,0.49251627388565034,0.32695299971431624,0.359099619014018,187,608,433
HPT_flow_mod,HPT,HP,Nc+P21+P50,0.3231827258519628,-0.018082065794475355,0.060594234476253006,187,608,433
HPT_flow_mod,HPT,HP,Nc+P24+Ps30,0.6660186944863695,0.2678032567914831,0.19625613432225908,187,608,433
HPT_flow_mod,HPT,HP,Nc+P24+P40,0.4555220221279443,0.13422661778634537,0.21620182478080108,187,608,433
HPT_flow_mod,HPT,HP,Nc+P24+P50,0.5629969715478222,0.09116000188683249,0.061024726264820806,187,608,433
HPT_flow_mod,HPT,HP,Nc+Ps30+P40,0.3791764974017089,0.042119008554625914,0.062419162019354935,187,608,433
HPT_flow_mod,HPT,HP,Nc+Ps30+P50,0.37701002950940427,-0.4153511889530972,-0.5926001524104079,187,608,433
HPT_flow_mod,HPT,HP,Nc+P40+P50,0.2824645508279448,-0.06533663275266255,-0.12366642701156572,187,608,433
HPT_flow_mod,HPT,HP,T24+T30+T48,0.5453844275368077,0.3781291565399988,0.33274080368274095,187,608,433
HPT_flow_mod,HPT,HP,T24+T30+T50,0.6870137566214168,0.10181650591760028,-0.009714523684247744,187,608,433
HPT_flow_mod,HPT,HP,T24+T30+P15,0.33881861968898613,0.006671391655495795,-0.005108371231125064,187,608,433
HPT_flow_mod,HPT,HP,T24+T30+P21,0.33881861968854343,0.006804979507729403,-0.0049207929086585445,187,608,433
HPT_flow_mod,HPT,HP,T24+T30+P24,0.5201048760661696,0.14839637142587148,0.09161803562890669,187,608,433
HPT_flow_mod,HPT,HP,T24+T30+Ps30,0.04935879206088112,-0.08410336564527121,-0.2045335287153347,187,608,433
HPT_flow_mod,HPT,HP,T24+T30+P40,0.34865780160696375,0.057748575544206204,0.03112740888624055,187,608,433
HPT_flow_mod,HPT,HP,T24+T30+P50,0.33070727902090474,-0.24448766591332283,-0.3020548042132165,187,608,433
HPT_flow_mod,HPT,HP,T24+T48+T50,0.4534201584563668,0.16357545727226364,0.08355997535446902,187,608,433
HPT_flow_mod,HPT,HP,T24+T48+P15,-0.1407948542864449,-0.3946109552282526,-0.5307130044708446,187,608,433
HPT_flow_mod,HPT,HP,T24+T48+P21,-0.14079485428627742,-0.394738571953432,-0.530892198394564,187,608,433
HPT_flow_mod,HPT,HP,T24+T48+P24,0.015548151935969081,0.13957359270846592,0.1183053588462869,187,608,433
HPT_flow_mod,HPT,HP,T24+T48+Ps30,0.7765561728127274,0.2569301233981164,0.20311733594281933,187,608,433
HPT_flow_mod,HPT,HP,T24+T48+P40,0.2892536754741801,0.370437023904979,0.3059292683490239,187,608,433
HPT_flow_mod,HPT,HP,T24+T48+P50,0.5445978608931846,0.07476672888104896,0.015931590953435326,187,608,433
HPT_flow_mod,HPT,HP,T24+T50+P15,0.35192680996646114,-0.41218186576226934,-0.5940124186147233,187,608,433
HPT_flow_mod,HPT,HP,T24+T50+P21,0.08093970432777059,-0.18584494819042452,-0.23094820615680134,187,608,433
HPT_flow_mod,HPT,HP,T24+T50+P24,0.4107815410899935,0.1082194005804944,0.05204576396791438,187,608,433
HPT_flow_mod,HPT,HP,T24+T50+Ps30,0.7523908737917768,0.21491462340239975,0.2090255760757337,187,608,433
HPT_flow_mod,HPT,HP,T24+T50+P40,0.5043277273094686,0.12055223785046165,0.04207650045294653,187,608,433
HPT_flow_mod,HPT,HP,T24+T50+P50,0.4746275603451955,0.018040199502617482,-0.14490734244196313,187,608,433
HPT_flow_mod,HPT,HP,T24+P15+P21,0.045312781765420834,-0.061008870191782805,-0.10390970558022139,187,608,433
HPT_flow_mod,HPT,HP,T24+P15+P24,0.5057565854700488,0.03389085641104239,0.04395544075860924,187,608,433
HPT_flow_mod,HPT,HP,T24+P15+Ps30,0.02619954391694446,-0.09444290411595113,-0.1578047316470954,187,608,433
HPT_flow_mod,HPT,HP,T24+P15+P40,0.059348838795556226,-0.16936138371459286,-0.28913750162205876,187,608,433
HPT_flow_mod,HPT,HP,T24+P15+P50,0.21541826911967207,-0.08308194445450323,-0.15426567927888812,187,608,433
HPT_flow_mod,HPT,HP,T24+P21+P24,0.5057565854706724,0.03383307878188779,0.043874311895946816,187,608,433
HPT_flow_mod,HPT,HP,T24+P21+Ps30,-0.030672103480848978,0.05116369877734628,0.0018178747600424705,187,608,433
HPT_flow_mod,HPT,HP,T24+P21+P40,0.059348838793319016,-0.1692547858871165,-0.2889878215310533,187,608,433
HPT_flow_mod,HPT,HP,T24+P21+P50,-0.13552704037936955,0.012083864817673762,-0.08238221129982559,187,608,433
HPT_flow_mod,HPT,HP,T24+P24+Ps30,-0.1889673704439734,0.08101127084634585,0.03689569333728926,187,608,433
HPT_flow_mod,HPT,HP,T24+P24+P40,0.25798282908943665,-0.2816277850789075,-0.4693998233596275,187,608,433
HPT_flow_mod,HPT,HP,T24+P24+P50,-0.12154810478538956,-0.1888488531401442,-0.23699490909173782,187,608,433
HPT_flow_mod,HPT,HP,T24+Ps30+P40,0.26866478674371486,0.35400159108187845,0.2848216184701484,187,608,433
HPT_flow_mod,HPT,HP,T24+Ps30+P50,0.07831003453303793,0.24131014716750077,0.201163027941901,187,608,433
HPT_flow_mod,HPT,HP,T24+P40+P50,0.20236307431681808,0.1518890729878648,0.07746738002489739,187,608,433
HPT_flow_mod,HPT,HP,T30+T48+T50,0.6868258151387207,-0.44062324287625954,-0.42170357238958833,187,608,433
HPT_flow_mod,HPT,HP,T30+T48+P15,0.4822392161714018,-0.2769287627485135,-0.37154569075301014,187,608,433
HPT_flow_mod,HPT,HP,T30+T48+P21,0.48223921617171084,-0.27688614146065693,-0.371485843771556,187,608,433
HPT_flow_mod,HPT,HP,T30+T48+P24,0.6510017285629343,0.0242667930226389,-0.0698118738654796,187,608,433
HPT_flow_mod,HPT,HP,T30+T48+Ps30,0.6238794438196739,0.20272984257618143,0.20395181715929567,187,608,433
HPT_flow_mod,HPT,HP,T30+T48+P40,0.5024150859040678,0.17153434935804834,0.13626288705658685,187,608,433
HPT_flow_mod,HPT,HP,T30+T48+P50,0.4046811476447123,-0.4219982550236814,-0.41107669536659985,187,608,433
HPT_flow_mod,HPT,HP,T30+T50+P15,0.4503383659670108,0.1389040524199291,0.11219430906639849,187,608,433
HPT_flow_mod,HPT,HP,T30+T50+P21,0.4503383659676498,0.13893465125104298,0.11223727462994793,187,608,433
HPT_flow_mod,HPT,HP,T30+T50+P24,0.2237063920185046,-0.08359697429827118,-0.03743192890826097,187,608,433
HPT_flow_mod,HPT,HP,T30+T50+Ps30,0.22848629042244306,-0.01421330016234612,-0.01067690685677225,187,608,433
HPT_flow_mod,HPT,HP,T30+T50+P40,0.4572838356315787,-0.07290627500087798,-0.06509391289673672,187,608,433
HPT_flow_mod,HPT,HP,T30+T50+P50,0.37147476024401854,-0.0655657665987388,-0.019544842492828174,187,608,433
HPT_flow_mod,HPT,HP,T30+P15+P21,0.6679721717036582,-0.11147967460629982,0.00849032189516119,187,608,433
HPT_flow_mod,HPT,HP,T30+P15+P24,0.48567874481949186,-0.3863669820740716,-0.24327858728621066,187,608,433
HPT_flow_mod,HPT,HP,T30+P15+Ps30,0.5376396969776843,0.1261873962245489,0.109682560983701,187,608,433
HPT_flow_mod,HPT,HP,T30+P15+P40,0.2800901816435337,-0.03862315032492658,0.024250158327849047,187,608,433
HPT_flow_mod,HPT,HP,T30+P15+P50,0.5660222793882482,0.04858784054986487,-0.06592685980849966,187,608,433
HPT_flow_mod,HPT,HP,T30+P21+P24,0.48567874481875806,-0.386415166510248,-0.24334624580244402,187,608,433
HPT_flow_mod,HPT,HP,T30+P21+Ps30,0.5376396969786094,0.12625049467558502,0.10977116111850627,187,608,433
HPT_flow_mod,HPT,HP,T30+P21+P40,0.2800901816437534,-0.03871503316192437,0.024121140393934426,187,608,433
HPT_flow_mod,HPT,HP,T30+P21+P50,0.5660222793884159,0.04873544792475115,-0.06571959587444742,187,608,433
HPT_flow_mod,HPT,HP,T30+P24+Ps30,0.5031750786962014,0.20494473649336387,0.1499843238592803,187,608,433
HPT_flow_mod,HPT,HP,T30+P24+P40,0.4403239555999334,0.11748005012110074,0.1418086339022241,187,608,433
HPT_flow_mod,HPT,HP,T30+P24+P50,0.46730159418161493,-0.15484460092781283,-0.1429186711977548,187,608,433
HPT_flow_mod,HPT,HP,T30+Ps30+P40,0.4348596095028843,0.24448690178555132,0.2617164051140609,187,608,433
HPT_flow_mod,HPT,HP,T30+Ps30+P50,0.4292460042392063,-3.0443635863575125e-05,0.022479279740491465,187,608,433
HPT_flow_mod,HPT,HP,T30+P40+P50,0.5848759021034782,0.14743487386288745,0.088972702584174,187,608,433
HPT_flow_mod,HPT,HP,T48+T50+P15,0.5740364093869669,-0.16754540772766813,-0.22697846822546586,187,608,433
HPT_flow_mod,HPT,HP,T48+T50+P21,0.5740364093874157,-0.16735866366113927,-0.2267162502303064,187,608,433
HPT_flow_mod,HPT,HP,T48+T50+P24,0.5250034352059031,-0.2647539765248583,-0.39777393650441195,187,608,433
HPT_flow_mod,HPT,HP,T48+T50+Ps30,0.3569870259923422,-0.23708505413857672,-0.3669237452485852,187,608,433
HPT_flow_mod,HPT,HP,T48+T50+P40,0.2944468005694205,-0.18041007439172496,-0.20450286622614988,187,608,433
HPT_flow_mod,HPT,HP,T48+T50+P50,0.37621157469277766,-0.2543239970133939,-0.24932299915341494,187,608,433
HPT_flow_mod,HPT,HP,T48+P15+P21,0.5310632839209833,-0.21151104520575137,-0.28222404004156654,187,608,433
HPT_flow_mod,HPT,HP,T48+P15+P24,0.30123686557316437,-0.31087436449189987,-0.21009494644883708,187,608,433
HPT_flow_mod,HPT,HP,T48+P15+Ps30,0.3073070672012996,0.03347298087269179,-0.042030325394997625,187,608,433
HPT_flow_mod,HPT,HP,T48+P15+P40,0.40483183212188695,-0.0941549778143298,-0.18990262799019364,187,608,433
HPT_flow_mod,HPT,HP,T48+P15+P50,0.5988627175374543,-0.2569405247418015,-0.3423676602945538,187,608,433
HPT_flow_mod,HPT,HP,T48+P21+P24,0.30123686557480367,-0.31105949044330705,-0.21035489235700866,187,608,433
HPT_flow_mod,HPT,HP,T48+P21+Ps30,0.30730706720215223,0.03349039765564499,-0.04200586949720675,187,608,433
HPT_flow_mod,HPT,HP,T48+P21+P40,0.2780518105803965,-0.10487743301485475,-0.20912935226078844,187,608,433
HPT_flow_mod,HPT,HP,T48+P21+P50,0.5988627175385134,-0.2570543467609223,-0.3425274842852346,187,608,433
HPT_flow_mod,HPT,HP,T48+P24+Ps30,0.440250328594283,0.31441373624743574,0.28161349073579545,187,608,433
HPT_flow_mod,HPT,HP,T48+P24+P40,0.6435394382681258,0.2635109381988453,0.20340755500684293,187,608,433
HPT_flow_mod,HPT,HP,T48+P24+P50,0.5399077151978985,0.31249008078387175,0.239106261153475,187,608,433
HPT_flow_mod,HPT,HP,T48+Ps30+P40,0.18744446590317745,-0.0887688566913527,-0.15979832486046286,187,608,433
HPT_flow_mod,HPT,HP,T48+Ps30+P50,0.42867078762542765,0.0917563017708215,-0.0038705848317175384,187,608,433
HPT_flow_mod,HPT,HP,T48+P40+P50,0.32091698897854265,0.03528338557835298,-0.022506272606712896,187,608,433
HPT_flow_mod,HPT,HP,T50+P15+P21,0.5564151997776959,0.10143091959995731,0.10166162605857199,187,608,433
HPT_flow_mod,HPT,HP,T50+P15+P24,0.3306915210513089,0.09064759236624687,0.06778115642305482,187,608,433
HPT_flow_mod,HPT,HP,T50+P15+Ps30,0.2410725547638225,0.05307814053090276,-0.008718004669970414,187,608,433
HPT_flow_mod,HPT,HP,T50+P15+P40,0.3903019688559743,0.06682560551010697,-0.05530989891645244,187,608,433
HPT_flow_mod,HPT,HP,T50+P15+P50,0.4326533007361372,-0.01602079930576572,-0.1089040870000777,187,608,433
HPT_flow_mod,HPT,HP,T50+P21+P24,0.3306915210528001,0.09055468378956033,0.06765069819194935,187,608,433
HPT_flow_mod,HPT,HP,T50+P21+Ps30,0.24107255476389866,0.05301856029067464,-0.008801664684530142,187,608,433
HPT_flow_mod,HPT,HP,T50+P21+P40,0.39030196885616375,0.0667080393156303,-0.055474980317036904,187,608,433
HPT_flow_mod,HPT,HP,T50+P21+P50,0.43265330073722863,-0.016045821401531324,-0.10893922195371841,187,608,433
HPT_flow_mod,HPT,HP,T50+P24+Ps30,0.06326135282365997,0.06214481977124375,-0.053595177692998375,187,608,433
HPT_flow_mod,HPT,HP,T50+P24+P40,0.20305448454665606,0.22734185481411373,0.16465460922538733,187,608,433
HPT_flow_mod,HPT,HP,T50+P24+P50,0.30615091983639964,0.1691861523827155,0.0914555607464057,187,608,433
HPT_flow_mod,HPT,HP,T50+Ps30+P40,0.36309892701928,0.20756368823803006,0.13781687919742447,187,608,433
HPT_flow_mod,HPT,HP,T50+Ps30+P50,0.19112732504391425,0.07911712157225015,-0.0005071054717389334,187,608,433
HPT_flow_mod,HPT,HP,T50+P40+P50,0.35501900227893374,0.14902821395582266,0.12431678264631851,187,608,433
HPT_flow_mod,HPT,HP,P15+P21+P24,0.19904265253704886,-0.07207866362856219,-0.12822767747509012,187,608,433
HPT_flow_mod,HPT,HP,P15+P21+Ps30,0.08738571436196414,0.009583381376547795,0.017255305604900184,187,608,433
HPT_flow_mod,HPT,HP,P15+P21+P40,0.03143006471949362,-0.04390456167461965,0.0037916453103259418,187,608,433
HPT_flow_mod,HPT,HP,P15+P21+P50,0.20045342836786714,0.18789155456501194,0.25552124006776755,187,608,433
HPT_flow_mod,HPT,HP,P15+P24+Ps30,0.23761728578627114,-0.1392516961197796,-0.0035681580185993322,187,608,433
HPT_flow_mod,HPT,HP,P15+P24+P40,-0.14710033913478018,-0.19766883879278452,-0.12574811166569977,187,608,433
HPT_flow_mod,HPT,HP,P15+P24+P50,0.03811201626865973,-0.20395391939100915,-0.2750076722872825,187,608,433
HPT_flow_mod,HPT,HP,P15+Ps30+P40,0.23833634644722176,-0.008093396901193595,-0.07483669463152998,187,608,433
HPT_flow_mod,HPT,HP,P15+Ps30+P50,0.20536397141613116,0.26303102890376495,0.22162404966948468,187,608,433
HPT_flow_mod,HPT,HP,P15+P40+P50,0.06300408085849285,0.13395134801882225,0.09342548033814813,187,608,433
HPT_flow_mod,HPT,HP,P21+P24+Ps30,0.23761728578412103,-0.13923332577482572,-0.0035423631676994027,187,608,433
HPT_flow_mod,HPT,HP,P21+P24+P40,-0.14710033913687434,-0.19763634152847165,-0.1257024804022555,187,608,433
HPT_flow_mod,HPT,HP,P21+P24+P50,0.03811201626976508,-0.20365745226550724,-0.2745913858832394,187,608,433
HPT_flow_mod,HPT,HP,P21+Ps30+P40,0.350746218493679,0.10959994288485941,0.04613100772380674,187,608,433
HPT_flow_mod,HPT,HP,P21+Ps30+P50,0.20536397141767845,0.2631470335490803,0.22178693840904506,187,608,433
HPT_flow_mod,HPT,HP,P21+P40+P50,0.08907653260574587,0.1189138147201384,0.06515406964955006,187,608,433
HPT_flow_mod,HPT,HP,P24+Ps30+P40,0.03428770579190895,0.19704264012601058,0.13265536173161463,187,608,433
HPT_flow_mod,HPT,HP,P24+Ps30+P50,0.22425214466462914,0.27118931445819905,0.23263604496737045,187,608,433
HPT_flow_mod,HPT,HP,P24+P40+P50,0.4462680340874278,0.18961659607553205,0.16153224128924348,187,608,433
HPT_flow_mod,HPT,HP,Ps30+P40+P50,0.23400741330196614,-0.026014533493134318,-0.03511343802197553,187,608,433
LPT_eff_mod,LPT,LP,Wf+Nf+Nc,0.5136220876425324,0.1318727503623014,0.1491979545960861,471,326,253
LPT_eff_mod,LPT,LP,Wf+Nf+T24,0.6073583418401022,0.4065776797712304,0.41565105807139224,471,326,253
LPT_eff_mod,LPT,LP,Wf+Nf+T30,0.6113103095966496,0.18407543123371928,0.2062466101574083,471,326,253
LPT_eff_mod,LPT,LP,Wf+Nf+T48,0.8115740309043803,0.20859262362570685,0.17620172630555497,471,326,253
LPT_eff_mod,LPT,LP,Wf+Nf+T50,0.6617640927155823,0.18069518178864985,0.18893532476254093,471,326,253
LPT_eff_mod,LPT,LP,Wf+Nf+P15,0.5015813611237865,0.2854746947404381,0.3075676392314104,471,326,253
LPT_eff_mod,LPT,LP,Wf+Nf+P21,0.5015813611240825,0.28567909290879034,0.3075676392314749,471,326,253
LPT_eff_mod,LPT,LP,Wf+Nf+P24,0.5791830660731154,0.2800855019424823,0.2433415154876265,471,326,253
LPT_eff_mod,LPT,LP,Wf+Nf+Ps30,0.56481010318342,0.280222844331087,0.2658804889416633,471,326,253
LPT_eff_mod,LPT,LP,Wf+Nf+P40,0.7521469913746298,0.21734633798205694,0.18310854557435152,471,326,253
LPT_eff_mod,LPT,LP,Wf+Nf+P50,0.38770948682070555,0.1828372333688273,0.1249684391939413,471,326,253
LPT_eff_mod,LPT,LP,Wf+Nc+T24,0.4686919627701112,0.2613806672219937,0.18755417035493815,471,326,253
LPT_eff_mod,LPT,LP,Wf+Nc+T30,0.3784132559748518,0.4692552159691835,0.5334661136876775,471,326,253
LPT_eff_mod,LPT,LP,Wf+Nc+T48,0.6598717028631936,0.39492138953670775,0.33529629497105995,471,326,253
LPT_eff_mod,LPT,LP,Wf+Nc+T50,0.8082708277153845,0.16725222174097953,0.16128090739708412,471,326,253
LPT_eff_mod,LPT,LP,Wf+Nc+P15,0.7006076118045044,0.1777703684370946,0.14656599586195496,471,326,253
LPT_eff_mod,LPT,LP,Wf+Nc+P21,0.700607611804514,0.17785471325130797,0.14656599586193342,471,326,253
LPT_eff_mod,LPT,LP,Wf+Nc+P24,0.7281141891497424,0.5025691697614794,0.48540178121203836,471,326,253
LPT_eff_mod,LPT,LP,Wf+Nc+Ps30,0.5230920899388106,0.12822278185587965,0.10338086369750021,471,326,253
LPT_eff_mod,LPT,LP,Wf+Nc+P40,0.4732645439963154,0.17421095618217475,0.213995861480204,471,326,253
LPT_eff_mod,LPT,LP,Wf+Nc+P50,0.308450849970905,0.029097342137229143,-0.08556338272842856,471,326,253
LPT_eff_mod,LPT,LP,Wf+T24+T30,0.6000410868312164,0.4777312938271665,0.4582277660646643,471,326,253
LPT_eff_mod,LPT,LP,Wf+T24+T48,0.5159142265637836,0.39349061567236165,0.5081591905024114,471,326,253
LPT_eff_mod,LPT,LP,Wf+T24+T50,0.5864993372047362,0.6093996800511126,0.5798703719990161,471,326,253
LPT_eff_mod,LPT,LP,Wf+T24+P15,0.6801937809084677,0.5512394093997292,0.5248024375583602,471,326,253
LPT_eff_mod,LPT,LP,Wf+T24+P21,0.680193780909141,0.551217657634925,0.5248024375582403,471,326,253
LPT_eff_mod,LPT,LP,Wf+T24+P24,0.3301567179569049,0.2657550134320982,0.318358196014108,471,326,253
LPT_eff_mod,LPT,LP,Wf+T24+Ps30,0.5822309453722841,0.2989126176193482,0.22185854718986064,471,326,253
LPT_eff_mod,LPT,LP,Wf+T24+P40,0.6062951293915776,0.18851091495048222,0.18845631678651054,471,326,253
LPT_eff_mod,LPT,LP,Wf+T24+P50,0.5482055337801671,0.3208718400814742,0.2813132522877271,471,326,253
LPT_eff_mod,LPT,LP,Wf+T30+T48,0.7232523452534595,0.3014475749963117,0.4008487894712237,471,326,253
LPT_eff_mod,LPT,LP,Wf+T30+T50,0.8089816461103755,0.4279875357701858,0.4490211342470165,471,326,253
LPT_eff_mod,LPT,LP,Wf+T30+P15,0.5517035253419096,-0.007463437818400642,-0.02158921888669707,471,326,253
LPT_eff_mod,LPT,LP,Wf+T30+P21,0.4822979297877238,0.22247416441860968,0.18815284405674804,471,326,253
LPT_eff_mod,LPT,LP,Wf+T30+P24,0.5626434720876335,0.5281234225659526,0.5492526590291548,471,326,253
LPT_eff_mod,LPT,LP,Wf+T30+Ps30,0.6033689618778629,0.26699810939032076,0.24644916481684853,471,326,253
LPT_eff_mod,LPT,LP,Wf+T30+P40,0.15812942203776448,-0.014025560417957328,0.044509402764636996,471,326,253
LPT_eff_mod,LPT,LP,Wf+T30+P50,0.31110326186985837,0.22068176974459375,0.12937399260969784,471,326,253
LPT_eff_mod,LPT,LP,Wf+T48+T50,0.9170622444419483,0.1343004297679714,0.101833505873279,471,326,253
LPT_eff_mod,LPT,LP,Wf+T48+P15,0.7929288812118352,0.2659266124307246,0.18193449459771038,471,326,253
LPT_eff_mod,LPT,LP,Wf+T48+P21,0.7929288812125048,0.2659164273290894,0.1819344945971999,471,326,253
LPT_eff_mod,LPT,LP,Wf+T48+P24,0.7195253976416123,0.3272034808363249,0.30162873816318636,471,326,253
LPT_eff_mod,LPT,LP,Wf+T48+Ps30,0.7098878733182025,0.20254615981106805,0.11190880093427813,471,326,253
LPT_eff_mod,LPT,LP,Wf+T48+P40,0.7437725756866289,0.07014471098345731,0.0435391864204403,471,326,253
LPT_eff_mod,LPT,LP,Wf+T48+P50,0.7448081774922267,0.3207308728529549,0.23633716692813478,471,326,253
LPT_eff_mod,LPT,LP,Wf+T50+P15,0.7503647163479503,0.32656205242778913,0.294523649328291,471,326,253
LPT_eff_mod,LPT,LP,Wf+T50+P21,0.7503647163484745,0.3265768277052321,0.2945236493280413,471,326,253
LPT_eff_mod,LPT,LP,Wf+T50+P24,0.7884408990754569,0.21262298144226954,0.22772626308361477,471,326,253
LPT_eff_mod,LPT,LP,Wf+T50+Ps30,0.5617085915270975,0.3933699062372652,0.32233405142851523,471,326,253
LPT_eff_mod,LPT,LP,Wf+T50+P40,0.6178279862101285,0.3906125583290744,0.36774516277206404,471,326,253
LPT_eff_mod,LPT,LP,Wf+T50+P50,0.6437222615404858,0.345897314644933,0.31461091973156186,471,326,253
LPT_eff_mod,LPT,LP,Wf+P15+P21,0.6150759242761284,0.0639684689873371,-0.005236775223856904,471,326,253
LPT_eff_mod,LPT,LP,Wf+P15+P24,0.4459676322625487,0.18423984320344833,0.12324902766490253,471,326,253
LPT_eff_mod,LPT,LP,Wf+P15+Ps30,0.6120824997822603,0.42087604594385875,0.3627294795982803,471,326,253
LPT_eff_mod,LPT,LP,Wf+P15+P40,0.7320825735623081,0.44850010041582067,0.3866921106921979,471,326,253
LPT_eff_mod,LPT,LP,Wf+P15+P50,0.6406166074268211,0.25369410758287814,0.22883977068782324,471,326,253
LPT_eff_mod,LPT,LP,Wf+P21+P24,0.4459676322626976,0.18404084042577484,0.12324902766398482,471,326,253
LPT_eff_mod,LPT,LP,Wf+P21+Ps30,0.6120824997826634,0.42091962301214003,0.36272947959814617,471,326,253
LPT_eff_mod,LPT,LP,Wf+P21+P40,0.6645177592789059,0.44004591659848413,0.3696266350068166,471,326,253
LPT_eff_mod,LPT,LP,Wf+P21+P50,0.6457427726948161,0.28336171151811995,0.272118056501215,471,326,253
LPT_eff_mod,LPT,LP,Wf+P24+Ps30,0.5083463177499594,0.3432463108668856,0.3663178243787215,471,326,253
LPT_eff_mod,LPT,LP,Wf+P24+P40,0.6476196745976981,0.32570627043878175,0.24508630629801842,471,326,253
LPT_eff_mod,LPT,LP,Wf+P24+P50,0.24082422293285827,0.28818152881493453,0.25079146524379103,471,326,253
LPT_eff_mod,LPT,LP,Wf+Ps30+P40,0.6655447130284594,0.20944158755048747,0.18348636884197878,471,326,253
LPT_eff_mod,LPT,LP,Wf+Ps30+P50,0.47297055646676295,0.24004833353107824,0.2660348696746715,471,326,253
LPT_eff_mod,LPT,LP,Wf+P40+P50,0.5067638121036316,0.23036618532435782,0.2216677640318644,471,326,253
LPT_eff_mod,LPT,LP,Nf+Nc+T24,0.6805961233802499,0.09724257696167882,0.03969857608439609,471,326,253
LPT_eff_mod,LPT,LP,Nf+Nc+T30,0.636951558307371,0.13887737136326528,0.07435024025487569,471,326,253
LPT_eff_mod,LPT,LP,Nf+Nc+T48,0.8831766411671577,0.08558488917009532,0.0044446702655683845,471,326,253
LPT_eff_mod,LPT,LP,Nf+Nc+T50,0.8166145381388492,0.37171705444729486,0.33014473684370316,471,326,253
LPT_eff_mod,LPT,LP,Nf+Nc+P15,0.5022114505110251,-0.12515905549125272,-0.20388037290712746,471,326,253
LPT_eff_mod,LPT,LP,Nf+Nc+P21,0.5022114505114083,-0.12513102378040308,-0.20388037290566885,471,326,253
LPT_eff_mod,LPT,LP,Nf+Nc+P24,0.3987068082901616,0.22432869696596336,0.20995198580965735,471,326,253
LPT_eff_mod,LPT,LP,Nf+Nc+Ps30,0.5988070727619271,0.4523585295917336,0.3954211048969072,471,326,253
LPT_eff_mod,LPT,LP,Nf+Nc+P40,0.719117845694513,0.49222925701456866,0.45156885492278176,471,326,253
LPT_eff_mod,LPT,LP,Nf+Nc+P50,0.5210861882788639,-0.13931831008417261,-0.24400323117340506,471,326,253
LPT_eff_mod,LPT,LP,Nf+T24+T30,0.7832786963092933,0.3217524799622732,0.28294831572668233,471,326,253
LPT_eff_mod,LPT,LP,Nf+T24+T48,0.5192237492348306,0.2577336003253359,0.22538315190717517,471,326,253
LPT_eff_mod,LPT,LP,Nf+T24+T50,0.6240631203543648,0.2989946688441767,0.3168738760266031,471,326,253
LPT_eff_mod,LPT,LP,Nf+T24+P15,0.29221586298385027,-0.09800333100825287,-0.06363981818803688,471,326,253
LPT_eff_mod,LPT,LP,Nf+T24+P21,0.292215862984583,-0.0977860331617233,-0.06363981818923947,471,326,253
LPT_eff_mod,LPT,LP,Nf+T24+P24,0.3410053313919277,0.2298148646065803,0.189873385954748,471,326,253
LPT_eff_mod,LPT,LP,Nf+T24+Ps30,0.34662642956998085,0.03162264330396514,-0.040232474487086556,471,326,253
LPT_eff_mod,LPT,LP,Nf+T24+P40,0.4855288156017484,0.0918480646775488,-0.056591313446250346,471,326,253
LPT_eff_mod,LPT,LP,Nf+T24+P50,0.44716832223919617,0.15047502823276726,0.07249085024807855,471,326,253
LPT_eff_mod,LPT,LP,Nf+T30+T48,0.8179161028520598,0.3822289961688268,0.31360832114867343,471,326,253
LPT_eff_mod,LPT,LP,Nf+T30+T50,0.7248253313947206,0.4993580492155385,0.42945731522637764,471,326,253
LPT_eff_mod,LPT,LP,Nf+T30+P15,0.227399126483991,-0.14598688104241075,-0.1995096200437434,471,326,253
LPT_eff_mod,LPT,LP,Nf+T30+P21,0.22739912648365251,-0.14582196346993292,-0.1995096200426647,471,326,253
LPT_eff_mod,LPT,LP,Nf+T30+P24,0.033924622958779654,-0.11688775399756546,-0.1658144842185787,471,326,253
LPT_eff_mod,LPT,LP,Nf+T30+Ps30,0.5470217447739227,0.33216634417744617,0.2337181182333823,471,326,253
LPT_eff_mod,LPT,LP,Nf+T30+P40,0.6038869450251209,0.20854279974435597,0.08807321937576418,471,326,253
LPT_eff_mod,LPT,LP,Nf+T30+P50,0.22157736195104458,0.03924073398842498,-0.015249479487619899,471,326,253
LPT_eff_mod,LPT,LP,Nf+T48+T50,0.8406450056199014,0.22970002373093656,0.17378952953058258,471,326,253
LPT_eff_mod,LPT,LP,Nf+T48+P15,0.7390948449769097,0.18092127198562102,0.12695356956505421,471,326,253
LPT_eff_mod,LPT,LP,Nf+T48+P21,0.6705533479006174,0.23487231483737447,0.21837395018963257,471,326,253
LPT_eff_mod,LPT,LP,Nf+T48+P24,0.6173668231069707,0.25647298529176876,0.1869760537294063,471,326,253
LPT_eff_mod,LPT,LP,Nf+T48+Ps30,0.7139532016730289,0.15437169561693231,0.033447608028954634,471,326,253
LPT_eff_mod,LPT,LP,Nf+T48+P40,0.711903996755565,0.09700689555925768,0.012989137221743885,471,326,253
LPT_eff_mod,LPT,LP,Nf+T48+P50,0.7748145447789192,0.09325929055757909,0.009180150911724638,471,326,253
LPT_eff_mod,LPT,LP,Nf+T50+P15,0.6758703240220773,0.14982677208469308,0.14734721987841082,471,326,253
LPT_eff_mod,LPT,LP,Nf+T50+P21,0.6758703240222196,0.14995384526519973,0.14734721987785793,471,326,253
LPT_eff_mod,LPT,LP,Nf+T50+P24,0.6926257212330699,0.05668738346398261,0.0012440731765349655,471,326,253
LPT_eff_mod,LPT,LP,Nf+T50+Ps30,0.8311014872323353,0.26260370105069897,0.14818393002901586,471,326,253
LPT_eff_mod,LPT,LP,Nf+T50+P40,0.8178057138114886,0.29950135573672776,0.20144727136200824,471,326,253
LPT_eff_mod,LPT,LP,Nf+T50+P50,0.7655267788470181,0.08481174946946579,0.003967694075484807,471,326,253
LPT_eff_mod,LPT,LP,Nf+P15+P21,0.12987859481689631,-0.057766927377765453,-0.11301757569225002,471,326,253
LPT_eff_mod,LPT,LP,Nf+P15+P24,0.30241535735357417,0.20153116229667056,0.1996439172068747,471,326,253
LPT_eff_mod,LPT,LP,Nf+P15+Ps30,0.16732682530894966,0.2671849225945323,0.22936281651434987,471,326,253
LPT_eff_mod,LPT,LP,Nf+P15+P40,0.23009996813867284,0.3073989410146195,0.2842020014953739,471,326,253
LPT_eff_mod,LPT,LP,Nf+P15+P50,0.2771602751808567,0.23942554453418297,0.2598803101150975,471,326,253
LPT_eff_mod,LPT,LP,Nf+P21+P24,0.302415357355172,0.20112061026860795,0.19964391720467078,471,326,253
LPT_eff_mod,LPT,LP,Nf+P21+Ps30,0.16732682530913184,0.2673445632113497,0.22936281651411683,471,326,253
LPT_eff_mod,LPT,LP,Nf+P21+P40,0.24465346924764655,0.23421251462763093,0.193057269928404,471,326,253
LPT_eff_mod,LPT,LP,Nf+P21+P50,0.27716027518132,0.2391656911839064,0.2598803101146636,471,326,253
LPT_eff_mod,LPT,LP,Nf+P24+Ps30,0.3803479495991581,0.4009683810472191,0.37703437295308195,471,326,253
LPT_eff_mod,LPT,LP,Nf+P24+P40,0.1996252664617326,0.21833751125996304,0.14166018404317282,471,326,253
LPT_eff_mod,LPT,LP,Nf+P24+P50,0.30893339030149586,0.03361906961750338,0.08901423945709463,471,326,253
LPT_eff_mod,LPT,LP,Nf+Ps30+P40,0.2531659191316792,0.3233004918959287,0.27865765077492666,471,326,253
LPT_eff_mod,LPT,LP,Nf+Ps30+P50,0.05023426821358184,0.23092017463557535,0.2838159233676285,471,326,253
LPT_eff_mod,LPT,LP,Nf+P40+P50,0.13211494270138757,0.07859560617180561,0.09782274408739389,471,326,253
LPT_eff_mod,LPT,LP,Nc+T24+T30,0.7560720385199573,0.521258747818603,0.49756800288443126,471,326,253
LPT_eff_mod,LPT,LP,Nc+T24+T48,0.8324274830297098,0.4966785448829961,0.47831596376405494,471,326,253
LPT_eff_mod,LPT,LP,Nc+T24+T50,0.7430446213128274,0.562605147227262,0.572056332283223,471,326,253
LPT_eff_mod,LPT,LP,Nc+T24+P15,-0.027741926336057567,0.14472656875634393,0.04407972286430473,471,326,253
LPT_eff_mod,LPT,LP,Nc+T24+P21,-0.027741926337209462,0.14473427929045868,0.04407972286347128,471,326,253
LPT_eff_mod,LPT,LP,Nc+T24+P24,0.39432813827276797,0.28761175624541235,0.24238877211136212,471,326,253
LPT_eff_mod,LPT,LP,Nc+T24+Ps30,0.3334178005059472,0.05579810016902231,-0.00518962198629902,471,326,253
LPT_eff_mod,LPT,LP,Nc+T24+P40,0.4315979052369276,0.037785058662420434,0.07948570082190609,471,326,253
LPT_eff_mod,LPT,LP,Nc+T24+P50,0.5061871187109236,0.21235761230461336,0.1447083138665538,471,326,253
LPT_eff_mod,LPT,LP,Nc+T30+T48,0.8076892506863377,0.6545485060920252,0.6464148902468021,471,326,253
LPT_eff_mod,LPT,LP,Nc+T30+T50,0.8150759088994877,0.5419920402248353,0.5103117765714897,471,326,253
LPT_eff_mod,LPT,LP,Nc+T30+P15,0.6680298568819317,0.41727786421257673,0.3843126101086166,471,326,253
LPT_eff_mod,LPT,LP,Nc+T30+P21,0.6680298568818728,0.4173225601822076,0.3843126101087899,471,326,253
LPT_eff_mod,LPT,LP,Nc+T30+P24,0.7447387519320497,0.4300464426845294,0.4159491456637596,471,326,253
LPT_eff_mod,LPT,LP,Nc+T30+Ps30,0.5764510869791897,0.29790482977728616,0.24704088926009304,471,326,253
LPT_eff_mod,LPT,LP,Nc+T30+P40,0.7290433342912035,0.3628557809121912,0.2831089580669516,471,326,253
LPT_eff_mod,LPT,LP,Nc+T30+P50,0.6721303920226409,0.3855485916067344,0.2888248585116481,471,326,253
LPT_eff_mod,LPT,LP,Nc+T48+T50,0.8388450458175968,0.34279535050247567,0.25742237333234175,471,326,253
LPT_eff_mod,LPT,LP,Nc+T48+P15,0.8292833747068867,0.010773166122862499,-0.032514907039917995,471,326,253
LPT_eff_mod,LPT,LP,Nc+T48+P21,0.8292833747071767,0.010899684062912529,-0.0325149070404116,471,326,253
LPT_eff_mod,LPT,LP,Nc+T48+P24,0.7295705520449596,0.2407493756289808,0.24250091152266695,471,326,253
LPT_eff_mod,LPT,LP,Nc+T48+Ps30,0.6752012185791951,0.14926549788282906,0.1287263795603284,471,326,253
LPT_eff_mod,LPT,LP,Nc+T48+P40,0.5704442842094988,0.09654559763121684,0.11922362625999572,471,326,253
LPT_eff_mod,LPT,LP,Nc+T48+P50,0.6045074988252706,0.05319235722447402,-0.0620139723307771,471,326,253
LPT_eff_mod,LPT,LP,Nc+T50+P15,0.776829092288678,-0.11582170148491411,-0.048924999726158935,471,326,253
LPT_eff_mod,LPT,LP,Nc+T50+P21,0.7768290922891892,-0.11581439060125387,-0.04892499972647313,471,326,253
LPT_eff_mod,LPT,LP,Nc+T50+P24,0.7911018652686775,0.22455850858838433,0.1887115429271139,471,326,253
LPT_eff_mod,LPT,LP,Nc+T50+Ps30,0.5482487909068136,0.3845311580926456,0.33507730284324544,471,326,253
LPT_eff_mod,LPT,LP,Nc+T50+P40,0.5350785717354934,0.15997614845457175,0.11465314667154192,471,326,253
LPT_eff_mod,LPT,LP,Nc+T50+P50,0.7184934928355287,0.17742593503515702,0.15824430846263415,471,326,253
LPT_eff_mod,LPT,LP,Nc+P15+P21,0.5274821621303696,0.17523857295501577,0.15770430504988597,471,326,253
LPT_eff_mod,LPT,LP,Nc+P15+P24,0.5131703852329087,-0.6160937191613518,-0.853853801178704,471,326,253
LPT_eff_mod,LPT,LP,Nc+P15+Ps30,0.785720705159984,0.1920011586314294,0.14743798455801094,471,326,253
LPT_eff_mod,LPT,LP,Nc+P15+P40,0.5926170634357784,0.38728607436312934,0.30379282558987397,471,326,253
LPT_eff_mod,LPT,LP,Nc+P15+P50,0.7106062998658419,0.09056224713071948,0.03583170297637828,471,326,253
LPT_eff_mod,LPT,LP,Nc+P21+P24,0.43888605107210227,-0.2534290409832609,-0.4610268138417699,471,326,253
LPT_eff_mod,LPT,LP,Nc+P21+Ps30,0.7463363333490545,0.3527696169619593,0.25992144358864777,471,326,253
LPT_eff_mod,LPT,LP,Nc+P21+P40,0.5926170634357687,0.3872332902331832,0.3037928255899618,471,326,253
LPT_eff_mod,LPT,LP,Nc+P21+P50,0.7106062998654512,0.09075858232062095,0.035831702979176594,471,326,253
LPT_eff_mod,LPT,LP,Nc+P24+Ps30,0.6194165514712141,0.34204064029332437,0.29945366935702666,471,326,253
LPT_eff_mod,LPT,LP,Nc+P24+P40,0.6040483057963718,0.4349605164534789,0.42585450209876274,471,326,253
LPT_eff_mod,LPT,LP,Nc+P24+P50,0.6305860487335365,-0.043442170194073926,-0.03609567081462761,471,326,253
LPT_eff_mod,LPT,LP,Nc+Ps30+P40,0.6613587899837111,0.41089238977334985,0.36689996123912416,471,326,253
LPT_eff_mod,LPT,LP,Nc+Ps30+P50,0.5104623421401606,0.48633190800059156,0.50449728364428,471,326,253
LPT_eff_mod,LPT,LP,Nc+P40+P50,0.6156140711010686,0.46853484753350205,0.37937480576483107,471,326,253
LPT_eff_mod,LPT,LP,T24+T30+T48,0.6532658209039744,0.45942040614649926,0.5291054326095733,471,326,253
LPT_eff_mod,LPT,LP,T24+T30+T50,0.6217132818874941,0.6052636465174219,0.558873657515609,471,326,253
LPT_eff_mod,LPT,LP,T24+T30+P15,0.4425060829479011,-0.3601849103741621,-0.16638144724489234,471,326,253
LPT_eff_mod,LPT,LP,T24+T30+P21,0.4425060829482148,-0.35996869857562674,-0.16638144724487902,471,326,253
LPT_eff_mod,LPT,LP,T24+T30+P24,0.6918731192200137,0.12106298842722385,0.22976261996197445,471,326,253
LPT_eff_mod,LPT,LP,T24+T30+Ps30,0.23147666766905856,0.3182412661323575,0.3531644407036192,471,326,253
LPT_eff_mod,LPT,LP,T24+T30+P40,0.1886357751812336,0.24954515358967821,0.1918732699310035,471,326,253
LPT_eff_mod,LPT,LP,T24+T30+P50,0.11654395842128489,0.2657523436388741,0.21243136968181742,471,326,253
LPT_eff_mod,LPT,LP,T24+T48+T50,0.8825695882025489,0.45793403667153,0.45178534686023186,471,326,253
LPT_eff_mod,LPT,LP,T24+T48+P15,0.7467912742842334,0.17504057767647485,0.1890092183914709,471,326,253
LPT_eff_mod,LPT,LP,T24+T48+P21,0.7467912742841974,0.17499977194563443,0.1890092183913067,471,326,253
LPT_eff_mod,LPT,LP,T24+T48+P24,0.44554865626792556,-0.0346046321372353,-0.05922184035268052,471,326,253
LPT_eff_mod,LPT,LP,T24+T48+Ps30,0.7452795371462414,0.30743275912144963,0.37174755810114724,471,326,253
LPT_eff_mod,LPT,LP,T24+T48+P40,0.7596901376070961,0.1887673728607745,0.11803259872127292,471,326,253
LPT_eff_mod,LPT,LP,T24+T48+P50,0.7511772606129453,0.20401360743778663,0.23444050598440525,471,326,253
LPT_eff_mod,LPT,LP,T24+T50+P15,0.6256224037909266,0.14268327370928902,0.19446822312823175,471,326,253
LPT_eff_mod,LPT,LP,T24+T50+P21,0.6256224037931054,0.14262753765312874,0.194468223126537,471,326,253
LPT_eff_mod,LPT,LP,T24+T50+P24,0.6561318569202351,0.26546160470336877,0.2646076590175567,471,326,253
LPT_eff_mod,LPT,LP,T24+T50+Ps30,0.6325350841938446,0.29798498720091326,0.32308601694943384,471,326,253
LPT_eff_mod,LPT,LP,T24+T50+P40,0.6569265025885359,0.34802851900260956,0.3412100929798514,471,326,253
LPT_eff_mod,LPT,LP,T24+T50+P50,0.7123916067766531,0.3289836183237721,0.3107144113236646,471,326,253
LPT_eff_mod,LPT,LP,T24+P15+P21,0.4942783726444662,0.07496048771138453,0.07592919634520645,471,326,253
LPT_eff_mod,LPT,LP,T24+P15+P24,0.2647756424303461,0.0500830642017267,0.03725355031030042,471,326,253
LPT_eff_mod,LPT,LP,T24+P15+Ps30,0.38856610605227926,0.3208819744185756,0.24876828890898817,471,326,253
LPT_eff_mod,LPT,LP,T24+P15+P40,0.22579634893788655,0.14137884418179436,0.026831135492280778,471,326,253
LPT_eff_mod,LPT,LP,T24+P15+P50,0.4149277716992093,-0.045954674572016296,0.0035328298844470307,471,326,253
LPT_eff_mod,LPT,LP,T24+P21+P24,0.26477564243057683,0.050259210243130736,0.03725355031001343,471,326,253
LPT_eff_mod,LPT,LP,T24+P21+Ps30,0.2722088532997325,0.2965820443963224,0.2151394933285493,471,326,253
LPT_eff_mod,LPT,LP,T24+P21+P40,0.2257963489372226,0.14136934480651075,0.02683113549210503,471,326,253
LPT_eff_mod,LPT,LP,T24+P21+P50,0.4149277716995893,-0.046062687260757684,0.0035328298849739426,471,326,253
LPT_eff_mod,LPT,LP,T24+P24+Ps30,0.4311512597155621,0.2738718486308096,0.21441193204499798,471,326,253
LPT_eff_mod,LPT,LP,T24+P24+P40,0.4439011250464054,0.20888325753233605,0.1286705941921401,471,326,253
LPT_eff_mod,LPT,LP,T24+P24+P50,0.25299869973150635,0.16229450762651365,0.14437163280186194,471,326,253
LPT_eff_mod,LPT,LP,T24+Ps30+P40,0.5526670977070961,0.11311876368595619,0.06347170553764392,471,326,253
LPT_eff_mod,LPT,LP,T24+Ps30+P50,0.33253985519967316,0.29149946369848545,0.2627479022978314,471,326,253
LPT_eff_mod,LPT,LP,T24+P40+P50,0.24536811252645943,0.35955867958765964,0.3494047203920283,471,326,253
LPT_eff_mod,LPT,LP,T30+T48+T50,0.8518783410871509,0.4911783363139235,0.45931286860221177,471,326,253
LPT_eff_mod,LPT,LP,T30+T48+P15,0.6354118140169591,0.031136558395257752,0.1401280527312645,471,326,253
LPT_eff_mod,LPT,LP,T30+T48+P21,0.6354118140175952,0.03149744255469389,0.14012805273107198,471,326,253
LPT_eff_mod,LPT,LP,T30+T48+P24,0.8404038234765862,0.411348746810306,0.42760501953929275,471,326,253
LPT_eff_mod,LPT,LP,T30+T48+Ps30,0.7734047280591335,0.307638205313563,0.26508710243151345,471,326,253
LPT_eff_mod,LPT,LP,T30+T48+P40,0.8598801085038279,0.4192959123769192,0.4018287908021302,471,326,253
LPT_eff_mod,LPT,LP,T30+T48+P50,0.46653126888316976,0.3725132830676161,0.3314812058031872,471,326,253
LPT_eff_mod,LPT,LP,T30+T50+P15,0.753222087078309,0.30736191074691754,0.3246425372269357,471,326,253
LPT_eff_mod,LPT,LP,T30+T50+P21,0.7532220870787708,0.3074789652042548,0.32464253722652703,471,326,253
LPT_eff_mod,LPT,LP,T30+T50+P24,0.8152005884156969,0.4047762676289751,0.385623841612033,471,326,253
LPT_eff_mod,LPT,LP,T30+T50+Ps30,0.7265594269541379,0.41282737520944146,0.4662050520784161,471,326,253
LPT_eff_mod,LPT,LP,T30+T50+P40,0.7662473247766234,0.3849819117851575,0.3864423987446063,471,326,253
LPT_eff_mod,LPT,LP,T30+T50+P50,0.42498486458252843,0.25146294751366405,0.12708511978833137,471,326,253
LPT_eff_mod,LPT,LP,T30+P15+P21,0.2802371155241764,-0.10316102896381696,-0.10169503522420631,471,326,253
LPT_eff_mod,LPT,LP,T30+P15+P24,0.20314261678815465,-0.4835214774294805,-0.5575676864009396,471,326,253
LPT_eff_mod,LPT,LP,T30+P15+Ps30,0.33229288731532813,0.0627860884279996,0.04698084941327574,471,326,253
LPT_eff_mod,LPT,LP,T30+P15+P40,0.2923587205174128,0.1798096075704071,0.12735366115098357,471,326,253
LPT_eff_mod,LPT,LP,T30+P15+P50,0.40047149350469585,-0.4267873182815143,-0.42093547579277146,471,326,253
LPT_eff_mod,LPT,LP,T30+P21+P24,0.20314261678588424,-0.4835901886106735,-0.5575676863976793,471,326,253
LPT_eff_mod,LPT,LP,T30+P21+Ps30,0.3322928873154842,0.06269121840046943,0.04698084941335201,471,326,253
LPT_eff_mod,LPT,LP,T30+P21+P40,0.2923587205175752,0.17978153968533672,0.12735366115135105,471,326,253
LPT_eff_mod,LPT,LP,T30+P21+P50,0.4220566104473398,-0.14260426376590063,0.0008835323841560605,471,326,253
LPT_eff_mod,LPT,LP,T30+P24+Ps30,0.5315747701651071,0.2612856327907218,0.21615549886853802,471,326,253
LPT_eff_mod,LPT,LP,T30+P24+P40,0.47331469800719794,0.3249651386496456,0.31334652788760475,471,326,253
LPT_eff_mod,LPT,LP,T30+P24+P50,0.4721975645269158,0.10957022669672811,0.03171104819489701,471,326,253
LPT_eff_mod,LPT,LP,T30+Ps30+P40,0.37748209304274816,0.11714961555994641,0.09118967617723517,471,326,253
LPT_eff_mod,LPT,LP,T30+Ps30+P50,0.4927572286592617,0.26265360440752783,0.21907971818213745,471,326,253
LPT_eff_mod,LPT,LP,T30+P40+P50,0.4986270964795906,0.14431072341612128,0.04025670068289133,471,326,253
LPT_eff_mod,LPT,LP,T48+T50+P15,0.8338444169066236,0.12634503140278863,0.13037789025137736,471,326,253
LPT_eff_mod,LPT,LP,T48+T50+P21,0.8338444169068941,0.1265220182953446,0.13037789025093105,471,326,253
LPT_eff_mod,LPT,LP,T48+T50+P24,0.856192093711149,0.23621472305819602,0.2086388173601338,471,326,253
LPT_eff_mod,LPT,LP,T48+T50+Ps30,0.7155212714077636,0.21369165552826364,0.17970135061028025,471,326,253
LPT_eff_mod,LPT,LP,T48+T50+P40,0.6395300011610414,0.24123002443781194,0.20632484257798966,471,326,253
LPT_eff_mod,LPT,LP,T48+T50+P50,0.9076189645036042,0.23608324511785084,0.14783196389398834,471,326,253
LPT_eff_mod,LPT,LP,T48+P15+P21,0.8043327390667316,0.08067605730371408,0.08351616415136964,471,326,253
LPT_eff_mod,LPT,LP,T48+P15+P24,0.8591230237772434,0.33093840304173916,0.28113744588071166,471,326,253
LPT_eff_mod,LPT,LP,T48+P15+Ps30,0.7360148916818658,0.34823180661591113,0.2964995788328537,471,326,253
LPT_eff_mod,LPT,LP,T48+P15+P40,0.6026749453530709,0.4371359445004206,0.5014655946105606,471,326,253
LPT_eff_mod,LPT,LP,T48+P15+P50,0.8431607659740223,0.1849880509974593,0.25966736876490837,471,326,253
LPT_eff_mod,LPT,LP,T48+P21+P24,0.8591230237777013,0.33088006104587697,0.2811374458799615,471,326,253
LPT_eff_mod,LPT,LP,T48+P21+Ps30,0.7360148916823162,0.3482155989947874,0.2964995788326845,471,326,253
LPT_eff_mod,LPT,LP,T48+P21+P40,0.602674945353122,0.43701587073735304,0.501465594610803,471,326,253
LPT_eff_mod,LPT,LP,T48+P21+P50,0.8431607659733628,0.18484164953572546,0.2596673687662895,471,326,253
LPT_eff_mod,LPT,LP,T48+P24+Ps30,0.5769327386120953,0.4175049144033717,0.4393439856398027,471,326,253
LPT_eff_mod,LPT,LP,T48+P24+P40,0.4443055982997329,0.38211384314325614,0.3424705898044129,471,326,253
LPT_eff_mod,LPT,LP,T48+P24+P50,0.5631077054573981,0.26039212690049585,0.28933009719068514,471,326,253
LPT_eff_mod,LPT,LP,T48+Ps30+P40,0.6416688561111118,0.22440218900291875,0.16632456310933352,471,326,253
LPT_eff_mod,LPT,LP,T48+Ps30+P50,0.6991658089029759,0.2783515223226416,0.2922685015269417,471,326,253
LPT_eff_mod,LPT,LP,T48+P40+P50,0.5043534105743189,0.3402212982231503,0.39035397896413415,471,326,253
LPT_eff_mod,LPT,LP,T50+P15+P21,0.9074415109039065,0.21181735590655792,0.17095230067788514,471,326,253
LPT_eff_mod,LPT,LP,T50+P15+P24,0.8974387480812479,0.19136913136818057,0.16575880795930653,471,326,253
LPT_eff_mod,LPT,LP,T50+P15+Ps30,0.7707763532082458,0.4204257966008623,0.4069007304367661,471,326,253
LPT_eff_mod,LPT,LP,T50+P15+P40,0.6305520121152048,0.4047300973012473,0.42882437929735406,471,326,253
LPT_eff_mod,LPT,LP,T50+P15+P50,0.8429480763273237,0.20538331146770894,0.2599428969344779,471,326,253
LPT_eff_mod,LPT,LP,T50+P21+P24,0.8974387480814056,0.19132059498307974,0.1657588079593687,471,326,253
LPT_eff_mod,LPT,LP,T50+P21+Ps30,0.7707763532082772,0.42032535864708276,0.40690073043705255,471,326,253
LPT_eff_mod,LPT,LP,T50+P21+P40,0.6305520121154772,0.40468209776292874,0.42882437929725414,471,326,253
LPT_eff_mod,LPT,LP,T50+P21+P50,0.8429480763280377,0.20514851869622874,0.2599428969345944,471,326,253
LPT_eff_mod,LPT,LP,T50+P24+Ps30,0.6822891017559494,0.35789467023698796,0.3427795210843604,471,326,253
LPT_eff_mod,LPT,LP,T50+P24+P40,0.7208292823578963,0.3013981403756243,0.28519159074300227,471,326,253
LPT_eff_mod,LPT,LP,T50+P24+P50,0.6968338343271142,0.31353528962456867,0.36777040683566886,471,326,253
LPT_eff_mod,LPT,LP,T50+Ps30+P40,0.8899782576537809,0.32888169278973023,0.27960886045174715,471,326,253
LPT_eff_mod,LPT,LP,T50+Ps30+P50,0.8194600553004828,0.37158589629601124,0.3242250400751656,471,326,253
LPT_eff_mod,LPT,LP,T50+P40+P50,0.7070813755077298,0.38881863831615826,0.32426490692863985,471,326,253
LPT_eff_mod,LPT,LP,P15+P21+P24,0.1250549694618942,0.07500001505431464,0.005989129785988534,471,326,253
LPT_eff_mod,LPT,LP,P15+P21+Ps30,0.22648149036139728,0.3926066694766145,0.36115624847565486,471,326,253
LPT_eff_mod,LPT,LP,P15+P21+P40,0.06513366103339256,0.17745476449648412,0.17063459661086222,471,326,253
LPT_eff_mod,LPT,LP,P15+P21+P50,0.2236012213562519,0.08876770399575995,0.12555323409584085,471,326,253
LPT_eff_mod,LPT,LP,P15+P24+Ps30,0.2101854063552054,0.2217734964888708,0.19113653220427396,471,326,253
LPT_eff_mod,LPT,LP,P15+P24+P40,0.24691523595172432,0.09000637205969453,0.04593893117910397,471,326,253
LPT_eff_mod,LPT,LP,P15+P24+P50,0.39406865533703606,0.06751906744061031,0.08540778887677125,471,326,253
LPT_eff_mod,LPT,LP,P15+Ps30+P40,0.5221403500058223,0.42878868582159124,0.4033745664326889,471,326,253
LPT_eff_mod,LPT,LP,P15+Ps30+P50,0.38383136316272515,0.16500779161329682,0.14915153981231932,471,326,253
LPT_eff_mod,LPT,LP,P15+P40+P50,0.3578840230434795,0.14792244041679703,0.12750318719471898,471,326,253
LPT_eff_mod,LPT,LP,P21+P24+Ps30,0.21018540635584287,0.22170273047812916,0.19113653220312143,471,326,253
LPT_eff_mod,LPT,LP,P21+P24+P40,0.24691523595107473,0.08992552713751245,0.04593893117737535,471,326,253
LPT_eff_mod,LPT,LP,P21+P24+P50,0.3940686553378389,0.0680643089849784,0.08540778887699474,471,326,253
LPT_eff_mod,LPT,LP,P21+Ps30+P40,0.5221403500062307,0.4287907452439774,0.4033745664326408,471,326,253
LPT_eff_mod,LPT,LP,P21+Ps30+P50,0.3452905493371041,-0.013600249775170603,0.01990442117941238,471,326,253
LPT_eff_mod,LPT,LP,P21+P40+P50,0.3578840230445,0.14828183425461627,0.1275031871951654,471,326,253
LPT_eff_mod,LPT,LP,P24+Ps30+P40,0.32240984319174054,0.45878806786569537,0.45194165941362374,471,326,253
LPT_eff_mod,LPT,LP,P24+Ps30+P50,0.3474688425952266,0.35308009069105806,0.29718666797640236,471,326,253
LPT_eff_mod,LPT,LP,P24+P40+P50,0.2506126204607274,0.12037488026727394,0.09106852699152612,471,326,253
LPT_eff_mod,LPT,LP,Ps30+P40+P50,0.40824850934334617,0.1431359928377276,0.16055995826293112,471,326,253
LPT_flow_mod,LPT,LP,Wf+Nf+Nc,0.7515459521812481,0.2880655046632187,0.2880891907402916,471,326,253
LPT_flow_mod,LPT,LP,Wf+Nf+T24,0.6087614020435598,0.1677587638815914,0.12364549630166466,471,326,253
LPT_flow_mod,LPT,LP,Wf+Nf+T30,0.6073613799147386,0.05553544474912753,0.12674864570091537,471,326,253
LPT_flow_mod,LPT,LP,Wf+Nf+T48,0.7407447921310703,0.1040498830499127,0.03694354144101908,471,326,253
LPT_flow_mod,LPT,LP,Wf+Nf+T50,0.740995175009185,0.11963100275584837,0.13594254616708357,471,326,253
LPT_flow_mod,LPT,LP,Wf+Nf+P15,0.4834262333386915,0.2822520915421902,0.2668092386117634,471,326,253
LPT_flow_mod,LPT,LP,Wf+Nf+P21,0.4834262333391487,0.2823152804055803,0.26680923861174843,471,326,253
LPT_flow_mod,LPT,LP,Wf+Nf+P24,0.46202223233862233,0.21062609060984216,0.18639664231124753,471,326,253
LPT_flow_mod,LPT,LP,Wf+Nf+Ps30,0.6849247337244977,0.311280842168955,0.23135622624667274,471,326,253
LPT_flow_mod,LPT,LP,Wf+Nf+P40,0.6097983622423755,0.21547130026559658,0.22675397812832254,471,326,253
LPT_flow_mod,LPT,LP,Wf+Nf+P50,0.5027790172838829,0.1749482400409459,0.12163091618965949,471,326,253
LPT_flow_mod,LPT,LP,Wf+Nc+T24,0.8263553940583778,0.21746589072043998,0.1050156309671968,471,326,253
LPT_flow_mod,LPT,LP,Wf+Nc+T30,0.7317509296556668,0.34808297839935964,0.351089487326665,471,326,253
LPT_flow_mod,LPT,LP,Wf+Nc+T48,0.6163761398480286,0.2714354098921964,0.21659817903508327,471,326,253
LPT_flow_mod,LPT,LP,Wf+Nc+T50,0.6286170631803432,0.07569915486183598,0.16994570081767102,471,326,253
LPT_flow_mod,LPT,LP,Wf+Nc+P15,0.5403294748756674,-0.03444468854887428,-0.09373022688241095,471,326,253
LPT_flow_mod,LPT,LP,Wf+Nc+P21,0.5403294748752662,-0.03444210775085521,-0.09373022688220001,471,326,253
LPT_flow_mod,LPT,LP,Wf+Nc+P24,0.6961243867598083,0.2858075180683619,0.19715356784601634,471,326,253
LPT_flow_mod,LPT,LP,Wf+Nc+Ps30,0.7850872444038169,0.06221897634308449,0.006438708126693227,471,326,253
LPT_flow_mod,LPT,LP,Wf+Nc+P40,0.7593140213874177,-0.010536414247979131,-0.09421378013617021,471,326,253
LPT_flow_mod,LPT,LP,Wf+Nc+P50,0.4358253174879473,0.13434469726651077,0.06798349390939407,471,326,253
LPT_flow_mod,LPT,LP,Wf+T24+T30,0.8105301116703724,0.5017165119358777,0.4955016558754083,471,326,253
LPT_flow_mod,LPT,LP,Wf+T24+T48,0.6493879176140449,0.11781800627737227,0.09989677085087945,471,326,253
LPT_flow_mod,LPT,LP,Wf+T24+T50,0.8418614219294945,0.2883919886681584,0.2582021025607728,471,326,253
LPT_flow_mod,LPT,LP,Wf+T24+P15,0.5795758732916416,0.383847554570275,0.34696979858056687,471,326,253
LPT_flow_mod,LPT,LP,Wf+T24+P21,0.5795758732914263,0.3838707061449972,0.34696979858064725,471,326,253
LPT_flow_mod,LPT,LP,Wf+T24+P24,0.6691392825051341,0.4228222529299883,0.3580854364281997,471,326,253
LPT_flow_mod,LPT,LP,Wf+T24+Ps30,0.6206048401841882,0.13423580720112938,0.11819132032590074,471,326,253
LPT_flow_mod,LPT,LP,Wf+T24+P40,0.39572057001465566,0.06366996375874268,0.06019296938170127,471,326,253
LPT_flow_mod,LPT,LP,Wf+T24+P50,0.41193162856966,0.13773493645720525,0.012998523077654478,471,326,253
LPT_flow_mod,LPT,LP,Wf+T30+T48,0.8248863979236382,0.4786489337673857,0.46143775004981014,471,326,253
LPT_flow_mod,LPT,LP,Wf+T30+T50,0.8797800493841972,0.3903753621389614,0.43622329473468724,471,326,253
LPT_flow_mod,LPT,LP,Wf+T30+P15,0.6275899787320123,0.1788159268256544,0.0924567571912035,471,326,253
LPT_flow_mod,LPT,LP,Wf+T30+P21,0.627589978732357,0.17884863183468092,0.09245675719097746,471,326,253
LPT_flow_mod,LPT,LP,Wf+T30+P24,0.6362762084029848,0.28268070734816875,0.2559814264081941,471,326,253
LPT_flow_mod,LPT,LP,Wf+T30+Ps30,0.541977256109491,0.020841217657793898,-0.03628137049560709,471,326,253
LPT_flow_mod,LPT,LP,Wf+T30+P40,0.5523141800672356,-0.19816484248373745,-0.1477430562732922,471,326,253
LPT_flow_mod,LPT,LP,Wf+T30+P50,0.5600273895024607,0.15863768064616757,0.14751564781903137,471,326,253
LPT_flow_mod,LPT,LP,Wf+T48+T50,0.9232684049109772,0.1913330959405818,0.10347155244648498,471,326,253
LPT_flow_mod,LPT,LP,Wf+T48+P15,0.8778278966116343,0.12069108393163497,0.1306742087544892,471,326,253
LPT_flow_mod,LPT,LP,Wf+T48+P21,0.8778278966116736,0.12067059678158842,0.13067420875459002,471,326,253
LPT_flow_mod,LPT,LP,Wf+T48+P24,0.7567592732232258,0.2829211604423637,0.29064970114311073,471,326,253
LPT_flow_mod,LPT,LP,Wf+T48+Ps30,0.9011152662723865,0.25434466110431897,0.24826936629077578,471,326,253
LPT_flow_mod,LPT,LP,Wf+T48+P40,0.8471345545929806,0.12178386268052266,0.06985903947957428,471,326,253
LPT_flow_mod,LPT,LP,Wf+T48+P50,0.775654339070259,0.358755264868981,0.3472274825473606,471,326,253
LPT_flow_mod,LPT,LP,Wf+T50+P15,0.8748193153763719,0.23550431746139822,0.22768760703242485,471,326,253
LPT_flow_mod,LPT,LP,Wf+T50+P21,0.8748193153764107,0.23550075953152527,0.2276876070323921,471,326,253
LPT_flow_mod,LPT,LP,Wf+T50+P24,0.654307747378567,0.22837341325441585,0.20951548124578045,471,326,253
LPT_flow_mod,LPT,LP,Wf+T50+Ps30,0.7981325573456187,0.29521590188336577,0.24083181314359725,471,326,253
LPT_flow_mod,LPT,LP,Wf+T50+P40,0.7828123605776158,0.22757209345130103,0.20392088041894585,471,326,253
LPT_flow_mod,LPT,LP,Wf+T50+P50,0.6939082580267542,0.2728577570844454,0.25540500571648983,471,326,253
LPT_flow_mod,LPT,LP,Wf+P15+P21,0.6396656043352396,0.14236434289382827,0.12609794795494167,471,326,253
LPT_flow_mod,LPT,LP,Wf+P15+P24,0.6006443199509844,0.058489885042874,-0.016945299250360035,471,326,253
LPT_flow_mod,LPT,LP,Wf+P15+Ps30,0.7508888376406138,0.3393339150666338,0.3015943316731273,471,326,253
LPT_flow_mod,LPT,LP,Wf+P15+P40,0.6695315290537648,0.13542216394605588,0.0714601434237937,471,326,253
LPT_flow_mod,LPT,LP,Wf+P15+P50,0.4683363733518013,0.06105439920510958,0.10272447708444399,471,326,253
LPT_flow_mod,LPT,LP,Wf+P21+P24,0.6006443199510717,0.058452759172926694,-0.01694529925097732,471,326,253
LPT_flow_mod,LPT,LP,Wf+P21+Ps30,0.7508888376409194,0.3393268884178575,0.3015943316725558,471,326,253
LPT_flow_mod,LPT,LP,Wf+P21+P40,0.6695315290541123,0.13544558802613882,0.07146014342268803,471,326,253
LPT_flow_mod,LPT,LP,Wf+P21+P50,0.4683363733513954,0.06106069934130387,0.10272447708647814,471,326,253
LPT_flow_mod,LPT,LP,Wf+P24+Ps30,0.5595785189758883,0.1618572968342995,0.14994814587176974,471,326,253
LPT_flow_mod,LPT,LP,Wf+P24+P40,0.4285293509897108,0.16941859697593675,0.1379039627974996,471,326,253
LPT_flow_mod,LPT,LP,Wf+P24+P50,0.2516110065375533,-0.021817126465933923,-0.002276037693730304,471,326,253
LPT_flow_mod,LPT,LP,Wf+Ps30+P40,0.7848973842740178,0.19951653870849628,0.17069291711766776,471,326,253
LPT_flow_mod,LPT,LP,Wf+Ps30+P50,0.5640453739350648,0.172559400738316,0.11992373593108319,471,326,253
LPT_flow_mod,LPT,LP,Wf+P40+P50,0.7760779190688822,0.15715657844954,0.05006639895214415,471,326,253
LPT_flow_mod,LPT,LP,Nf+Nc+T24,0.7435791326540823,0.2081345895094796,0.1264862775301573,471,326,253
LPT_flow_mod,LPT,LP,Nf+Nc+T30,0.869254136998342,0.3414008463415005,0.24253255315116573,471,326,253
LPT_flow_mod,LPT,LP,Nf+Nc+T48,0.8655315492675492,0.3735438880273856,0.30804864774277874,471,326,253
LPT_flow_mod,LPT,LP,Nf+Nc+T50,0.8350748993722114,0.21396566404703854,0.08325997253192619,471,326,253
LPT_flow_mod,LPT,LP,Nf+Nc+P15,0.7187364409806227,0.15719456234868312,0.07143247589150636,471,326,253
LPT_flow_mod,LPT,LP,Nf+Nc+P21,0.6569920537558994,0.06400427269062647,-0.038260920353756056,471,326,253
LPT_flow_mod,LPT,LP,Nf+Nc+P24,0.7919432863517094,0.22298520346639528,0.14845161377671268,471,326,253
LPT_flow_mod,LPT,LP,Nf+Nc+Ps30,0.6891589783649537,0.4186123615748174,0.36798438160182334,471,326,253
LPT_flow_mod,LPT,LP,Nf+Nc+P40,0.6568451626027401,0.39013984575771554,0.37956492885826165,471,326,253
LPT_flow_mod,LPT,LP,Nf+Nc+P50,0.28963536233973325,0.31685893699304424,0.28116517050150525,471,326,253
LPT_flow_mod,LPT,LP,Nf+T24+T30,0.5758820666617392,0.19032282376362497,0.09628017848010617,471,326,253
LPT_flow_mod,LPT,LP,Nf+T24+T48,0.8075701374020661,-0.009043381035417797,-0.1455443536500456,471,326,253
LPT_flow_mod,LPT,LP,Nf+T24+T50,0.7953618732384248,0.18269053345849895,0.1351959937117846,471,326,253
LPT_flow_mod,LPT,LP,Nf+T24+P15,0.43086270422214634,0.022400295285521565,-0.06479390854968381,471,326,253
LPT_flow_mod,LPT,LP,Nf+T24+P21,0.43086270422325285,0.022582125980459278,-0.06479390855014677,471,326,253
LPT_flow_mod,LPT,LP,Nf+T24+P24,0.5769251182180442,0.06881283295479201,-0.0019245436131629656,471,326,253
LPT_flow_mod,LPT,LP,Nf+T24+Ps30,0.5286043309582454,-0.03203850866105151,-0.1979305409531842,471,326,253
LPT_flow_mod,LPT,LP,Nf+T24+P40,0.44640836082213947,0.028770452100005284,-0.08026835983967517,471,326,253
LPT_flow_mod,LPT,LP,Nf+T24+P50,0.5309904943895686,0.17477060664080735,0.10717402979415214,471,326,253
LPT_flow_mod,LPT,LP,Nf+T30+T48,0.817329405595224,0.3169988424686694,0.30681250724386244,471,326,253
LPT_flow_mod,LPT,LP,Nf+T30+T50,0.8329189156467179,0.5345924828098845,0.46145512899186747,471,326,253
LPT_flow_mod,LPT,LP,Nf+T30+P15,0.2599428835216112,-0.30860614998777214,-0.38241015789445876,471,326,253
LPT_flow_mod,LPT,LP,Nf+T30+P21,0.2599428835217393,-0.30852312058564646,-0.382410157892912,471,326,253
LPT_flow_mod,LPT,LP,Nf+T30+P24,0.342539789900576,0.019526906725626625,-0.03890822495247903,471,326,253
LPT_flow_mod,LPT,LP,Nf+T30+Ps30,0.6981001499483951,0.1201017944794246,-0.04191030891527081,471,326,253
LPT_flow_mod,LPT,LP,Nf+T30+P40,0.6532345579912142,0.22211732916510263,0.18233594542505815,471,326,253
LPT_flow_mod,LPT,LP,Nf+T30+P50,0.24851511355967945,-0.33819676021329514,-0.45375399512029824,471,326,253
LPT_flow_mod,LPT,LP,Nf+T48+T50,0.8842170023176745,0.14399903296123429,0.04991707913515864,471,326,253
LPT_flow_mod,LPT,LP,Nf+T48+P15,0.8362014523729642,0.08125345454488042,0.00813588196970605,471,326,253
LPT_flow_mod,LPT,LP,Nf+T48+P21,0.8039337460691683,0.10980479887958272,0.03824715983935645,471,326,253
LPT_flow_mod,LPT,LP,Nf+T48+P24,0.687682675664495,0.14684199116545749,0.056083587017853764,471,326,253
LPT_flow_mod,LPT,LP,Nf+T48+Ps30,0.8102200758493812,0.058654910149734785,-0.034604485659649464,471,326,253
LPT_flow_mod,LPT,LP,Nf+T48+P40,0.8147678470751414,0.2448499374063987,0.16972147584384567,471,326,253
LPT_flow_mod,LPT,LP,Nf+T48+P50,0.8140929176053978,0.19812340598768619,0.15659909299723085,471,326,253
LPT_flow_mod,LPT,LP,Nf+T50+P15,0.7335563819419895,0.2011866484549525,0.18047638818297174,471,326,253
LPT_flow_mod,LPT,LP,Nf+T50+P21,0.7335563819421084,0.20122893525551788,0.18047638818283895,471,326,253
LPT_flow_mod,LPT,LP,Nf+T50+P24,0.6601214794899143,0.23429462440997395,0.19897502798736555,471,326,253
LPT_flow_mod,LPT,LP,Nf+T50+Ps30,0.7489387582552859,0.21518145336093564,0.17966038246284544,471,326,253
LPT_flow_mod,LPT,LP,Nf+T50+P40,0.7724824898543595,0.1377015865766673,0.09232799483240306,471,326,253
LPT_flow_mod,LPT,LP,Nf+T50+P50,0.7322365545890889,-0.07368939433648003,-0.14917701288489238,471,326,253
LPT_flow_mod,LPT,LP,Nf+P15+P21,0.3540996965932698,0.1784932009772875,0.20386903859528105,471,326,253
LPT_flow_mod,LPT,LP,Nf+P15+P24,0.24443026788602065,0.05448473495691031,0.013897652464221366,471,326,253
LPT_flow_mod,LPT,LP,Nf+P15+Ps30,0.3726919336081928,0.11619328116572669,0.1001977861427582,471,326,253
LPT_flow_mod,LPT,LP,Nf+P15+P40,0.4781322700304119,0.042239289842560424,0.038851514993569314,471,326,253
LPT_flow_mod,LPT,LP,Nf+P15+P50,0.13090201544483906,0.07895058055702142,0.08988207077834998,471,326,253
LPT_flow_mod,LPT,LP,Nf+P21+P24,0.24443026788564737,0.05445819765377824,0.013897652462538934,471,326,253
LPT_flow_mod,LPT,LP,Nf+P21+Ps30,0.3726919336102955,0.11620789640826201,0.10019778614193642,471,326,253
LPT_flow_mod,LPT,LP,Nf+P21+P40,0.4781322700308583,0.04223662067737022,0.03885151499311712,471,326,253
LPT_flow_mod,LPT,LP,Nf+P21+P50,0.13090201544442118,0.07855941570607405,0.08988207077791377,471,326,253
LPT_flow_mod,LPT,LP,Nf+P24+Ps30,0.34217757650727937,0.0495736416144692,0.016577337904413292,471,326,253
LPT_flow_mod,LPT,LP,Nf+P24+P40,0.3706890474197457,0.13238326542386591,0.020633345581097973,471,326,253
LPT_flow_mod,LPT,LP,Nf+P24+P50,0.25519820802320287,0.16467867573835437,0.14833601492044923,471,326,253
LPT_flow_mod,LPT,LP,Nf+Ps30+P40,0.420814648335493,0.2514954125776221,0.2706043994656644,471,326,253
LPT_flow_mod,LPT,LP,Nf+Ps30+P50,0.19417103186183127,-0.0287402343194072,0.0716435494843497,471,326,253
LPT_flow_mod,LPT,LP,Nf+P40+P50,0.20670808388794498,-0.32581322684608005,-0.2097279554825875,471,326,253
LPT_flow_mod,LPT,LP,Nc+T24+T30,0.7942307416586766,0.40916526868034364,0.357498460408739,471,326,253
LPT_flow_mod,LPT,LP,Nc+T24+T48,0.8082850043603277,0.327529181493063,0.22749246868711692,471,326,253
LPT_flow_mod,LPT,LP,Nc+T24+T50,0.7909848872702755,0.44668460289935363,0.37315085687649674,471,326,253
LPT_flow_mod,LPT,LP,Nc+T24+P15,0.5495765909808116,0.34896985945384595,0.29050246781022593,471,326,253
LPT_flow_mod,LPT,LP,Nc+T24+P21,0.49946438440033336,0.37613463049943774,0.32449053865446076,471,326,253
LPT_flow_mod,LPT,LP,Nc+T24+P24,0.6913938326823494,0.2066078678301424,0.17192927515856538,471,326,253
LPT_flow_mod,LPT,LP,Nc+T24+Ps30,0.7176041617154949,-0.055378783258287934,-0.06634560778541099,471,326,253
LPT_flow_mod,LPT,LP,Nc+T24+P40,0.7972114757365093,0.03171713698270351,0.06304907738536147,471,326,253
LPT_flow_mod,LPT,LP,Nc+T24+P50,0.6051437460114697,0.41825898708521125,0.3771657214312284,471,326,253
LPT_flow_mod,LPT,LP,Nc+T30+T48,0.8884656320697928,0.6003939891054674,0.5522978335092374,471,326,253
LPT_flow_mod,LPT,LP,Nc+T30+T50,0.9302782268546481,0.5352811798981345,0.48308570008778795,471,326,253
LPT_flow_mod,LPT,LP,Nc+T30+P15,0.7246032877214473,0.3146567956147095,0.2819467868201284,471,326,253
LPT_flow_mod,LPT,LP,Nc+T30+P21,0.7246032877213501,0.314723020154421,0.2819467868199035,471,326,253
LPT_flow_mod,LPT,LP,Nc+T30+P24,0.732878509488704,0.350568188893562,0.31436158905135325,471,326,253
LPT_flow_mod,LPT,LP,Nc+T30+Ps30,0.7663570329178206,0.29731131193772886,0.2719094924922232,471,326,253
LPT_flow_mod,LPT,LP,Nc+T30+P40,0.6976768439457137,0.3220219392576009,0.3054450036418268,471,326,253
LPT_flow_mod,LPT,LP,Nc+T30+P50,0.7487059045051903,0.34383091982172165,0.2515958280073174,471,326,253
LPT_flow_mod,LPT,LP,Nc+T48+T50,0.9340289555672074,0.27922582210603075,0.18298140211461844,471,326,253
LPT_flow_mod,LPT,LP,Nc+T48+P15,0.711543659460376,0.23608660562392747,0.18652049073089727,471,326,253
LPT_flow_mod,LPT,LP,Nc+T48+P21,0.7115436594606103,0.23607703484614417,0.18652049073045862,471,326,253
LPT_flow_mod,LPT,LP,Nc+T48+P24,0.7216101721914311,0.18093594634707066,0.20197874740214017,471,326,253
LPT_flow_mod,LPT,LP,Nc+T48+Ps30,0.7461174678023802,0.1590324364142628,0.25434271370085504,471,326,253
LPT_flow_mod,LPT,LP,Nc+T48+P40,0.6654499306555302,0.03176298019531454,0.01591282837186736,471,326,253
LPT_flow_mod,LPT,LP,Nc+T48+P50,0.7355784646037685,0.08954800395009199,0.02067363286651458,471,326,253
LPT_flow_mod,LPT,LP,Nc+T50+P15,0.7270078511921595,0.004953183302788489,0.014204838222348304,471,326,253
LPT_flow_mod,LPT,LP,Nc+T50+P21,0.7270078511927529,0.005050203916016738,0.014204838221819838,471,326,253
LPT_flow_mod,LPT,LP,Nc+T50+P24,0.9232203456093772,0.2613989612623474,0.17061152031784999,471,326,253
LPT_flow_mod,LPT,LP,Nc+T50+Ps30,0.7663421490602208,0.24586616454328425,0.24462038415212106,471,326,253
LPT_flow_mod,LPT,LP,Nc+T50+P40,0.7088490694380077,0.12366582149425309,0.1025390592922063,471,326,253
LPT_flow_mod,LPT,LP,Nc+T50+P50,0.8032634397869286,0.10611596651956501,0.034443475567573545,471,326,253
LPT_flow_mod,LPT,LP,Nc+P15+P21,0.5842174350767555,-0.11084107172789937,-0.2361347094406676,471,326,253
LPT_flow_mod,LPT,LP,Nc+P15+P24,0.5395962497245537,-0.27521375517549984,-0.5162238274266826,471,326,253
LPT_flow_mod,LPT,LP,Nc+P15+Ps30,0.7330355108692528,0.34233399250170604,0.2744332688825416,471,326,253
LPT_flow_mod,LPT,LP,Nc+P15+P40,0.717075162605209,0.3938957680249293,0.34746601952839506,471,326,253
LPT_flow_mod,LPT,LP,Nc+P15+P50,0.49884518196785493,-0.2655926764139762,-0.33830722128756063,471,326,253
LPT_flow_mod,LPT,LP,Nc+P21+P24,0.5395962497251332,-0.27529150746608533,-0.5162238274250872,471,326,253
LPT_flow_mod,LPT,LP,Nc+P21+Ps30,0.7330355108695282,0.3422755021790983,0.27443326888288133,471,326,253
LPT_flow_mod,LPT,LP,Nc+P21+P40,0.7170751626051001,0.39388395674227694,0.3474660195283624,471,326,253
LPT_flow_mod,LPT,LP,Nc+P21+P50,0.4988451819680468,-0.26546729901963495,-0.33830722128657675,471,326,253
LPT_flow_mod,LPT,LP,Nc+P24+Ps30,0.6544745144665758,0.38308540182580075,0.3144496824805705,471,326,253
LPT_flow_mod,LPT,LP,Nc+P24+P40,0.5782631191495747,0.3452419267866811,0.3411269161218734,471,326,253
LPT_flow_mod,LPT,LP,Nc+P24+P50,0.7145846872625088,-0.07015272068252165,-0.12032292182506632,471,326,253
LPT_flow_mod,LPT,LP,Nc+Ps30+P40,0.759108885486291,0.44286283068406784,0.3830839907736293,471,326,253
LPT_flow_mod,LPT,LP,Nc+Ps30+P50,0.707825205051283,0.45685594952381847,0.4719077695543804,471,326,253
LPT_flow_mod,LPT,LP,Nc+P40+P50,0.6921729654729203,0.47683164423327995,0.42091336758735154,471,326,253
LPT_flow_mod,LPT,LP,T24+T30+T48,0.6551641617784056,0.5882387752333444,0.5293967621787019,471,326,253
LPT_flow_mod,LPT,LP,T24+T30+T50,0.8639010010660642,0.46605491607829563,0.446358988947829,471,326,253
LPT_flow_mod,LPT,LP,T24+T30+P15,0.431451126546946,0.021777262110314388,0.07259723747550972,471,326,253
LPT_flow_mod,LPT,LP,T24+T30+P21,0.4314511265463376,0.021935203910674606,0.07259723747553815,471,326,253
LPT_flow_mod,LPT,LP,T24+T30+P24,0.7030028493949961,-0.0036611083490352136,0.04278517563884621,471,326,253
LPT_flow_mod,LPT,LP,T24+T30+Ps30,0.7651007673967768,0.14720225780452512,0.1000724662931024,471,326,253
LPT_flow_mod,LPT,LP,T24+T30+P40,0.4611132597191321,0.33557533354462543,0.32334299707659786,471,326,253
LPT_flow_mod,LPT,LP,T24+T30+P50,0.41930724652798645,0.17499018611019945,0.08854321981194369,471,326,253
LPT_flow_mod,LPT,LP,T24+T48+T50,0.8869539575695004,0.20935924082996582,0.13705614481797712,471,326,253
LPT_flow_mod,LPT,LP,T24+T48+P15,0.8298223666655106,0.13971023161375007,0.09229604832973837,471,326,253
LPT_flow_mod,LPT,LP,T24+T48+P21,0.8298223666652887,0.13975603717317575,0.09229604832940541,471,326,253
LPT_flow_mod,LPT,LP,T24+T48+P24,0.743142884707547,0.004267734699438197,-0.008504838089841149,471,326,253
LPT_flow_mod,LPT,LP,T24+T48+Ps30,0.7618321802812618,0.0025038121109294265,-0.08870484624568142,471,326,253
LPT_flow_mod,LPT,LP,T24+T48+P40,0.8693362966970584,-0.00474505141655257,-0.08535224247654272,471,326,253
LPT_flow_mod,LPT,LP,T24+T48+P50,0.8299195136759865,0.014478532285679968,-0.10315900372725673,471,326,253
LPT_flow_mod,LPT,LP,T24+T50+P15,0.7843965443699179,0.061428553935032104,0.03361955459338084,471,326,253
LPT_flow_mod,LPT,LP,T24+T50+P21,0.7843965443697754,0.06150577621341535,0.03361955459341903,471,326,253
LPT_flow_mod,LPT,LP,T24+T50+P24,0.7526831481700799,0.21824121943803498,0.14059691975917776,471,326,253
LPT_flow_mod,LPT,LP,T24+T50+Ps30,0.6915321957255495,0.077652128738539,0.02920996771500939,471,326,253
LPT_flow_mod,LPT,LP,T24+T50+P40,0.6911414201388608,0.06983456361485829,0.0812058371781419,471,326,253
LPT_flow_mod,LPT,LP,T24+T50+P50,0.7300489113080667,0.14602707675611304,0.08949240322022256,471,326,253
LPT_flow_mod,LPT,LP,T24+P15+P21,0.6493040833527541,-0.0629349070091787,-0.2035404190226715,471,326,253
LPT_flow_mod,LPT,LP,T24+P15+P24,0.6555266473504109,0.05330855129207457,-0.054181410466126456,471,326,253
LPT_flow_mod,LPT,LP,T24+P15+Ps30,0.5244997164566941,0.10116912564630531,-0.03446434205155713,471,326,253
LPT_flow_mod,LPT,LP,T24+P15+P40,0.5483740892475267,0.22069195884995407,0.10475708346339618,471,326,253
LPT_flow_mod,LPT,LP,T24+P15+P50,0.5633912303163899,0.11808977068284943,0.03983333411815948,471,326,253
LPT_flow_mod,LPT,LP,T24+P21+P24,0.6555266473500881,0.05320949269421604,-0.054181410466386914,471,326,253
LPT_flow_mod,LPT,LP,T24+P21+Ps30,0.5244997164560659,0.10118572932217551,-0.03446434205162774,471,326,253
LPT_flow_mod,LPT,LP,T24+P21+P40,0.5483740892462529,0.22067250442878827,0.104757083463353,471,326,253
LPT_flow_mod,LPT,LP,T24+P21+P50,0.563391230315934,0.11803287013084085,0.03983333411896095,471,326,253
LPT_flow_mod,LPT,LP,T24+P24+Ps30,0.35520798569709994,-0.013014376873357936,-0.16383534333172145,471,326,253
LPT_flow_mod,LPT,LP,T24+P24+P40,0.5172347078856332,0.12072037078369446,0.08969081287121594,471,326,253
LPT_flow_mod,LPT,LP,T24+P24+P50,0.5151273215791644,0.09978054580133877,0.03500231148677835,471,326,253
LPT_flow_mod,LPT,LP,T24+Ps30+P40,0.689107828869022,0.05343147338960419,-0.04662279029153393,471,326,253
LPT_flow_mod,LPT,LP,T24+Ps30+P50,0.5038212844159987,0.20897573293798322,0.12854491140857172,471,326,253
LPT_flow_mod,LPT,LP,T24+P40+P50,0.5252359185270181,0.13113595884893525,0.108446795460592,471,326,253
LPT_flow_mod,LPT,LP,T30+T48+T50,0.9097721934520058,0.38701625084987223,0.28133552219421853,471,326,253
LPT_flow_mod,LPT,LP,T30+T48+P15,0.9080724781139429,0.4534261306014319,0.42308853274868996,471,326,253
LPT_flow_mod,LPT,LP,T30+T48+P21,0.9080724781144781,0.45346468836917553,0.42308853274801106,471,326,253
LPT_flow_mod,LPT,LP,T30+T48+P24,0.7352008718963796,0.1177030800116261,0.021766357106818846,471,326,253
LPT_flow_mod,LPT,LP,T30+T48+Ps30,0.6656816831014757,0.4919632132212425,0.43127530414791926,471,326,253
LPT_flow_mod,LPT,LP,T30+T48+P40,0.8278629925122175,0.2838048007033145,0.22711239307006426,471,326,253
LPT_flow_mod,LPT,LP,T30+T48+P50,0.8519991580999584,0.3561229854627228,0.29753446219207114,471,326,253
LPT_flow_mod,LPT,LP,T30+T50+P15,0.7467032724615036,-0.09118386113280974,-0.10567217391951833,471,326,253
LPT_flow_mod,LPT,LP,T30+T50+P21,0.7467032724625601,-0.09123160179163547,-0.10567217392013517,471,326,253
LPT_flow_mod,LPT,LP,T30+T50+P24,0.6963443065361841,0.27912985581684246,0.2694823649106781,471,326,253
LPT_flow_mod,LPT,LP,T30+T50+Ps30,0.8050570585380792,0.3214670754647496,0.3320166537007029,471,326,253
LPT_flow_mod,LPT,LP,T30+T50+P40,0.5643815582217757,0.2077356464336103,0.24742718684029763,471,326,253
LPT_flow_mod,LPT,LP,T30+T50+P50,0.8074561930595222,0.31518250646583934,0.2630687946497706,471,326,253
LPT_flow_mod,LPT,LP,T30+P15+P21,0.4371987036879273,-0.4725296006133366,-0.535452230012258,471,326,253
LPT_flow_mod,LPT,LP,T30+P15+P24,0.4933740225203155,-0.6580056457675385,-0.7709154072146154,471,326,253
LPT_flow_mod,LPT,LP,T30+P15+Ps30,0.5953998093364433,-0.12555982635368124,-0.1717848805047626,471,326,253
LPT_flow_mod,LPT,LP,T30+P15+P40,0.41609763044463477,-0.30093729898153554,-0.3326628477402296,471,326,253
LPT_flow_mod,LPT,LP,T30+P15+P50,0.5098942978864808,-0.49817833361669317,-0.5140901933790187,471,326,253
LPT_flow_mod,LPT,LP,T30+P21+P24,0.4933740225197755,-0.6577986129184028,-0.7709154072131881,471,326,253
LPT_flow_mod,LPT,LP,T30+P21+Ps30,0.5953998093368272,-0.125777662095651,-0.1717848805050084,471,326,253
LPT_flow_mod,LPT,LP,T30+P21+P40,0.4160976304443708,-0.30101991305016407,-0.33266284774059396,471,326,253
LPT_flow_mod,LPT,LP,T30+P21+P50,0.5098942978856866,-0.4981023343861637,-0.5140901933733077,471,326,253
LPT_flow_mod,LPT,LP,T30+P24+Ps30,0.4619341303405485,0.20389488228323183,0.13871210770343245,471,326,253
LPT_flow_mod,LPT,LP,T30+P24+P40,0.5410383183000338,0.13298754430830595,0.12547188146815003,471,326,253
LPT_flow_mod,LPT,LP,T30+P24+P50,0.5269377611781884,-0.18324424225832137,-0.2815438637107728,471,326,253
LPT_flow_mod,LPT,LP,T30+Ps30+P40,0.46599116659895656,-0.028457609147114038,-0.08902896919246417,471,326,253
LPT_flow_mod,LPT,LP,T30+Ps30+P50,0.48957499054191483,0.2964561509156004,0.2815341006715454,471,326,253
LPT_flow_mod,LPT,LP,T30+P40+P50,0.6216770284308916,0.2843072190415753,0.29049339433845034,471,326,253
LPT_flow_mod,LPT,LP,T48+T50+P15,0.9080852909665976,0.08834409041345637,0.08362734056377763,471,326,253
LPT_flow_mod,LPT,LP,T48+T50+P21,0.9080852909669218,0.0884623837264541,0.08362734056355192,471,326,253
LPT_flow_mod,LPT,LP,T48+T50+P24,0.8878024736030685,0.041887534735862375,0.01741905141181055,471,326,253
LPT_flow_mod,LPT,LP,T48+T50+Ps30,0.8469466864479315,0.1643904663100495,0.13295995791564597,471,326,253
LPT_flow_mod,LPT,LP,T48+T50+P40,0.9156721540237064,0.10244804753592662,0.05425543355865203,471,326,253
LPT_flow_mod,LPT,LP,T48+T50+P50,0.8245484279779566,0.0776475605929331,0.018169708216879354,471,326,253
LPT_flow_mod,LPT,LP,T48+P15+P21,0.8469179783770325,0.08823328967542132,-0.015726897385643923,471,326,253
LPT_flow_mod,LPT,LP,T48+P15+P24,0.8545300136980952,0.10480178281517838,0.019828844207057994,471,326,253
LPT_flow_mod,LPT,LP,T48+P15+Ps30,0.8043569100184991,0.2127387371392746,0.26498020878219175,471,326,253
LPT_flow_mod,LPT,LP,T48+P15+P40,0.8253427919928937,0.18308007821489725,0.16375418561128907,471,326,253
LPT_flow_mod,LPT,LP,T48+P15+P50,0.7896531021993163,0.1849569574717418,0.2903226396674756,471,326,253
LPT_flow_mod,LPT,LP,T48+P21+P24,0.8545300136984098,0.10472487468835101,0.019828844206939644,471,326,253
LPT_flow_mod,LPT,LP,T48+P21+Ps30,0.8043569100188546,0.2125271786509656,0.2649802087818227,471,326,253
LPT_flow_mod,LPT,LP,T48+P21+P40,0.8253427919932914,0.1829874810160731,0.16375418561117627,471,326,253
LPT_flow_mod,LPT,LP,T48+P21+P50,0.7896531021989405,0.18483722703921612,0.29032263966905225,471,326,253
LPT_flow_mod,LPT,LP,T48+P24+Ps30,0.8314175580328931,0.10641126906736476,0.13767575895870798,471,326,253
LPT_flow_mod,LPT,LP,T48+P24+P40,0.6491433891859815,0.1932635512785421,0.23764755039387808,471,326,253
LPT_flow_mod,LPT,LP,T48+P24+P50,0.6685392507553392,0.162916305723242,0.1382730290646843,471,326,253
LPT_flow_mod,LPT,LP,T48+Ps30+P40,0.9346851676234189,0.12727556304776022,0.062311366206645236,471,326,253
LPT_flow_mod,LPT,LP,T48+Ps30+P50,0.7744966035845333,0.14236828068767515,0.10703974749701761,471,326,253
LPT_flow_mod,LPT,LP,T48+P40+P50,0.7014795091986663,0.20693419888430842,0.22850412237426043,471,326,253
LPT_flow_mod,LPT,LP,T50+P15+P21,0.9582754129161236,0.21551201933765485,0.1106430223452497,471,326,253
LPT_flow_mod,LPT,LP,T50+P15+P24,0.8434398126643649,0.15253907775233078,0.03826478765318353,471,326,253
LPT_flow_mod,LPT,LP,T50+P15+Ps30,0.8496799069958474,0.13551294836764105,0.07373025560326485,471,326,253
LPT_flow_mod,LPT,LP,T50+P15+P40,0.8902764468602611,0.31331535095931373,0.3037625602179118,471,326,253
LPT_flow_mod,LPT,LP,T50+P15+P50,0.8859543830861288,0.25119699525727024,0.24728201106478231,471,326,253
LPT_flow_mod,LPT,LP,T50+P21+P24,0.8434398126655915,0.1523598452961471,0.03826478765246144,471,326,253
LPT_flow_mod,LPT,LP,T50+P21+Ps30,0.8496799069964552,0.1354652894648588,0.07373025560262625,471,326,253
LPT_flow_mod,LPT,LP,T50+P21+P40,0.890276446860493,0.31320565848579296,0.3037625602174957,471,326,253
LPT_flow_mod,LPT,LP,T50+P21+P50,0.8859543830863249,0.2511393350780493,0.2472820110646814,471,326,253
LPT_flow_mod,LPT,LP,T50+P24+Ps30,0.7406119757552059,0.1485144428195797,0.13301240088976252,471,326,253
LPT_flow_mod,LPT,LP,T50+P24+P40,0.8136272073147383,0.19176523597507777,0.16969407694022698,471,326,253
LPT_flow_mod,LPT,LP,T50+P24+P50,0.7911010496669197,0.20188499440589414,0.2304596830532598,471,326,253
LPT_flow_mod,LPT,LP,T50+Ps30+P40,0.8871723596456389,0.12091336981697465,0.1102054381231462,471,326,253
LPT_flow_mod,LPT,LP,T50+Ps30+P50,0.8421629527756581,0.3240053859316382,0.2737888388344514,471,326,253
LPT_flow_mod,LPT,LP,T50+P40+P50,0.7500197841925127,0.2897272908677272,0.273162932309877,471,326,253
LPT_flow_mod,LPT,LP,P15+P21+P24,0.42397630087987614,0.09465062549348324,0.039874720550331366,471,326,253
LPT_flow_mod,LPT,LP,P15+P21+Ps30,0.3215787390332035,-0.04626750233290733,-0.11615966542133105,471,326,253
LPT_flow_mod,LPT,LP,P15+P21+P40,0.23521285408352655,-0.02402204547495601,-0.06601932646383446,471,326,253
LPT_flow_mod,LPT,LP,P15+P21+P50,0.007268934180079682,-0.027450171163089232,-0.04383322116420296,471,326,253
LPT_flow_mod,LPT,LP,P15+P24+Ps30,0.5231736028785123,-0.022419256486835737,-0.11293690864739392,471,326,253
LPT_flow_mod,LPT,LP,P15+P24+P40,0.48375953890430806,0.03317856374696848,-0.0012481605961223163,471,326,253
LPT_flow_mod,LPT,LP,P15+P24+P50,0.2589817886626535,-0.1689944245830859,-0.18533194427718325,471,326,253
LPT_flow_mod,LPT,LP,P15+Ps30+P40,0.5413814627093593,0.25621272415302343,0.22320520241565678,471,326,253
LPT_flow_mod,LPT,LP,P15+Ps30+P50,0.5191140969487283,0.12653657897658588,0.10312173641999511,471,326,253
LPT_flow_mod,LPT,LP,P15+P40+P50,0.45334626715023874,-0.08546622971134221,-0.06377719644990032,471,326,253
LPT_flow_mod,LPT,LP,P21+P24+Ps30,0.4022836306836995,-0.054042513281555404,-0.13646619153746875,471,326,253
LPT_flow_mod,LPT,LP,P21+P24+P40,0.5093351225188372,0.016287524046250668,0.01822938031914345,471,326,253
LPT_flow_mod,LPT,LP,P21+P24+P50,0.25898178866364907,-0.1687074098760608,-0.18533194427720479,471,326,253
LPT_flow_mod,LPT,LP,P21+Ps30+P40,0.5413814627099746,0.25618249333516785,0.22320520241512198,471,326,253
LPT_flow_mod,LPT,LP,P21+Ps30+P50,0.5191140969500594,0.12663362366561315,0.10312173641970646,471,326,253
LPT_flow_mod,LPT,LP,P21+P40+P50,0.4533462671512433,-0.08554547102931642,-0.06377719645052915,471,326,253
LPT_flow_mod,LPT,LP,P24+Ps30+P40,0.581165675350768,0.10362003053990776,0.032539815185542276,471,326,253
LPT_flow_mod,LPT,LP,P24+Ps30+P50,0.5690686713767731,0.17824624436745506,0.15580005346433135,471,326,253
LPT_flow_mod,LPT,LP,P24+P40+P50,0.5098200167941994,0.2254935624840968,0.14989457465672917,471,326,253
LPT_flow_mod,LPT,LP,Ps30+P40+P50,0.4489689706862623,0.08874922020732146,0.15512648990818967,471,326,253
